filename,true_class,predicted_class,correct,top1_similarity,top2_similarity,margin,top1_class,top2_class,top3_class,top3_similarity,top4_class,top4_similarity,top5_class,top5_similarity,top6_class,top6_similarity,top7_class,top7_similarity,top8_class,top8_similarity,top9_class,top9_similarity,top10_class,top10_similarity
1-100032-A-0.wav,dog,dog,True,0.5588122606277466,0.45304036140441895,0.10577189922332764,dog,rooster,hen,0.39498868584632874,frog,0.3790905475616455,crow,0.30623704195022583,cat,0.2883613705635071,chirping_birds,0.26575106382369995,cow,0.2640147805213928,insects,0.239456444978714,sea_waves,0.22480955719947815
1-100038-A-14.wav,chirping_birds,chirping_birds,True,0.2677096426486969,0.23349112272262573,0.03421851992607117,chirping_birds,hen,crow,0.15821292996406555,cat,0.09755893051624298,dog,0.08554892241954803,sheep,0.06760235130786896,crying_baby,0.04065170884132385,clapping,0.03977018967270851,can_opening,0.03861185535788536,cow,0.025311890989542007
1-100210-A-36.wav,vacuum_cleaner,vacuum_cleaner,True,0.5021180510520935,0.28721776604652405,0.21490028500556946,vacuum_cleaner,hand_saw,washing_machine,0.28472453355789185,brushing_teeth,0.26241469383239746,engine,0.21186257898807526,dog,0.16694346070289612,chainsaw,0.1468736231327057,cat,0.11898145824670792,rain,0.11031363904476166,crying_baby,0.10203665494918823
1-100210-B-36.wav,vacuum_cleaner,vacuum_cleaner,True,0.5720036029815674,0.35163748264312744,0.22036612033843994,vacuum_cleaner,washing_machine,hand_saw,0.29103371500968933,engine,0.2762441635131836,brushing_teeth,0.26208657026290894,cat,0.21811407804489136,dog,0.20709218084812164,chainsaw,0.19780699908733368,airplane,0.18324708938598633,crying_baby,0.17198756337165833
1-101296-A-19.wav,thunderstorm,thunderstorm,True,0.6013896465301514,0.3941381573677063,0.20725148916244507,thunderstorm,fireworks,rain,0.3301621675491333,wind,0.32912617921829224,cow,0.2764345407485962,airplane,0.27211010456085205,rooster,0.25523868203163147,insects,0.24585750699043274,crow,0.21760933101177216,crackling_fire,0.21734076738357544
1-101296-B-19.wav,thunderstorm,thunderstorm,True,0.588618814945221,0.4184580445289612,0.17016077041625977,thunderstorm,fireworks,rain,0.3152286410331726,wind,0.3024411201477051,insects,0.2788906693458557,rooster,0.2681686282157898,crackling_fire,0.24911554157733917,airplane,0.24892514944076538,crickets,0.2371288537979126,cow,0.23476286232471466
1-101336-A-30.wav,door_wood_knock,door_wood_knock,True,0.6364648938179016,0.436881959438324,0.19958293437957764,door_wood_knock,door_wood_creaks,rooster,0.3043784499168396,clock_tick,0.28153735399246216,clock_alarm,0.22559794783592224,frog,0.2109861671924591,footsteps,0.19726988673210144,hen,0.19591474533081055,helicopter,0.1855228692293167,engine,0.1821121871471405
1-101404-A-34.wav,can_opening,can_opening,True,0.6091331243515015,0.16324296593666077,0.4458901584148407,can_opening,drinking_sipping,pouring_water,0.13502630591392517,crackling_fire,0.11000882089138031,vacuum_cleaner,0.10984567552804947,water_drops,0.0998094230890274,brushing_teeth,0.07880568504333496,rain,0.05931702256202698,clapping,0.04728630185127258,fireworks,0.04347217455506325
1-103298-A-9.wav,crow,crow,True,0.555176854133606,0.2614719867706299,0.2937048673629761,crow,rooster,cow,0.258661687374115,pig,0.23951789736747742,sheep,0.2176441252231598,chainsaw,0.2015605866909027,cat,0.18979452550411224,airplane,0.1802443265914917,hen,0.17725998163223267,church_bells,0.17652057111263275
1-103995-A-30.wav,door_wood_knock,door_wood_knock,True,0.6279215812683105,0.4455040991306305,0.18241748213768005,door_wood_knock,door_wood_creaks,frog,0.35452762246131897,rooster,0.29781755805015564,hen,0.25729674100875854,clock_tick,0.2366495579481125,clock_alarm,0.23438364267349243,chirping_birds,0.18523716926574707,engine,0.18323752284049988,water_drops,0.16761280596256256
1-103999-A-30.wav,door_wood_knock,door_wood_knock,True,0.6063879728317261,0.43154406547546387,0.1748439073562622,door_wood_knock,door_wood_creaks,frog,0.349016398191452,rooster,0.2854919135570526,hen,0.2607358992099762,clock_alarm,0.25056105852127075,clock_tick,0.24291199445724487,engine,0.19278927147388458,washing_machine,0.13521473109722137,chirping_birds,0.13243374228477478
1-104089-A-22.wav,clapping,clapping,True,0.5174353718757629,0.18248261511325836,0.3349527567625046,clapping,cat,laughing,0.1732100248336792,crying_baby,0.13724961876869202,brushing_teeth,0.13474425673484802,hen,0.13427898287773132,door_wood_knock,0.12518176436424255,rain,0.10396258533000946,coughing,0.09310910105705261,frog,0.08365041017532349
1-104089-B-22.wav,clapping,clapping,True,0.5082752108573914,0.23235926032066345,0.2759159505367279,clapping,cat,siren,0.21350720524787903,rooster,0.17269815504550934,crying_baby,0.17258086800575256,laughing,0.17195531725883484,door_wood_knock,0.15297403931617737,sea_waves,0.14565621316432953,frog,0.12282224744558334,clock_tick,0.1168246790766716
1-105224-A-22.wav,clapping,clapping,True,0.47308528423309326,0.19858711957931519,0.2744981646537781,clapping,cat,laughing,0.16838979721069336,siren,0.15981464087963104,crying_baby,0.15074825286865234,door_wood_creaks,0.1314873844385147,rooster,0.11668919026851654,door_wood_knock,0.10988129675388336,frog,0.099341481924057,crackling_fire,0.08626514673233032
1-110389-A-0.wav,dog,dog,True,0.542554497718811,0.41786178946495056,0.12469270825386047,dog,rooster,crow,0.28217798471450806,hen,0.28101104497909546,cow,0.27553361654281616,insects,0.21855497360229492,crickets,0.2060694694519043,frog,0.2053259015083313,chirping_birds,0.20210376381874084,train,0.19126661121845245
1-110537-A-22.wav,clapping,clapping,True,0.4009392261505127,0.14015260338783264,0.26078662276268005,clapping,cat,clock_tick,0.13909617066383362,rain,0.13429142534732819,brushing_teeth,0.10570120811462402,crackling_fire,0.10368954390287399,crying_baby,0.09936981648206711,rooster,0.09731439501047134,siren,0.08951081335544586,sea_waves,0.07790045440196991
1-115521-A-19.wav,thunderstorm,thunderstorm,True,0.5283082723617554,0.36204153299331665,0.16626673936843872,thunderstorm,fireworks,wind,0.32577237486839294,crow,0.23725000023841858,rain,0.2338581085205078,engine,0.2317746877670288,crackling_fire,0.22745054960250854,rooster,0.19919200241565704,airplane,0.18893621861934662,train,0.1848367154598236
1-115545-A-48.wav,fireworks,fireworks,True,0.5108301043510437,0.3338596522808075,0.1769704520702362,fireworks,thunderstorm,crackling_fire,0.22272196412086487,train,0.20928962528705597,airplane,0.2006593942642212,helicopter,0.1906043291091919,wind,0.18773894011974335,crow,0.16256746649742126,hen,0.15515032410621643,church_bells,0.12145833671092987
1-115545-B-48.wav,fireworks,fireworks,True,0.4535369575023651,0.15211814641952515,0.30141881108283997,fireworks,helicopter,church_bells,0.1335446536540985,crow,0.10093897581100464,hen,0.07996512949466705,train,0.0722770169377327,airplane,0.06570637971162796,thunderstorm,0.0649881511926651,footsteps,0.06134682148694992,cow,0.04093091934919357
1-115545-C-48.wav,fireworks,fireworks,True,0.48118361830711365,0.14913874864578247,0.3320448696613312,fireworks,helicopter,crow,0.14836309850215912,church_bells,0.14531444013118744,thunderstorm,0.14262446761131287,airplane,0.13070863485336304,hen,0.12432022392749786,train,0.11265318095684052,cow,0.08866675198078156,crackling_fire,0.08526723086833954
1-115546-A-48.wav,fireworks,fireworks,True,0.548533022403717,0.23823662102222443,0.3102964013814926,fireworks,helicopter,airplane,0.22375579178333282,thunderstorm,0.22328025102615356,crow,0.2232232242822647,church_bells,0.1571129858493805,footsteps,0.14753523468971252,train,0.13346734642982483,crackling_fire,0.1324864625930786,hen,0.1175684779882431
1-115920-A-22.wav,clapping,clapping,True,0.4320143461227417,0.15547648072242737,0.27653786540031433,clapping,cat,brushing_teeth,0.14430321753025055,crying_baby,0.11005626618862152,siren,0.0972931981086731,rooster,0.09109681844711304,hen,0.08839526772499084,door_wood_knock,0.0854443609714508,laughing,0.0839160829782486,frog,0.08152893930673599
1-115920-B-22.wav,clapping,clapping,True,0.4013819694519043,0.15716172754764557,0.24422024190425873,clapping,cat,laughing,0.1057547777891159,siren,0.07794773578643799,door_wood_creaks,0.06586739420890808,door_wood_knock,0.06316406279802322,dog,0.060420796275138855,brushing_teeth,0.05139995366334915,crying_baby,0.041625186800956726,vacuum_cleaner,0.03383951634168625
1-115921-A-22.wav,clapping,clapping,True,0.4274540841579437,0.19377411901950836,0.23367996513843536,clapping,cat,laughing,0.12345317751169205,brushing_teeth,0.11771342158317566,crying_baby,0.11283476650714874,dog,0.08747625350952148,door_wood_creaks,0.08201022446155548,siren,0.06466548889875412,door_wood_knock,0.04974948987364769,hen,0.04691892862319946
1-116765-A-41.wav,chainsaw,chainsaw,True,0.6013859510421753,0.4686164855957031,0.13276946544647217,chainsaw,hand_saw,sheep,0.296203076839447,cow,0.2740325331687927,vacuum_cleaner,0.2311493158340454,crying_baby,0.19881685078144073,rooster,0.19570478796958923,crow,0.18538430333137512,brushing_teeth,0.14372216165065765,engine,0.12383034825325012
1-11687-A-47.wav,airplane,airplane,True,0.5069172382354736,0.27820542454719543,0.2287118136882782,airplane,helicopter,train,0.26535236835479736,vacuum_cleaner,0.2597646117210388,thunderstorm,0.25475889444351196,engine,0.22950643301010132,wind,0.2179557830095291,hand_saw,0.17062577605247498,rooster,0.15016743540763855,washing_machine,0.13372264802455902
1-118206-A-31.wav,mouse_click,mouse_click,True,0.39073556661605835,0.3615756928920746,0.029159873723983765,mouse_click,water_drops,keyboard_typing,0.3048180937767029,chirping_birds,0.24814677238464355,airplane,0.23424050211906433,insects,0.2255365252494812,wind,0.2239285111427307,rain,0.22200685739517212,clock_tick,0.21512414515018463,footsteps,0.20964550971984863
1-118559-A-17.wav,pouring_water,pouring_water,True,0.4321727156639099,0.35428908467292786,0.07788363099098206,pouring_water,brushing_teeth,drinking_sipping,0.33596253395080566,toilet_flush,0.19738326966762543,can_opening,0.15385740995407104,water_drops,0.15100835263729095,washing_machine,0.14458858966827393,crying_baby,0.13616278767585754,sneezing,0.10712463408708572,dog,0.10443542152643204
1-119125-A-45.wav,train,train,True,0.635616660118103,0.3357906639575958,0.2998259961605072,train,engine,airplane,0.3086085319519043,washing_machine,0.29397547245025635,wind,0.26096227765083313,coughing,0.2552974224090576,crickets,0.2342492640018463,chirping_birds,0.2326352596282959,thunderstorm,0.23252101242542267,helicopter,0.22468531131744385
1-121951-A-8.wav,sheep,sheep,True,0.6936663389205933,0.5557385683059692,0.13792777061462402,sheep,cow,hen,0.3824613392353058,pig,0.32853078842163086,crow,0.31726783514022827,hand_saw,0.2620921730995178,chainsaw,0.2527547776699066,dog,0.2399989813566208,car_horn,0.23135897517204285,cat,0.22708359360694885
1-12653-A-15.wav,water_drops,water_drops,True,0.37171685695648193,0.2745767831802368,0.09714007377624512,water_drops,pouring_water,brushing_teeth,0.19023533165454865,washing_machine,0.12418743222951889,toilet_flush,0.1127580776810646,rain,0.06840907037258148,door_wood_knock,0.05574965104460716,frog,0.04448119178414345,can_opening,0.03842269256711006,door_wood_creaks,0.03461221605539322
1-12654-A-15.wav,water_drops,water_drops,True,0.49790671467781067,0.2647128701210022,0.23319384455680847,water_drops,frog,pouring_water,0.2556047737598419,rain,0.20015540719032288,toilet_flush,0.17952556908130646,mouse_click,0.17518563568592072,sea_waves,0.13670361042022705,washing_machine,0.11518920958042145,chirping_birds,0.09733781218528748,can_opening,0.07671802490949631
1-12654-B-15.wav,water_drops,water_drops,True,0.48926880955696106,0.28767338395118713,0.20159542560577393,water_drops,pouring_water,frog,0.2029433399438858,rain,0.18601752817630768,toilet_flush,0.16281341016292572,mouse_click,0.15364564955234528,sea_waves,0.1380646675825119,washing_machine,0.10467221587896347,can_opening,0.08365863561630249,door_wood_knock,0.0819840207695961
1-13571-A-46.wav,church_bells,church_bells,True,0.6254736185073853,0.23424649238586426,0.391227126121521,church_bells,cow,crying_baby,0.2229059934616089,crow,0.1925356388092041,clock_alarm,0.18491634726524353,car_horn,0.16486595571041107,glass_breaking,0.13495589792728424,hen,0.13380905985832214,siren,0.12810546159744263,sheep,0.1225774958729744
1-13572-A-46.wav,church_bells,church_bells,True,0.6248899698257446,0.24124273657798767,0.38364723324775696,church_bells,crying_baby,cow,0.23617401719093323,clock_alarm,0.15669450163841248,crow,0.13731667399406433,sheep,0.11100810766220093,car_horn,0.10190844535827637,hen,0.09796356409788132,cat,0.09762650728225708,chirping_birds,0.08681021630764008
1-13613-A-37.wav,clock_alarm,clock_alarm,True,0.5733524560928345,0.31547290086746216,0.2578795552253723,clock_alarm,hen,church_bells,0.3145197629928589,cow,0.27684468030929565,chainsaw,0.24331088364124298,crying_baby,0.2312498390674591,pig,0.22524118423461914,frog,0.2216714471578598,car_horn,0.22127187252044678,clock_tick,0.2105790674686432
1-137-A-32.wav,keyboard_typing,keyboard_typing,True,0.4584648609161377,0.3320828676223755,0.1263819932937622,keyboard_typing,mouse_click,pouring_water,0.1883465200662613,washing_machine,0.1585633009672165,water_drops,0.15458917617797852,chirping_birds,0.1452712118625641,airplane,0.14435061812400818,helicopter,0.1429661512374878,engine,0.13871940970420837,rain,0.10771878063678741
1-137296-A-16.wav,wind,thunderstorm,False,0.5166398286819458,0.4783501625061035,0.038289666175842285,thunderstorm,wind,airplane,0.3550165891647339,engine,0.3475395739078522,rain,0.30212682485580444,train,0.28352171182632446,crackling_fire,0.2612375020980835,helicopter,0.25377821922302246,fireworks,0.25001972913742065,rooster,0.19136029481887817
1-14262-A-37.wav,clock_alarm,clock_alarm,True,0.5945393443107605,0.2625461220741272,0.3319932222366333,clock_alarm,hen,chainsaw,0.2256411612033844,rooster,0.22165435552597046,siren,0.21664027869701385,car_horn,0.212721586227417,frog,0.21114493906497955,church_bells,0.19280646741390228,brushing_teeth,0.179291233420372,door_wood_knock,0.16975170373916626
1-155858-A-25.wav,footsteps,footsteps,True,0.2448579967021942,0.18814359605312347,0.05671440064907074,footsteps,fireworks,dog,0.13118234276771545,helicopter,0.11509688198566437,water_drops,0.11275698244571686,hand_saw,0.0747707188129425,hen,0.06715776771306992,door_wood_knock,0.0626087486743927,clock_alarm,0.0408058688044548,church_bells,0.03396886587142944
1-155858-B-25.wav,footsteps,footsteps,True,0.23183028399944305,0.19052013754844666,0.0413101464509964,footsteps,dog,water_drops,0.17911605536937714,hen,0.17408441007137299,helicopter,0.16436895728111267,hand_saw,0.12699481844902039,fireworks,0.12684617936611176,clock_alarm,0.10710401087999344,door_wood_knock,0.09546186029911041,clock_tick,0.09098081290721893
1-155858-C-25.wav,footsteps,footsteps,True,0.26147234439849854,0.25271913409233093,0.008753210306167603,footsteps,dog,hen,0.19675211608409882,helicopter,0.17759564518928528,water_drops,0.15476299822330475,clock_alarm,0.12267909944057465,clock_tick,0.1056717187166214,fireworks,0.10226947069168091,hand_saw,0.09484570473432541,door_wood_knock,0.08248218894004822
1-155858-D-25.wav,footsteps,footsteps,True,0.20057037472724915,0.1791924238204956,0.02137795090675354,footsteps,hen,dog,0.1537206918001175,clock_alarm,0.1222420260310173,helicopter,0.10366271436214447,water_drops,0.08213964104652405,clock_tick,0.0809658020734787,hand_saw,0.07896627485752106,fireworks,0.0644778236746788,door_wood_knock,0.048733048141002655
1-155858-E-25.wav,footsteps,footsteps,True,0.21995919942855835,0.15557654201984406,0.0643826574087143,footsteps,dog,helicopter,0.1325998157262802,fireworks,0.12795673310756683,hand_saw,0.11947746574878693,clock_alarm,0.11581216007471085,door_wood_knock,0.1149972602725029,hen,0.10730274021625519,water_drops,0.06993477046489716,clock_tick,0.05553179234266281
1-155858-F-25.wav,footsteps,footsteps,True,0.2630009651184082,0.17802844941616058,0.08497251570224762,footsteps,dog,hen,0.17296946048736572,helicopter,0.16889607906341553,fireworks,0.13673101365566254,water_drops,0.1270076483488083,hand_saw,0.11405713856220245,clock_alarm,0.10462453961372375,cow,0.10278536379337311,airplane,0.07328664511442184
1-15689-A-4.wav,frog,frog,True,0.6690610647201538,0.3492202162742615,0.31984084844589233,frog,door_wood_creaks,pig,0.3219822645187378,door_wood_knock,0.32055628299713135,rooster,0.3163583278656006,hen,0.31559503078460693,cat,0.3123010993003845,clock_alarm,0.2809610068798065,cow,0.2659134268760681,crickets,0.2624349892139435
1-15689-B-4.wav,frog,frog,True,0.6793553829193115,0.3518740236759186,0.32748135924339294,frog,cat,door_wood_creaks,0.3510681390762329,pig,0.32527753710746765,door_wood_knock,0.3244612216949463,hen,0.3225172162055969,cow,0.3183959722518921,rooster,0.30442166328430176,clock_alarm,0.2871825695037842,crickets,0.2807627320289612
1-160563-A-48.wav,fireworks,fireworks,True,0.6029264330863953,0.280566930770874,0.32235950231552124,fireworks,thunderstorm,crackling_fire,0.25979429483413696,church_bells,0.24102066457271576,crickets,0.23109731078147888,laughing,0.22295841574668884,crow,0.1846885085105896,insects,0.17657458782196045,clock_tick,0.16827072203159332,helicopter,0.15233495831489563
1-160563-B-48.wav,fireworks,fireworks,True,0.6298747062683105,0.22054924070835114,0.4093254655599594,fireworks,church_bells,crackling_fire,0.21994315087795258,crickets,0.20940959453582764,helicopter,0.20807591080665588,footsteps,0.18722791969776154,laughing,0.15549859404563904,clock_tick,0.15101805329322815,clock_alarm,0.1471792459487915,door_wood_knock,0.143081933259964
1-16568-A-3.wav,cow,cow,True,0.6878738403320312,0.49361652135849,0.19425731897354126,cow,sheep,rooster,0.4022034704685211,pig,0.3513295650482178,hen,0.31674179434776306,crow,0.31032446026802063,dog,0.24105286598205566,crying_baby,0.237265482544899,chainsaw,0.2226906567811966,insects,0.20618528127670288
1-16746-A-15.wav,water_drops,water_drops,True,0.4511689841747284,0.3979433476924896,0.05322563648223877,water_drops,pouring_water,toilet_flush,0.19647902250289917,rain,0.18104825913906097,sea_waves,0.17968252301216125,washing_machine,0.15031951665878296,frog,0.13386952877044678,chirping_birds,0.12268394976854324,brushing_teeth,0.0924386978149414,can_opening,0.0917258933186531
1-17092-A-27.wav,brushing_teeth,brushing_teeth,True,0.7010735273361206,0.3009643852710724,0.4001091420650482,brushing_teeth,drinking_sipping,snoring,0.20857664942741394,cow,0.18569371104240417,cat,0.17747244238853455,pig,0.1687338948249817,hand_saw,0.15844419598579407,washing_machine,0.1525963395833969,pouring_water,0.14289478957653046,crying_baby,0.13469961285591125
1-17092-B-27.wav,brushing_teeth,brushing_teeth,True,0.4575207829475403,0.42184051871299744,0.03568026423454285,brushing_teeth,drinking_sipping,can_opening,0.3284470736980438,pig,0.27569931745529175,airplane,0.2515350580215454,cat,0.23152682185173035,snoring,0.22070452570915222,helicopter,0.215818390250206,washing_machine,0.20847588777542114,cow,0.20468178391456604
1-17124-A-43.wav,car_horn,car_horn,True,0.44405487179756165,0.27426475286483765,0.169790118932724,car_horn,hen,dog,0.2722017168998718,cow,0.234592467546463,rooster,0.22345122694969177,church_bells,0.2156926840543747,sheep,0.208307683467865,clock_alarm,0.20014718174934387,crow,0.1921887993812561,can_opening,0.1844073086977005
1-17150-A-12.wav,crackling_fire,crackling_fire,True,0.4385279417037964,0.3107328414916992,0.12779510021209717,crackling_fire,can_opening,water_drops,0.22687214612960815,fireworks,0.2191082090139389,rain,0.1788131594657898,mouse_click,0.15649549663066864,footsteps,0.14422141015529633,keyboard_typing,0.13881102204322815,dog,0.13430801033973694,clapping,0.12720033526420593
1-172649-A-40.wav,helicopter,helicopter,True,0.329784095287323,0.2865853011608124,0.04319879412651062,helicopter,airplane,engine,0.2532106041908264,washing_machine,0.24856220185756683,vacuum_cleaner,0.19605004787445068,dog,0.19063518941402435,brushing_teeth,0.15973462164402008,wind,0.10961171984672546,train,0.10884100943803787,hen,0.08773116767406464
1-172649-B-40.wav,helicopter,helicopter,True,0.3532423675060272,0.2743465304374695,0.07889583706855774,helicopter,airplane,engine,0.20286551117897034,washing_machine,0.17126856744289398,brushing_teeth,0.16749557852745056,dog,0.15797698497772217,wind,0.14901791512966156,vacuum_cleaner,0.11705755442380905,sea_waves,0.08944191783666611,crying_baby,0.08702850341796875
1-172649-C-40.wav,helicopter,helicopter,True,0.45487943291664124,0.24945050477981567,0.20542892813682556,helicopter,airplane,engine,0.24748964607715607,washing_machine,0.18612954020500183,brushing_teeth,0.16340415179729462,hen,0.14873269200325012,dog,0.12456263601779938,clock_tick,0.10277757793664932,cow,0.10052839666604996,clapping,0.08642996847629547
1-172649-D-40.wav,helicopter,helicopter,True,0.5305836796760559,0.41629403829574585,0.11428964138031006,helicopter,engine,washing_machine,0.3286445140838623,airplane,0.2876588702201843,hen,0.22424690425395966,clock_tick,0.19876356422901154,crickets,0.18923063576221466,brushing_teeth,0.18769478797912598,insects,0.18584392964839935,cow,0.1817471981048584
1-172649-E-40.wav,helicopter,helicopter,True,0.5940194129943848,0.37828731536865234,0.21573209762573242,helicopter,airplane,engine,0.35738420486450195,washing_machine,0.2864244282245636,hen,0.17509178817272186,train,0.162748783826828,brushing_teeth,0.1506241261959076,chirping_birds,0.13914816081523895,wind,0.13113535940647125,cow,0.1141284704208374
1-172649-F-40.wav,helicopter,helicopter,True,0.6061805486679077,0.41172799468040466,0.19445255398750305,helicopter,airplane,engine,0.39292407035827637,washing_machine,0.24461063742637634,hen,0.22996675968170166,train,0.2213062345981598,hand_saw,0.20798757672309875,chirping_birds,0.17587023973464966,crickets,0.1503378301858902,wind,0.14587445557117462
1-17295-A-29.wav,drinking_sipping,drinking_sipping,True,0.5486325025558472,0.3854926824569702,0.16313982009887695,drinking_sipping,pouring_water,brushing_teeth,0.36334383487701416,snoring,0.3617849349975586,pig,0.3528335988521576,can_opening,0.2591671049594879,breathing,0.21943214535713196,door_wood_knock,0.19183267652988434,cow,0.18828332424163818,coughing,0.174948588013649
1-17367-A-10.wav,rain,thunderstorm,False,0.48773348331451416,0.4771001935005188,0.010633289813995361,thunderstorm,rain,engine,0.26676684617996216,crackling_fire,0.2326992303133011,fireworks,0.18566559255123138,rooster,0.18185290694236755,wind,0.1606031060218811,church_bells,0.14888879656791687,airplane,0.145501971244812,washing_machine,0.1448354423046112
1-17565-A-12.wav,crackling_fire,crackling_fire,True,0.4633529484272003,0.3010350167751312,0.1623179316520691,crackling_fire,can_opening,water_drops,0.2661171853542328,footsteps,0.2234513759613037,hen,0.2190709114074707,rain,0.16520093381404877,keyboard_typing,0.13888044655323029,cat,0.13822200894355774,glass_breaking,0.13427244126796722,clapping,0.12870045006275177
1-17585-A-7.wav,insects,chirping_birds,False,0.20505043864250183,0.1927294284105301,0.01232101023197174,chirping_birds,cow,insects,0.1329515278339386,crow,0.13100293278694153,hen,0.11918027698993683,sheep,0.1134539544582367,frog,0.10774610936641693,chainsaw,0.10314373672008514,airplane,0.07406610250473022,crickets,0.0699700266122818
1-17742-A-12.wav,crackling_fire,crackling_fire,True,0.6120403409004211,0.2901318073272705,0.32190853357315063,crackling_fire,glass_breaking,rain,0.2716677188873291,water_drops,0.1918431967496872,wind,0.1886027604341507,insects,0.18550555408000946,fireworks,0.1784338355064392,can_opening,0.17580297589302063,keyboard_typing,0.16780219972133636,crickets,0.15651647746562958
1-17808-A-12.wav,crackling_fire,crackling_fire,True,0.5274754762649536,0.3039790987968445,0.22349637746810913,crackling_fire,rain,can_opening,0.16724541783332825,water_drops,0.16373051702976227,crickets,0.14639072120189667,insects,0.1462898850440979,thunderstorm,0.14220309257507324,washing_machine,0.1284789741039276,fireworks,0.12117558717727661,wind,0.11531326919794083
1-17808-B-12.wav,crackling_fire,crackling_fire,True,0.524448812007904,0.246943399310112,0.27750541269779205,crackling_fire,can_opening,rain,0.22457243502140045,water_drops,0.18061895668506622,cat,0.1596798300743103,glass_breaking,0.15682584047317505,washing_machine,0.1461666077375412,fireworks,0.08851896226406097,toilet_flush,0.0856461375951767,vacuum_cleaner,0.08436315506696701
1-1791-A-26.wav,laughing,laughing,True,0.43506136536598206,0.2955661416053772,0.13949522376060486,laughing,hen,rooster,0.25233563780784607,pig,0.20913100242614746,washing_machine,0.19234052300453186,door_wood_knock,0.1761305183172226,clapping,0.17515018582344055,dog,0.14654378592967987,clock_tick,0.1326325237751007,coughing,0.1256103813648224
1-17970-A-4.wav,frog,frog,True,0.5278401374816895,0.3084089159965515,0.21943122148513794,frog,cat,pig,0.2838134169578552,hen,0.2805262804031372,crying_baby,0.26181453466415405,rooster,0.2563300132751465,crickets,0.2521721124649048,door_wood_creaks,0.24442315101623535,cow,0.20917896926403046,dog,0.20214124023914337
1-18074-A-6.wav,hen,hen,True,0.648989200592041,0.46830031275749207,0.18068888783454895,hen,rooster,cow,0.40231436491012573,pig,0.2942259609699249,frog,0.27678215503692627,crow,0.2660977840423584,chirping_birds,0.2618021070957184,clock_tick,0.23523622751235962,dog,0.22293050587177277,sheep,0.21925130486488342
1-18074-B-6.wav,hen,hen,True,0.6586697101593018,0.4364255666732788,0.22224414348602295,hen,cow,rooster,0.4123610258102417,pig,0.31276920437812805,crow,0.27749863266944885,frog,0.266319215297699,sheep,0.26394712924957275,dog,0.25388991832733154,chirping_birds,0.22668875753879547,clock_alarm,0.19540831446647644
1-181071-A-40.wav,helicopter,helicopter,True,0.6727628707885742,0.45253798365592957,0.22022488713264465,helicopter,airplane,engine,0.3765924572944641,clock_tick,0.27966880798339844,washing_machine,0.24511131644248962,hen,0.23638707399368286,train,0.2357678860425949,wind,0.23059655725955963,crickets,0.2070818692445755,chirping_birds,0.20012372732162476
1-181071-B-40.wav,helicopter,helicopter,True,0.6592579483985901,0.468941867351532,0.1903160810470581,helicopter,airplane,engine,0.40193432569503784,washing_machine,0.280200719833374,wind,0.2741710841655731,clock_tick,0.24385462701320648,insects,0.2378140091896057,crickets,0.23531687259674072,train,0.22957123816013336,siren,0.21097703278064728
1-18527-A-44.wav,engine,engine,True,0.3570308983325958,0.2559652030467987,0.10106569528579712,engine,helicopter,train,0.24378284811973572,can_opening,0.1950550377368927,church_bells,0.18641501665115356,hen,0.1823922097682953,airplane,0.17221486568450928,washing_machine,0.16658622026443481,car_horn,0.1368265450000763,chirping_birds,0.1296660304069519
1-18527-B-44.wav,engine,engine,True,0.4458377957344055,0.3189777731895447,0.12686002254486084,engine,helicopter,train,0.23629997670650482,washing_machine,0.21065138280391693,airplane,0.193935364484787,church_bells,0.18314465880393982,hen,0.18059639632701874,hand_saw,0.16785022616386414,cow,0.16510887444019318,chainsaw,0.1381474733352661
1-18631-A-23.wav,breathing,breathing,True,0.5133434534072876,0.23659898340702057,0.27674447000026703,breathing,drinking_sipping,coughing,0.23628222942352295,snoring,0.21241246163845062,laughing,0.20939166843891144,fireworks,0.18878644704818726,sneezing,0.17023643851280212,helicopter,0.16406148672103882,pig,0.1616658717393875,clock_tick,0.14102286100387573
1-18655-A-31.wav,mouse_click,mouse_click,True,0.4389986991882324,0.36137014627456665,0.07762855291366577,mouse_click,keyboard_typing,water_drops,0.28906214237213135,chirping_birds,0.2317773997783661,airplane,0.1978398859500885,can_opening,0.19741562008857727,insects,0.19254308938980103,clock_tick,0.18137547373771667,engine,0.1521843522787094,washing_machine,0.14829038083553314
1-187207-A-20.wav,crying_baby,crying_baby,True,0.5333271026611328,0.5106991529464722,0.022627949714660645,crying_baby,laughing,coughing,0.36738958954811096,cat,0.35925042629241943,cow,0.3539799749851227,hen,0.3467080593109131,sneezing,0.2880232334136963,sheep,0.2794262170791626,clapping,0.26748430728912354,door_wood_knock,0.2644612789154053
1-18755-A-4.wav,frog,frog,True,0.5422224998474121,0.35017669200897217,0.19204580783843994,frog,pig,hen,0.3493257761001587,cat,0.3246195316314697,rooster,0.2849671244621277,cow,0.27483493089675903,door_wood_creaks,0.255634605884552,crying_baby,0.25473451614379883,crickets,0.22782796621322632,sheep,0.2084461748600006
1-18755-B-4.wav,frog,frog,True,0.5188936591148376,0.3326737582683563,0.18621990084648132,frog,pig,hen,0.29403695464134216,cat,0.27500590682029724,door_wood_creaks,0.2430800348520279,rooster,0.2349470555782318,cow,0.23208460211753845,crickets,0.2252109944820404,crying_baby,0.22427132725715637,sheep,0.20458553731441498
1-18757-A-4.wav,frog,frog,True,0.4763101637363434,0.39002805948257446,0.08628210425376892,frog,hen,pig,0.37038862705230713,cat,0.3366249203681946,cow,0.2820296883583069,crow,0.2727982997894287,crying_baby,0.2719549238681793,rooster,0.23672306537628174,sheep,0.19926519691944122,crickets,0.18962472677230835
1-18810-A-49.wav,hand_saw,hand_saw,True,0.37175729870796204,0.20690682530403137,0.16485047340393066,hand_saw,washing_machine,chainsaw,0.19645348191261292,sheep,0.1692982316017151,rooster,0.1602674275636673,cow,0.13754896819591522,dog,0.11553512513637543,brushing_teeth,0.10744152963161469,vacuum_cleaner,0.09296496957540512,crying_baby,0.08125751465559006
1-19026-A-43.wav,car_horn,car_horn,True,0.48445385694503784,0.2582316994667053,0.22622215747833252,car_horn,clock_alarm,hen,0.2357385903596878,cow,0.17893922328948975,sheep,0.1413242220878601,church_bells,0.13816209137439728,door_wood_knock,0.13267859816551208,frog,0.12359774112701416,dog,0.10591179877519608,train,0.09682134538888931
1-19111-A-24.wav,coughing,coughing,True,0.5565692782402039,0.45493271946907043,0.10163655877113342,coughing,hen,sneezing,0.3522678017616272,laughing,0.3300884962081909,rooster,0.30773425102233887,crying_baby,0.2773371934890747,clock_tick,0.2508932650089264,pig,0.23501788079738617,clock_alarm,0.2186392992734909,cow,0.21704000234603882
1-19118-A-24.wav,coughing,coughing,True,0.5510790348052979,0.4681771397590637,0.08290189504623413,coughing,hen,sneezing,0.3757942318916321,rooster,0.35260748863220215,pig,0.3449023962020874,cow,0.30774325132369995,breathing,0.2951173782348633,clock_tick,0.2907663583755493,dog,0.26413750648498535,laughing,0.2637525796890259
1-19501-A-7.wav,insects,frog,False,0.24163281917572021,0.23161104321479797,0.010021775960922241,frog,chirping_birds,insects,0.22853592038154602,rooster,0.20677697658538818,door_wood_creaks,0.20021983981132507,cow,0.1735985428094864,crow,0.1724904477596283,crickets,0.16475459933280945,thunderstorm,0.14637529850006104,sea_waves,0.144460529088974
1-196660-A-8.wav,sheep,sheep,True,0.6650503277778625,0.46876078844070435,0.1962895393371582,sheep,cow,pig,0.25780683755874634,chainsaw,0.251468688249588,hen,0.24868617951869965,hand_saw,0.21045386791229248,crow,0.19775451719760895,crying_baby,0.19170546531677246,chirping_birds,0.1910645067691803,dog,0.14779847860336304
1-196660-B-8.wav,sheep,sheep,True,0.6922112703323364,0.5343361496925354,0.15787512063980103,sheep,cow,hand_saw,0.3151738941669464,chainsaw,0.30498945713043213,pig,0.2872815430164337,crying_baby,0.2648211121559143,hen,0.24489277601242065,rooster,0.2066466361284256,dog,0.19037309288978577,crow,0.17218635976314545
1-19840-A-36.wav,vacuum_cleaner,vacuum_cleaner,True,0.5461297035217285,0.38826680183410645,0.15786290168762207,vacuum_cleaner,washing_machine,toilet_flush,0.3201635479927063,hand_saw,0.3022468686103821,engine,0.29368871450424194,airplane,0.248210608959198,brushing_teeth,0.21659809350967407,rain,0.19123539328575134,helicopter,0.17753645777702332,dog,0.17036354541778564
1-19872-A-36.wav,vacuum_cleaner,vacuum_cleaner,True,0.5764250755310059,0.3638494312763214,0.21257564425468445,vacuum_cleaner,washing_machine,hand_saw,0.361550509929657,crying_baby,0.2501070201396942,chainsaw,0.24721169471740723,engine,0.23072755336761475,brushing_teeth,0.21669603884220123,train,0.1912274807691574,toilet_flush,0.18406713008880615,cat,0.12600290775299072
1-19872-B-36.wav,vacuum_cleaner,vacuum_cleaner,True,0.5014868974685669,0.4193047285079956,0.08218216896057129,vacuum_cleaner,washing_machine,hand_saw,0.3552694022655487,brushing_teeth,0.32257336378097534,engine,0.2563525438308716,chainsaw,0.2215944230556488,toilet_flush,0.21232402324676514,crying_baby,0.20437899231910706,train,0.1960432529449463,can_opening,0.1823127567768097
1-19898-A-41.wav,chainsaw,chainsaw,True,0.5978007316589355,0.3513679504394531,0.24643278121948242,chainsaw,hand_saw,engine,0.21706780791282654,cow,0.18459470570087433,sheep,0.18100246787071228,vacuum_cleaner,0.17279364168643951,brushing_teeth,0.15963399410247803,helicopter,0.15527567267417908,airplane,0.12769393622875214,crying_baby,0.11164076626300812
1-19898-B-41.wav,chainsaw,chainsaw,True,0.6252806782722473,0.38530176877975464,0.23997890949249268,chainsaw,hand_saw,sheep,0.22006559371948242,cow,0.2184213399887085,crying_baby,0.18161875009536743,vacuum_cleaner,0.17366741597652435,brushing_teeth,0.16514672338962555,engine,0.15479117631912231,crow,0.14696642756462097,rooster,0.13166548311710358
1-19898-C-41.wav,chainsaw,chainsaw,True,0.6018340587615967,0.42458978295326233,0.17724427580833435,chainsaw,hand_saw,sheep,0.2233741730451584,cow,0.21568453311920166,vacuum_cleaner,0.21511948108673096,crying_baby,0.17238658666610718,engine,0.16724301874637604,brushing_teeth,0.15116485953330994,crow,0.14387613534927368,can_opening,0.13164003193378448
1-20133-A-39.wav,glass_breaking,glass_breaking,True,0.44286274909973145,0.24301768839359283,0.1998450607061386,glass_breaking,can_opening,pouring_water,0.23144418001174927,sheep,0.15448306500911713,crackling_fire,0.14831803739070892,rain,0.11957275867462158,water_drops,0.09299954771995544,sneezing,0.08269861340522766,thunderstorm,0.06831152737140656,drinking_sipping,0.06786269694566727
1-202111-A-3.wav,cow,cow,True,0.5312380194664001,0.4410261809825897,0.09021183848381042,cow,pig,rooster,0.4358522295951843,sheep,0.3582739531993866,snoring,0.29261255264282227,crow,0.26651114225387573,dog,0.22816342115402222,hen,0.2123793661594391,frog,0.20865729451179504,chainsaw,0.2013641893863678
1-20545-A-28.wav,snoring,snoring,True,0.580242395401001,0.3266897201538086,0.2535526752471924,snoring,breathing,rooster,0.24861517548561096,drinking_sipping,0.22786055505275726,dog,0.19752924144268036,cow,0.19716700911521912,hand_saw,0.19544565677642822,chainsaw,0.19379755854606628,crow,0.17754623293876648,pig,0.17400354146957397
1-20736-A-18.wav,toilet_flush,toilet_flush,True,0.446872740983963,0.2292109876871109,0.2176617532968521,toilet_flush,brushing_teeth,washing_machine,0.17165929079055786,pouring_water,0.13803209364414215,rooster,0.13477686047554016,hand_saw,0.12799321115016937,cow,0.10362771153450012,engine,0.0769662857055664,door_wood_knock,0.06968021392822266,sheep,0.060905296355485916
1-208757-A-2.wav,pig,pig,True,0.5932748317718506,0.2611650824546814,0.3321097493171692,pig,rooster,sheep,0.21663810312747955,cow,0.21089103817939758,drinking_sipping,0.19603723287582397,hen,0.19221070408821106,laughing,0.17727312445640564,dog,0.16598501801490784,church_bells,0.16006121039390564,crying_baby,0.14204949140548706
1-208757-B-2.wav,pig,pig,True,0.5734173655509949,0.22335726022720337,0.3500601053237915,pig,sheep,drinking_sipping,0.22211292386054993,cow,0.22098685801029205,rooster,0.19104358553886414,hen,0.1725262701511383,can_opening,0.15131032466888428,dog,0.1427343487739563,brushing_teeth,0.1172795221209526,crow,0.10878904908895493
1-208757-C-2.wav,pig,pig,True,0.5254248380661011,0.34373095631599426,0.1816938817501068,pig,dog,rooster,0.30261731147766113,cow,0.1719663143157959,hen,0.16865476965904236,drinking_sipping,0.13816818594932556,sheep,0.13199424743652344,crow,0.12736213207244873,laughing,0.12011776864528656,coughing,0.11835428327322006
1-208757-D-2.wav,pig,pig,True,0.5695517063140869,0.2584039270877838,0.3111477792263031,pig,hen,cow,0.23450547456741333,rooster,0.23137788474559784,sheep,0.23118211328983307,dog,0.2100268453359604,drinking_sipping,0.1768176555633545,can_opening,0.15230901539325714,brushing_teeth,0.14902843534946442,crow,0.13641150295734406
1-208757-E-2.wav,pig,pig,True,0.5742608308792114,0.2843305170536041,0.2899303138256073,pig,rooster,cow,0.24524927139282227,hen,0.2436983585357666,dog,0.2230442464351654,sheep,0.20089584589004517,drinking_sipping,0.1680373251438141,brushing_teeth,0.16319063305854797,coughing,0.1473945677280426,train,0.13969837129116058
1-211527-A-20.wav,crying_baby,crying_baby,True,0.5235170125961304,0.3739069998264313,0.1496100127696991,crying_baby,cat,dog,0.3506092131137848,sheep,0.3183939456939697,cow,0.2709008753299713,door_wood_creaks,0.226081982254982,hen,0.20465409755706787,rooster,0.1932782530784607,brushing_teeth,0.18919003009796143,vacuum_cleaner,0.18888390064239502
1-211527-B-20.wav,crying_baby,crying_baby,True,0.43383538722991943,0.301647424697876,0.13218796253204346,crying_baby,cat,laughing,0.21496853232383728,sheep,0.2067810744047165,door_wood_knock,0.18260557949543,dog,0.16782960295677185,brushing_teeth,0.16158753633499146,hen,0.1591789424419403,door_wood_creaks,0.1459050178527832,cow,0.13827982544898987
1-211527-C-20.wav,crying_baby,crying_baby,True,0.5968575477600098,0.38103511929512024,0.21582242846488953,crying_baby,cat,sheep,0.3643239140510559,cow,0.3094983398914337,dog,0.29249411821365356,hen,0.2500777244567871,crow,0.23672835528850555,rooster,0.19756826758384705,frog,0.1903260201215744,vacuum_cleaner,0.18238872289657593
1-21189-A-10.wav,rain,rain,True,0.4692815840244293,0.30941852927207947,0.15986305475234985,rain,crackling_fire,thunderstorm,0.30159080028533936,engine,0.22677648067474365,wind,0.1534428894519806,clock_tick,0.1533621847629547,washing_machine,0.13629388809204102,chainsaw,0.13206832110881805,hen,0.1290455162525177,clapping,0.1289178431034088
1-21421-A-46.wav,church_bells,church_bells,True,0.5988104343414307,0.25399529933929443,0.34481513500213623,church_bells,cow,crying_baby,0.22048842906951904,hen,0.19721253216266632,clock_alarm,0.1895674765110016,sheep,0.1543605476617813,crow,0.15053454041481018,car_horn,0.13156631588935852,chirping_birds,0.12552021443843842,clock_tick,0.11166045069694519
1-21896-A-35.wav,washing_machine,engine,False,0.4143134355545044,0.4130544662475586,0.0012589693069458008,engine,washing_machine,helicopter,0.40583476424217224,clock_tick,0.24078534543514252,hen,0.237265482544899,train,0.1953396201133728,clock_alarm,0.19315120577812195,airplane,0.19121672213077545,car_horn,0.1866609752178192,dog,0.18182367086410522
1-21934-A-38.wav,clock_tick,clock_tick,True,0.3985528349876404,0.23544740676879883,0.16310542821884155,clock_tick,door_wood_knock,fireworks,0.2273731231689453,clock_alarm,0.2253839671611786,door_wood_creaks,0.17054757475852966,water_drops,0.1692831963300705,helicopter,0.14682458341121674,chirping_birds,0.14542752504348755,hand_saw,0.13992054760456085,rooster,0.13535422086715698
1-21935-A-38.wav,clock_tick,clock_tick,True,0.44710832834243774,0.34743016958236694,0.0996781587600708,clock_tick,clock_alarm,hen,0.3179893493652344,door_wood_knock,0.1969599723815918,car_horn,0.19540715217590332,cow,0.18162889778614044,rooster,0.16470551490783691,pig,0.1543208211660385,rain,0.14930588006973267,door_wood_creaks,0.1490442156791687
1-223162-A-25.wav,footsteps,door_wood_knock,False,0.4432791769504547,0.2610567808151245,0.1822223961353302,door_wood_knock,dog,rooster,0.25476402044296265,door_wood_creaks,0.2516692280769348,clock_tick,0.23629575967788696,footsteps,0.22969724237918854,hen,0.21007049083709717,engine,0.16280870139598846,car_horn,0.15755043923854828,pig,0.14281406998634338
1-22694-A-20.wav,crying_baby,crying_baby,True,0.6163090467453003,0.34001094102859497,0.2762981057167053,crying_baby,cat,cow,0.24097798764705658,crow,0.23294109106063843,sheep,0.21298125386238098,breathing,0.19903188943862915,door_wood_knock,0.19025743007659912,coughing,0.18134933710098267,church_bells,0.17735660076141357,dog,0.17045003175735474
1-22694-B-20.wav,crying_baby,crying_baby,True,0.5065333247184753,0.32388776540756226,0.18264555931091309,crying_baby,cat,door_wood_knock,0.27640455961227417,door_wood_creaks,0.2307017296552658,coughing,0.19116061925888062,cow,0.18440088629722595,washing_machine,0.18097582459449768,brushing_teeth,0.17468303442001343,vacuum_cleaner,0.16547802090644836,water_drops,0.16390077769756317
1-22804-A-46.wav,church_bells,church_bells,True,0.5919996500015259,0.24597963690757751,0.34602001309394836,church_bells,crying_baby,hen,0.18297061324119568,cow,0.17490577697753906,rain,0.14969390630722046,crow,0.14582045376300812,chirping_birds,0.1445903480052948,glass_breaking,0.13814996182918549,sneezing,0.11779356747865677,train,0.10944455116987228
1-22882-A-44.wav,engine,engine,True,0.4620973467826843,0.3122994899749756,0.14979785680770874,engine,helicopter,hen,0.2661668658256531,washing_machine,0.25589719414711,train,0.19635973870754242,clock_tick,0.18344083428382874,airplane,0.18008388578891754,door_wood_knock,0.15011967718601227,chirping_birds,0.1273401826620102,car_horn,0.1107487678527832
1-23094-A-15.wav,water_drops,water_drops,True,0.37022364139556885,0.3257520794868469,0.044471561908721924,water_drops,clock_tick,mouse_click,0.2549022436141968,brushing_teeth,0.23699501156806946,frog,0.22484496235847473,clock_alarm,0.22271159291267395,hen,0.19938668608665466,fireworks,0.19470226764678955,cow,0.162335604429245,door_wood_knock,0.1620626300573349
1-23094-B-15.wav,water_drops,clock_tick,False,0.3315809965133667,0.33109813928604126,0.00048285722732543945,clock_tick,water_drops,hen,0.2608409523963928,frog,0.23950353264808655,mouse_click,0.2317977249622345,clock_alarm,0.22684231400489807,brushing_teeth,0.18556776642799377,chirping_birds,0.1806434988975525,washing_machine,0.1716175377368927,crickets,0.15907858312129974
1-23222-A-19.wav,thunderstorm,thunderstorm,True,0.562667965888977,0.4087042212486267,0.15396374464035034,thunderstorm,fireworks,rain,0.34253472089767456,crow,0.26479554176330566,crackling_fire,0.258722186088562,wind,0.2399756908416748,church_bells,0.1951969563961029,airplane,0.19002822041511536,train,0.18619650602340698,rooster,0.1818080097436905
1-23222-B-19.wav,thunderstorm,thunderstorm,True,0.5997188091278076,0.4146077334880829,0.18511107563972473,thunderstorm,wind,fireworks,0.3784925639629364,rain,0.3319123089313507,crow,0.2526342570781708,crackling_fire,0.2293514907360077,church_bells,0.2003381848335266,train,0.18466231226921082,airplane,0.18382669985294342,breathing,0.16961026191711426
1-23706-A-49.wav,hand_saw,hand_saw,True,0.6269994974136353,0.3292602002620697,0.29773929715156555,hand_saw,chainsaw,sheep,0.2158927619457245,brushing_teeth,0.18097339570522308,dog,0.16644573211669922,cow,0.14041349291801453,vacuum_cleaner,0.12897944450378418,engine,0.11479339748620987,pig,0.10679574310779572,rooster,0.09448942542076111
1-23996-A-35.wav,washing_machine,washing_machine,True,0.47257494926452637,0.32287150621414185,0.14970344305038452,washing_machine,engine,hand_saw,0.2931293249130249,brushing_teeth,0.2598753571510315,vacuum_cleaner,0.19944694638252258,train,0.18585354089736938,toilet_flush,0.17184634506702423,clock_tick,0.116197369992733,dog,0.11438432335853577,pouring_water,0.08339378237724304
1-23996-B-35.wav,washing_machine,engine,False,0.474016010761261,0.405325710773468,0.06869029998779297,engine,washing_machine,helicopter,0.35660386085510254,airplane,0.3260662853717804,vacuum_cleaner,0.260591983795166,train,0.19304651021957397,dog,0.1869821548461914,hand_saw,0.13795217871665955,hen,0.12066006660461426,crackling_fire,0.11498914659023285
1-24074-A-43.wav,car_horn,car_horn,True,0.440073162317276,0.23815006017684937,0.20192310214042664,car_horn,hen,clock_alarm,0.23429721593856812,church_bells,0.21394120156764984,sheep,0.19554337859153748,siren,0.18276867270469666,cow,0.18020358681678772,engine,0.11459721624851227,rooster,0.10867837816476822,dog,0.10766200721263885
1-24076-A-43.wav,car_horn,car_horn,True,0.41987717151641846,0.26199859380722046,0.157878577709198,car_horn,church_bells,sheep,0.21184833347797394,hen,0.20929859578609467,train,0.1904328316450119,clock_alarm,0.15949854254722595,cow,0.15562953054904938,siren,0.15109148621559143,engine,0.1396530270576477,dog,0.13001084327697754
1-24524-A-19.wav,thunderstorm,thunderstorm,True,0.4893852174282074,0.3111247420310974,0.17826047539710999,thunderstorm,fireworks,rain,0.26418375968933105,wind,0.23246504366397858,crow,0.2223701775074005,cow,0.21997001767158508,rooster,0.17353838682174683,engine,0.16021646559238434,crackling_fire,0.1485411673784256,church_bells,0.1480618715286255
1-24524-B-19.wav,thunderstorm,thunderstorm,True,0.5916265845298767,0.49730315804481506,0.09432342648506165,thunderstorm,fireworks,rain,0.35313880443573,crackling_fire,0.2980080842971802,wind,0.2941707968711853,crow,0.2657049596309662,rooster,0.21832433342933655,church_bells,0.2071141004562378,airplane,0.20593416690826416,engine,0.2014797031879425
1-24524-C-19.wav,thunderstorm,thunderstorm,True,0.6035685539245605,0.4206405282020569,0.18292802572250366,thunderstorm,fireworks,rain,0.37854593992233276,crow,0.31594449281692505,wind,0.2544190287590027,crackling_fire,0.24883940815925598,rooster,0.24041584134101868,church_bells,0.21166621148586273,airplane,0.20293495059013367,insects,0.19968055188655853
1-24796-A-47.wav,airplane,airplane,True,0.5227051973342896,0.33606138825416565,0.1866438090801239,airplane,helicopter,train,0.293468177318573,thunderstorm,0.2758978605270386,engine,0.227037712931633,vacuum_cleaner,0.21475400030612946,hand_saw,0.19073769450187683,wind,0.17791077494621277,clapping,0.13933181762695312,chainsaw,0.1377134919166565
1-254507-A-43.wav,car_horn,car_horn,True,0.4384748339653015,0.28972941637039185,0.14874541759490967,car_horn,hand_saw,siren,0.2808065414428711,engine,0.27480435371398926,chainsaw,0.2684875726699829,cow,0.2618792653083801,clock_alarm,0.25639867782592773,sheep,0.2544015347957611,crow,0.23827600479125977,hen,0.23824399709701538
1-25777-A-48.wav,fireworks,fireworks,True,0.4828985333442688,0.22647027671337128,0.2564282566308975,fireworks,helicopter,hen,0.16210490465164185,crow,0.16121679544448853,footsteps,0.15379074215888977,church_bells,0.15307466685771942,airplane,0.1472776234149933,train,0.12715885043144226,crickets,0.10680493712425232,cow,0.10487711429595947
1-25781-A-48.wav,fireworks,fireworks,True,0.48621898889541626,0.17364062368869781,0.31257836520671844,fireworks,crow,laughing,0.1586706042289734,crackling_fire,0.14919978380203247,crying_baby,0.13464266061782837,crickets,0.13256338238716125,siren,0.10769986361265182,can_opening,0.0978764146566391,church_bells,0.08730052411556244,hand_saw,0.08387723565101624
1-260640-A-2.wav,pig,pig,True,0.6425780057907104,0.294707715511322,0.3478702902793884,pig,rooster,cow,0.29025572538375854,sheep,0.2823769450187683,crow,0.2437242567539215,hen,0.24339939653873444,crying_baby,0.18296030163764954,drinking_sipping,0.17459088563919067,dog,0.16736429929733276,church_bells,0.16649748384952545
1-260640-B-2.wav,pig,pig,True,0.6164954900741577,0.2643401622772217,0.35215532779693604,pig,cow,rooster,0.2605465054512024,sheep,0.25572770833969116,hen,0.25348085165023804,crow,0.20239880681037903,dog,0.18126186728477478,church_bells,0.16290217638015747,laughing,0.1532515585422516,drinking_sipping,0.1525772511959076
1-260640-C-2.wav,pig,pig,True,0.6115105152130127,0.34355854988098145,0.26795196533203125,pig,rooster,hen,0.271340012550354,dog,0.22570224106311798,crow,0.2253383994102478,cow,0.1985890418291092,sheep,0.18796731531620026,crying_baby,0.18641792237758636,laughing,0.17748716473579407,frog,0.14992399513721466
1-26143-A-21.wav,sneezing,sneezing,True,0.6277037858963013,0.30091214179992676,0.3267916440963745,sneezing,coughing,drinking_sipping,0.2799631953239441,hen,0.20115023851394653,cow,0.17552673816680908,breathing,0.1727840155363083,church_bells,0.1702268123626709,can_opening,0.15368570387363434,crying_baby,0.12278121709823608,crow,0.11705213785171509
1-26176-A-43.wav,car_horn,car_horn,True,0.3734000623226166,0.31689369678497314,0.05650636553764343,car_horn,sheep,cow,0.3032534122467041,siren,0.2517796754837036,clock_alarm,0.2421165108680725,rooster,0.2363056242465973,train,0.19276410341262817,chainsaw,0.18136705458164215,hen,0.17866431176662445,cat,0.17796865105628967
1-26177-A-43.wav,car_horn,car_horn,True,0.3720148503780365,0.2693956792354584,0.10261917114257812,car_horn,siren,clapping,0.24886561930179596,church_bells,0.2263905555009842,train,0.2182541936635971,clock_alarm,0.17263208329677582,crying_baby,0.1545238196849823,cow,0.14428925514221191,rooster,0.13489696383476257,sheep,0.13030648231506348
1-26188-A-30.wav,door_wood_knock,door_wood_knock,True,0.6125321388244629,0.46978357434272766,0.14274856448173523,door_wood_knock,door_wood_creaks,rooster,0.31831055879592896,frog,0.23370662331581116,hen,0.21606583893299103,clock_alarm,0.21554358303546906,dog,0.2005302608013153,clock_tick,0.1976693868637085,helicopter,0.15414462983608246,engine,0.14825844764709473
1-26222-A-10.wav,rain,rain,True,0.45615220069885254,0.32312703132629395,0.1330251693725586,rain,engine,thunderstorm,0.30951786041259766,crackling_fire,0.29307854175567627,washing_machine,0.26267576217651367,hen,0.16765673458576202,pouring_water,0.16223634779453278,train,0.15390846133232117,brushing_teeth,0.14670348167419434,toilet_flush,0.1463290899991989
1-26806-A-1.wav,rooster,rooster,True,0.6114177703857422,0.4702141284942627,0.1412036418914795,rooster,hen,crow,0.42030343413352966,cow,0.3790282607078552,frog,0.323739230632782,dog,0.27948009967803955,insects,0.27616244554519653,crying_baby,0.2695498466491699,thunderstorm,0.24708019196987152,chirping_birds,0.24561837315559387
1-27165-A-35.wav,washing_machine,washing_machine,True,0.40540003776550293,0.3760082721710205,0.029391765594482422,washing_machine,vacuum_cleaner,brushing_teeth,0.36249250173568726,engine,0.29476791620254517,rain,0.28713953495025635,hand_saw,0.2705684304237366,pouring_water,0.25364068150520325,toilet_flush,0.25072503089904785,chainsaw,0.20527240633964539,airplane,0.15269331634044647
1-27166-A-35.wav,washing_machine,vacuum_cleaner,False,0.5592713356018066,0.376295804977417,0.18297553062438965,vacuum_cleaner,washing_machine,engine,0.3367777168750763,hand_saw,0.32704389095306396,brushing_teeth,0.2543824315071106,airplane,0.23632073402404785,helicopter,0.20373034477233887,chainsaw,0.19459086656570435,dog,0.17979896068572998,crying_baby,0.16802911460399628
1-27403-A-28.wav,snoring,snoring,True,0.6027804613113403,0.2858346104621887,0.3169458508491516,snoring,chainsaw,cow,0.25597965717315674,hand_saw,0.2430301308631897,rooster,0.22801178693771362,breathing,0.2240728884935379,crow,0.21554958820343018,brushing_teeth,0.20238038897514343,pig,0.2004714012145996,cat,0.19328422844409943
1-27405-A-28.wav,snoring,snoring,True,0.5749309062957764,0.3869304358959198,0.18800047039985657,snoring,rooster,chainsaw,0.3128206133842468,breathing,0.3042285144329071,drinking_sipping,0.26204150915145874,cow,0.2580546736717224,pig,0.24064406752586365,brushing_teeth,0.23160597681999207,crow,0.21510232985019684,thunderstorm,0.19461004436016083
1-27724-A-1.wav,rooster,rooster,True,0.509675145149231,0.4489312767982483,0.060743868350982666,rooster,hen,cow,0.4054517149925232,crow,0.37323611974716187,pig,0.30635538697242737,chirping_birds,0.2799423038959503,sheep,0.2768513262271881,dog,0.24044816195964813,crying_baby,0.23168209195137024,engine,0.22019164264202118
1-28005-A-18.wav,toilet_flush,toilet_flush,True,0.4796675145626068,0.27792981266975403,0.20173770189285278,toilet_flush,brushing_teeth,pouring_water,0.2342616617679596,washing_machine,0.1739860475063324,thunderstorm,0.1607363522052765,rooster,0.14047381281852722,helicopter,0.09287960827350616,frog,0.08530531823635101,pig,0.08214083313941956,drinking_sipping,0.08061143755912781
1-28135-A-11.wav,sea_waves,sea_waves,True,0.4982107877731323,0.22191041707992554,0.2763003706932068,sea_waves,wind,thunderstorm,0.16382324695587158,train,0.15932205319404602,rain,0.11391662061214447,pouring_water,0.1067967563867569,dog,0.09627529978752136,toilet_flush,0.08760412037372589,airplane,0.08329722285270691,engine,0.07819873839616776
1-28135-B-11.wav,sea_waves,sea_waves,True,0.4145328998565674,0.22796966135501862,0.18656323850154877,sea_waves,wind,pouring_water,0.1544785499572754,thunderstorm,0.1359124779701233,crackling_fire,0.11115647852420807,train,0.10518797487020493,dog,0.08142244070768356,rain,0.07681698352098465,engine,0.07578641921281815,church_bells,0.06842691451311111
1-28808-A-43.wav,car_horn,car_horn,True,0.3844968378543854,0.20750631392002106,0.17699052393436432,car_horn,sheep,can_opening,0.18169763684272766,hen,0.18017329275608063,cow,0.16199184954166412,church_bells,0.1607053577899933,dog,0.14015810191631317,clock_alarm,0.12441474944353104,siren,0.11189255863428116,crying_baby,0.10604019463062286
1-29532-A-16.wav,wind,vacuum_cleaner,False,0.29040807485580444,0.2603236734867096,0.03008440136909485,vacuum_cleaner,wind,hand_saw,0.24552741646766663,train,0.23322570323944092,chainsaw,0.2293548285961151,airplane,0.20558416843414307,brushing_teeth,0.19522851705551147,helicopter,0.16097913682460785,sheep,0.15572093427181244,cow,0.1461469531059265
1-29561-A-10.wav,rain,crackling_fire,False,0.3858407139778137,0.2983149290084839,0.08752578496932983,crackling_fire,rain,chainsaw,0.2460082769393921,hand_saw,0.2402396947145462,train,0.21822378039360046,thunderstorm,0.1951029896736145,engine,0.19342103600502014,wind,0.1658218801021576,fireworks,0.16525018215179443,vacuum_cleaner,0.1405099481344223
1-29680-A-21.wav,sneezing,sneezing,True,0.5286258459091187,0.3264636695384979,0.20216217637062073,sneezing,coughing,breathing,0.24184411764144897,cow,0.23359040915966034,drinking_sipping,0.21851015090942383,crow,0.18018031120300293,hen,0.17089971899986267,rooster,0.16683244705200195,snoring,0.1666240245103836,dog,0.1540573090314865
1-30039-A-26.wav,laughing,laughing,True,0.26458996534347534,0.11541695892810822,0.14917300641536713,laughing,brushing_teeth,clapping,0.07197260856628418,hen,0.07163242995738983,cat,0.029792223125696182,pig,0.02868027798831463,rooster,0.023526960983872414,can_opening,0.020040147006511688,washing_machine,0.015103000216186047,dog,0.005269508808851242
1-30043-A-26.wav,laughing,laughing,True,0.41535598039627075,0.13158714771270752,0.28376883268356323,laughing,rooster,clapping,0.12410913407802582,dog,0.09286782145500183,hen,0.0918671041727066,cat,0.08765700459480286,brushing_teeth,0.056471921503543854,pig,0.04040185734629631,cow,0.039886027574539185,toilet_flush,0.03936957195401192
1-30214-A-18.wav,toilet_flush,toilet_flush,True,0.4405597150325775,0.3637753129005432,0.0767844021320343,toilet_flush,brushing_teeth,cow,0.2880457639694214,rooster,0.24255338311195374,washing_machine,0.23551416397094727,pouring_water,0.21728788316249847,frog,0.18282216787338257,sea_waves,0.17738166451454163,cat,0.15994462370872498,pig,0.15752583742141724
1-30226-A-0.wav,dog,dog,True,0.5520485639572144,0.28580501675605774,0.2662435472011566,dog,cow,fireworks,0.28545039892196655,hen,0.26732152700424194,chirping_birds,0.2624064087867737,laughing,0.25345444679260254,footsteps,0.23104345798492432,train,0.21940553188323975,rooster,0.20517748594284058,airplane,0.2025119811296463
1-30344-A-0.wav,dog,dog,True,0.5918107032775879,0.3054664134979248,0.2863442897796631,dog,rooster,cow,0.2931596040725708,hen,0.2642100751399994,sheep,0.1893053948879242,chirping_birds,0.1640743911266327,laughing,0.15812428295612335,cat,0.14400985836982727,train,0.1360715925693512,car_horn,0.13195520639419556
1-30709-A-23.wav,breathing,breathing,True,0.4787624180316925,0.29997143149375916,0.17879098653793335,breathing,wind,snoring,0.28588199615478516,drinking_sipping,0.2623131573200226,airplane,0.22535601258277893,train,0.19801706075668335,sneezing,0.1809099018573761,thunderstorm,0.17057925462722778,pig,0.158864825963974,cow,0.15795552730560303
1-30709-B-23.wav,breathing,breathing,True,0.5044838190078735,0.2473735809326172,0.25711023807525635,breathing,snoring,drinking_sipping,0.22362209856510162,wind,0.20568440854549408,train,0.18924683332443237,pig,0.1780053973197937,brushing_teeth,0.17674265801906586,coughing,0.17670059204101562,hand_saw,0.16675494611263275,cow,0.1573307365179062
1-30709-C-23.wav,breathing,breathing,True,0.4866620600223541,0.23515376448631287,0.25150829553604126,breathing,coughing,laughing,0.17227789759635925,snoring,0.1662723422050476,pig,0.16313697397708893,drinking_sipping,0.14338171482086182,sneezing,0.1389344036579132,wind,0.12330968677997589,brushing_teeth,0.1073288768529892,dog,0.1056569367647171
1-30830-A-24.wav,coughing,coughing,True,0.4359057545661926,0.3671093285083771,0.06879642605781555,coughing,rooster,laughing,0.3012619614601135,hen,0.2843400239944458,door_wood_knock,0.28133371472358704,clock_tick,0.263979434967041,breathing,0.26310837268829346,sneezing,0.2544400691986084,pig,0.20203016698360443,clock_alarm,0.19421514868736267
1-31251-A-6.wav,hen,hen,True,0.45167267322540283,0.3996722102165222,0.052000463008880615,hen,crow,cow,0.3678496181964874,pig,0.2633790969848633,sheep,0.2608671486377716,crying_baby,0.25512850284576416,chirping_birds,0.23400148749351501,rooster,0.2125120759010315,church_bells,0.19695645570755005,cat,0.1557132452726364
1-31251-B-6.wav,hen,crow,False,0.46082210540771484,0.4249170124530792,0.03590509295463562,crow,hen,cow,0.394540011882782,pig,0.32759222388267517,crying_baby,0.31293392181396484,sheep,0.31228208541870117,rooster,0.21785500645637512,chirping_birds,0.21014337241649628,frog,0.18302476406097412,chainsaw,0.16863913834095
1-31482-A-42.wav,siren,siren,True,0.2794836163520813,0.2727710008621216,0.006712615489959717,siren,car_horn,clock_alarm,0.2649863362312317,cow,0.19951090216636658,sheep,0.1927611529827118,hen,0.18314549326896667,train,0.15409168601036072,brushing_teeth,0.12998506426811218,dog,0.11675286293029785,fireworks,0.1033380776643753
1-31482-B-42.wav,siren,siren,True,0.3568693995475769,0.21420007944107056,0.14266932010650635,siren,vacuum_cleaner,cat,0.2095060646533966,crying_baby,0.2081885039806366,crackling_fire,0.18924924731254578,chainsaw,0.1886885166168213,sheep,0.17343860864639282,train,0.168050616979599,cow,0.16666758060455322,fireworks,0.16654956340789795
1-31748-A-21.wav,sneezing,sneezing,True,0.3807583153247833,0.33741089701652527,0.04334741830825806,sneezing,hen,cow,0.3331458866596222,dog,0.2772599458694458,cat,0.2486797571182251,crow,0.2432665079832077,rooster,0.2389327436685562,frog,0.22970934212207794,car_horn,0.20579540729522705,pig,0.20180049538612366
1-31836-A-4.wav,frog,frog,True,0.44262176752090454,0.37128913402557373,0.07133263349533081,frog,crow,cat,0.32805705070495605,hen,0.2878553867340088,chirping_birds,0.2543710172176361,crying_baby,0.24529172480106354,door_wood_creaks,0.2333337664604187,crickets,0.2225692719221115,pig,0.20426824688911438,cow,0.19331827759742737
1-31836-B-4.wav,frog,frog,True,0.4941559433937073,0.2939872443675995,0.2001686990261078,frog,hen,crickets,0.2845225930213928,cat,0.25243106484413147,pig,0.2438645213842392,insects,0.21630793809890747,cow,0.21097563207149506,crying_baby,0.20424483716487885,door_wood_creaks,0.18883782625198364,rooster,0.1887684017419815
1-32318-A-0.wav,dog,dog,True,0.5561058521270752,0.2713348865509033,0.2847709655761719,dog,rooster,cow,0.23956599831581116,hen,0.23791798949241638,sheep,0.18511804938316345,pig,0.12568305432796478,cat,0.11992142349481583,car_horn,0.11794526875019073,fireworks,0.11402622610330582,laughing,0.11143898963928223
1-32373-A-35.wav,washing_machine,engine,False,0.386159211397171,0.37235110998153687,0.013808101415634155,engine,washing_machine,helicopter,0.26894551515579224,chainsaw,0.2553706765174866,hand_saw,0.22469612956047058,airplane,0.19401778280735016,vacuum_cleaner,0.17376834154129028,hen,0.14522960782051086,train,0.14262741804122925,brushing_teeth,0.12883950769901276
1-32373-B-35.wav,washing_machine,engine,False,0.39285165071487427,0.3393172025680542,0.05353444814682007,engine,washing_machine,helicopter,0.32208141684532166,airplane,0.21888180077075958,vacuum_cleaner,0.21728171408176422,hand_saw,0.21432146430015564,chainsaw,0.18192312121391296,hen,0.1424918919801712,train,0.10592375695705414,brushing_teeth,0.08929099142551422
1-32579-A-29.wav,drinking_sipping,drinking_sipping,True,0.4783518314361572,0.365982323884964,0.11236950755119324,drinking_sipping,pouring_water,snoring,0.25989675521850586,coughing,0.23674821853637695,pig,0.2080867886543274,brushing_teeth,0.19961518049240112,breathing,0.1935337632894516,water_drops,0.16589047014713287,can_opening,0.16120560467243195,cat,0.11317061632871628
1-33658-A-26.wav,laughing,laughing,True,0.3475687801837921,0.19588229060173035,0.15168648958206177,laughing,hen,sneezing,0.1701410561800003,washing_machine,0.16838443279266357,dog,0.15500891208648682,coughing,0.12290525436401367,sheep,0.10610687732696533,cat,0.10474134236574173,cow,0.09167313575744629,brushing_teeth,0.08659441024065018
1-34094-A-5.wav,cat,cat,True,0.560907244682312,0.334855318069458,0.226051926612854,cat,crying_baby,sheep,0.31597861647605896,cow,0.271705687046051,dog,0.24345096945762634,vacuum_cleaner,0.2117944061756134,frog,0.17020118236541748,crow,0.16687557101249695,rooster,0.14967001974582672,hen,0.1430281102657318
1-34094-B-5.wav,cat,cat,True,0.5427579879760742,0.33710163831710815,0.20565634965896606,cat,crying_baby,sheep,0.29394984245300293,cow,0.23980872333049774,dog,0.23961344361305237,vacuum_cleaner,0.20746254920959473,crow,0.15616676211357117,rooster,0.1364520937204361,frog,0.12769806385040283,chainsaw,0.11610680818557739
1-34119-A-1.wav,rooster,rooster,True,0.5901951193809509,0.4363202452659607,0.15387487411499023,rooster,hen,cow,0.41431957483291626,crow,0.39996495842933655,crying_baby,0.28304535150527954,sheep,0.2730892300605774,frog,0.25147750973701477,pig,0.23839229345321655,thunderstorm,0.2188260406255722,chirping_birds,0.2137039452791214
1-34119-B-1.wav,rooster,rooster,True,0.5767313241958618,0.4377824068069458,0.13894891738891602,rooster,hen,cow,0.3901408314704895,crow,0.3831181824207306,frog,0.288956880569458,crying_baby,0.2607578635215759,thunderstorm,0.2523534893989563,clock_alarm,0.2461324781179428,siren,0.23939961194992065,insects,0.22889304161071777
1-34495-A-14.wav,chirping_birds,chirping_birds,True,0.37294915318489075,0.20690590143203735,0.1660432517528534,chirping_birds,crow,hen,0.09079747647047043,rooster,0.07912501692771912,cat,0.07747832685709,chainsaw,0.07023731619119644,dog,0.0651932805776596,train,0.052680958062410355,frog,0.04814670607447624,airplane,0.04628218710422516
1-34497-A-14.wav,chirping_birds,chirping_birds,True,0.39930421113967896,0.18458279967308044,0.2147214114665985,chirping_birds,crow,insects,0.1549791544675827,airplane,0.1364629864692688,hen,0.10757118463516235,chainsaw,0.10370652377605438,rooster,0.09041737020015717,rain,0.0892336517572403,dog,0.08734438568353653,train,0.08730385452508926
1-34853-A-37.wav,clock_alarm,clock_alarm,True,0.651138424873352,0.346839964389801,0.304298460483551,clock_alarm,car_horn,hen,0.30725473165512085,cow,0.28162485361099243,pig,0.23480325937271118,frog,0.22761651873588562,clock_tick,0.21456831693649292,rooster,0.19580696523189545,washing_machine,0.19107621908187866,sheep,0.1898924857378006
1-35687-A-38.wav,clock_tick,clock_tick,True,0.4759513735771179,0.31725284457206726,0.15869852900505066,clock_tick,clock_alarm,washing_machine,0.29710519313812256,door_wood_knock,0.22422829270362854,mouse_click,0.22192345559597015,toilet_flush,0.21410486102104187,helicopter,0.19654063880443573,hen,0.19264046847820282,chirping_birds,0.17983198165893555,rain,0.17841172218322754
1-36164-A-26.wav,laughing,laughing,True,0.43550318479537964,0.2714238166809082,0.16407936811447144,laughing,hen,cat,0.21416330337524414,washing_machine,0.1927913874387741,cow,0.1810324788093567,dog,0.17630767822265625,sneezing,0.1739295870065689,crying_baby,0.16009868681430817,helicopter,0.12214457243680954,breathing,0.11809005588293076
1-36164-B-26.wav,laughing,laughing,True,0.4959962069988251,0.2421199232339859,0.2538762837648392,laughing,hen,dog,0.20380622148513794,crying_baby,0.1408335566520691,sneezing,0.13541465997695923,coughing,0.13409481942653656,cat,0.13306009769439697,clapping,0.12806306779384613,rooster,0.1098853051662445,breathing,0.097600057721138
1-36393-A-23.wav,breathing,breathing,True,0.4757087528705597,0.3633396029472351,0.11236914992332458,breathing,sneezing,cow,0.34019726514816284,snoring,0.3092505931854248,rooster,0.3028451204299927,laughing,0.2824976444244385,drinking_sipping,0.269489049911499,coughing,0.2603187561035156,pig,0.254921019077301,dog,0.2483547031879425
1-36397-A-23.wav,breathing,breathing,True,0.4068567752838135,0.3599868714809418,0.046869903802871704,breathing,snoring,crow,0.332897812128067,wind,0.2605976164340973,can_opening,0.25454068183898926,sneezing,0.25325480103492737,airplane,0.24963507056236267,drinking_sipping,0.24752524495124817,rooster,0.2430528998374939,insects,0.21432620286941528
1-36400-A-23.wav,breathing,breathing,True,0.5298763513565063,0.3709917962551117,0.15888455510139465,breathing,sneezing,drinking_sipping,0.33163779973983765,coughing,0.3241785764694214,snoring,0.2983447313308716,cow,0.2906053066253662,pig,0.2555498778820038,laughing,0.25205233693122864,crow,0.22849416732788086,rooster,0.21011602878570557
1-36402-A-23.wav,breathing,breathing,True,0.48448580503463745,0.3629310131072998,0.12155479192733765,breathing,sneezing,laughing,0.32730135321617126,drinking_sipping,0.3014465868473053,coughing,0.2888915538787842,snoring,0.22331076860427856,clapping,0.18846313655376434,airplane,0.18572087585926056,wind,0.18379132449626923,cow,0.18045233190059662
1-36929-A-47.wav,airplane,airplane,True,0.4994308352470398,0.40749531984329224,0.09193551540374756,airplane,helicopter,engine,0.3741340637207031,train,0.3192031979560852,wind,0.2287674993276596,dog,0.2287169098854065,vacuum_cleaner,0.22862975299358368,washing_machine,0.198237806558609,chainsaw,0.18827781081199646,insects,0.1774328649044037
1-37226-A-29.wav,drinking_sipping,drinking_sipping,True,0.4195067584514618,0.2949637174606323,0.12454304099082947,drinking_sipping,sneezing,cow,0.25468891859054565,coughing,0.24980902671813965,pig,0.24927988648414612,can_opening,0.2145337462425232,brushing_teeth,0.2132619023323059,laughing,0.2007182240486145,snoring,0.19250017404556274,dog,0.18185527622699738
1-38559-A-14.wav,chirping_birds,chirping_birds,True,0.41373762488365173,0.32671689987182617,0.08702072501182556,chirping_birds,frog,insects,0.25668036937713623,crow,0.2555171251296997,hen,0.22662770748138428,rooster,0.20280447602272034,crickets,0.2018107771873474,cow,0.14428386092185974,pig,0.14348265528678894,train,0.12621721625328064
1-38560-A-14.wav,chirping_birds,chirping_birds,True,0.4656141400337219,0.31072351336479187,0.15489062666893005,chirping_birds,crow,hen,0.20375968515872955,dog,0.1566179394721985,rooster,0.15453602373600006,frog,0.14143049716949463,chainsaw,0.11808592081069946,cat,0.11613161861896515,airplane,0.11392176896333694,sea_waves,0.10990574210882187
1-39835-A-9.wav,crow,crow,True,0.6019191741943359,0.258686900138855,0.34323227405548096,crow,cow,crying_baby,0.24980533123016357,rooster,0.24261820316314697,sheep,0.23986013233661652,pig,0.23950481414794922,cat,0.23757082223892212,chainsaw,0.2353600710630417,hen,0.16625341773033142,church_bells,0.14894402027130127
1-39835-B-9.wav,crow,crow,True,0.6045957803726196,0.2589029371738434,0.34569284319877625,crow,cow,crying_baby,0.25255218148231506,sheep,0.23785103857517242,pig,0.23286840319633484,chainsaw,0.22093620896339417,rooster,0.2166118621826172,cat,0.2152680605649948,hen,0.1775330901145935,church_bells,0.1601279079914093
1-39901-A-11.wav,sea_waves,sea_waves,True,0.2909945845603943,0.1994820088148117,0.09151257574558258,sea_waves,pouring_water,engine,0.10532857477664948,train,0.09872082620859146,brushing_teeth,0.09002667665481567,dog,0.07656849920749664,toilet_flush,0.07600890845060349,washing_machine,0.07252011448144913,helicopter,0.07024072110652924,chirping_birds,0.06881953775882721
1-39901-B-11.wav,sea_waves,sea_waves,True,0.3617292642593384,0.21431118249893188,0.1474180817604065,sea_waves,pouring_water,train,0.1404024362564087,engine,0.13968820869922638,washing_machine,0.1262577474117279,helicopter,0.11027564108371735,toilet_flush,0.09809660911560059,wind,0.09764807671308517,clapping,0.09156185388565063,brushing_teeth,0.08919188380241394
1-39923-A-1.wav,rooster,rooster,True,0.5678253173828125,0.48769521713256836,0.08013010025024414,rooster,hen,cow,0.4323888421058655,crow,0.35226064920425415,clock_alarm,0.24856597185134888,frog,0.24339056015014648,sheep,0.2393055558204651,thunderstorm,0.23554106056690216,crying_baby,0.23308247327804565,pig,0.23136189579963684
1-39937-A-28.wav,snoring,snoring,True,0.6105647683143616,0.34661582112312317,0.2639489471912384,snoring,cow,chainsaw,0.3228956460952759,rooster,0.3106934726238251,breathing,0.29968351125717163,pig,0.2722395658493042,dog,0.2545258104801178,drinking_sipping,0.23471055924892426,hand_saw,0.23448839783668518,crow,0.22266799211502075
1-40154-A-46.wav,church_bells,church_bells,True,0.5736674070358276,0.29866909980773926,0.2749983072280884,church_bells,crying_baby,glass_breaking,0.22307977080345154,sneezing,0.18890786170959473,hen,0.1807444840669632,coughing,0.16404080390930176,cow,0.15088169276714325,laughing,0.14126625657081604,crow,0.137385755777359,cat,0.13736410439014435
1-40621-A-28.wav,snoring,snoring,True,0.583379328250885,0.29835718870162964,0.28502213954925537,snoring,breathing,drinking_sipping,0.268951416015625,chainsaw,0.257813036441803,cow,0.19976551830768585,pig,0.17908413708209991,brushing_teeth,0.16941770911216736,hand_saw,0.16941368579864502,crow,0.1479751467704773,airplane,0.14664636552333832
1-40730-A-1.wav,rooster,rooster,True,0.5404741764068604,0.4266044795513153,0.11386969685554504,rooster,crow,hen,0.3940190374851227,cow,0.33232733607292175,frog,0.2501043677330017,thunderstorm,0.2498190551996231,siren,0.2345048487186432,crying_baby,0.2303294688463211,insects,0.20524373650550842,chainsaw,0.19220615923404694
1-40967-A-28.wav,snoring,breathing,False,0.4111146330833435,0.40359190106391907,0.0075227320194244385,breathing,snoring,drinking_sipping,0.26235195994377136,vacuum_cleaner,0.21256709098815918,rooster,0.2021556794643402,thunderstorm,0.19962358474731445,sneezing,0.19423264265060425,wind,0.19151508808135986,airplane,0.18845073878765106,crying_baby,0.18624427914619446
1-41615-A-34.wav,can_opening,can_opening,True,0.6396815776824951,0.11663016676902771,0.5230514109134674,can_opening,drinking_sipping,brushing_teeth,0.06664800643920898,pig,0.06281782686710358,chainsaw,0.059512168169021606,dog,0.054447293281555176,crackling_fire,0.053219471126794815,mouse_click,0.049500785768032074,crow,0.04723932221531868,hand_saw,0.030482256785035133
1-4211-A-12.wav,crackling_fire,crackling_fire,True,0.5944395661354065,0.2914711833000183,0.3029683828353882,crackling_fire,water_drops,fireworks,0.2769608199596405,rain,0.24478664994239807,clock_tick,0.2328893542289734,glass_breaking,0.21653306484222412,keyboard_typing,0.19583716988563538,washing_machine,0.18818584084510803,can_opening,0.1869313269853592,mouse_click,0.1836610734462738
1-42139-A-38.wav,clock_tick,clock_tick,True,0.4693640470504761,0.23940029740333557,0.2299637496471405,clock_tick,door_wood_creaks,door_wood_knock,0.22822150588035583,clock_alarm,0.22210288047790527,washing_machine,0.2148939073085785,hen,0.21437731385231018,pig,0.20191770792007446,engine,0.15575659275054932,mouse_click,0.15412232279777527,rain,0.13042274117469788
1-43382-A-1.wav,rooster,rooster,True,0.5905997157096863,0.4757572114467621,0.1148425042629242,rooster,hen,cow,0.4026147723197937,crow,0.3820652663707733,frog,0.2958407998085022,thunderstorm,0.2445381134748459,siren,0.24447177350521088,clock_alarm,0.23673731088638306,crying_baby,0.23465017974376678,chirping_birds,0.21471744775772095
1-43760-A-11.wav,sea_waves,sea_waves,True,0.39570352435112,0.16272327303886414,0.23298025131225586,sea_waves,pouring_water,chirping_birds,0.14399297535419464,engine,0.1398695409297943,helicopter,0.11777787655591965,train,0.10417133569717407,rain,0.09767250716686249,dog,0.0859161764383316,water_drops,0.06664811074733734,hen,0.06466744095087051
1-43764-A-34.wav,can_opening,can_opening,True,0.2786855697631836,0.17167213559150696,0.10701343417167664,can_opening,airplane,wind,0.1699453741312027,vacuum_cleaner,0.15221337974071503,washing_machine,0.13025325536727905,engine,0.11819243431091309,chirping_birds,0.112873375415802,sea_waves,0.11171576380729675,train,0.11144798249006271,crackling_fire,0.10800693184137344
1-43807-A-47.wav,airplane,airplane,True,0.5634700059890747,0.41619962453842163,0.14727038145065308,airplane,helicopter,engine,0.2804103493690491,chainsaw,0.2775518298149109,thunderstorm,0.27750492095947266,crow,0.2421780824661255,train,0.2344144880771637,siren,0.2305271327495575,wind,0.22757084667682648,cat,0.20797640085220337
1-43807-B-47.wav,airplane,helicopter,False,0.5693237781524658,0.5369646549224854,0.03235912322998047,helicopter,airplane,engine,0.3186028003692627,wind,0.22691509127616882,train,0.19048354029655457,dog,0.178018718957901,rooster,0.1729726493358612,cat,0.16956204175949097,thunderstorm,0.16623741388320923,snoring,0.15870583057403564
1-43807-C-47.wav,airplane,helicopter,False,0.5757062435150146,0.5705075263977051,0.00519871711730957,helicopter,airplane,engine,0.39836031198501587,cat,0.2641376256942749,wind,0.2541947066783905,chainsaw,0.24042239785194397,vacuum_cleaner,0.23902712762355804,rooster,0.238271564245224,snoring,0.23362872004508972,dog,0.22927579283714294
1-43807-D-47.wav,airplane,airplane,True,0.5278363227844238,0.500095546245575,0.027740776538848877,airplane,helicopter,engine,0.33746057748794556,train,0.2242608219385147,wind,0.2197299301624298,chainsaw,0.2107762098312378,dog,0.1779078245162964,cow,0.15338492393493652,chirping_birds,0.1469804346561432,hen,0.13698118925094604
1-44831-A-1.wav,rooster,hen,False,0.5155206918716431,0.4513968825340271,0.06412380933761597,hen,cow,rooster,0.42975038290023804,crow,0.39367666840553284,chirping_birds,0.3406012952327728,frog,0.29046475887298584,sheep,0.2757122814655304,insects,0.24575001001358032,pig,0.23652814328670502,church_bells,0.22435209155082703
1-45641-A-27.wav,brushing_teeth,brushing_teeth,True,0.6495761871337891,0.27716177701950073,0.37241441011428833,brushing_teeth,hand_saw,vacuum_cleaner,0.23229756951332092,crying_baby,0.2105741947889328,clapping,0.20440936088562012,cat,0.19275906682014465,wind,0.18570689857006073,chainsaw,0.15891918540000916,rooster,0.14337550103664398,drinking_sipping,0.14149704575538635
1-45645-A-31.wav,mouse_click,mouse_click,True,0.30986860394477844,0.2589966952800751,0.05087190866470337,mouse_click,clock_tick,water_drops,0.24029366672039032,rain,0.20913463830947876,can_opening,0.1827172040939331,wind,0.16733583807945251,crackling_fire,0.15682730078697205,chirping_birds,0.1549346148967743,insects,0.15237517654895782,crickets,0.14579910039901733
1-46040-A-14.wav,chirping_birds,chirping_birds,True,0.34664833545684814,0.30124086141586304,0.04540747404098511,chirping_birds,crow,cat,0.2265228033065796,hen,0.21379277110099792,church_bells,0.17029106616973877,crying_baby,0.16126087307929993,rain,0.15557213127613068,dog,0.15554818511009216,airplane,0.10677576810121536,insects,0.10266468673944473
1-46272-A-12.wav,crackling_fire,crackling_fire,True,0.6645210981369019,0.3317885398864746,0.33273255825042725,crackling_fire,wind,thunderstorm,0.2573876976966858,fireworks,0.25619152188301086,glass_breaking,0.23083457350730896,rain,0.1949141025543213,pouring_water,0.1712670475244522,chainsaw,0.15627577900886536,footsteps,0.15105760097503662,breathing,0.15080967545509338
1-46274-A-18.wav,toilet_flush,toilet_flush,True,0.47526228427886963,0.2834598422050476,0.19180244207382202,toilet_flush,brushing_teeth,pouring_water,0.24782192707061768,washing_machine,0.21345514059066772,cow,0.1374228596687317,hand_saw,0.12150219827890396,rooster,0.08641228079795837,thunderstorm,0.07777411490678787,sheep,0.06991351395845413,helicopter,0.06326186656951904
1-46353-A-49.wav,hand_saw,hand_saw,True,0.6243873834609985,0.3188849985599518,0.30550238490104675,hand_saw,chainsaw,sheep,0.2862223982810974,cow,0.2283269166946411,rooster,0.16882053017616272,crow,0.13181060552597046,pig,0.13125716149806976,brushing_teeth,0.12997232377529144,crying_baby,0.12558676302433014,dog,0.10029149055480957
1-46744-A-36.wav,vacuum_cleaner,vacuum_cleaner,True,0.5520782470703125,0.3612298369407654,0.19084841012954712,vacuum_cleaner,engine,hand_saw,0.35526591539382935,washing_machine,0.3528863787651062,chainsaw,0.3101106584072113,brushing_teeth,0.23878121376037598,airplane,0.2347877025604248,wind,0.18845322728157043,cat,0.17908990383148193,rain,0.17317739129066467
1-46938-A-7.wav,insects,cow,False,0.3379210829734802,0.25560033321380615,0.08232074975967407,cow,sheep,brushing_teeth,0.22039863467216492,insects,0.19652816653251648,cat,0.17548000812530518,chainsaw,0.14315983653068542,crying_baby,0.13732558488845825,hen,0.13484562933444977,frog,0.12903040647506714,sneezing,0.122658371925354
1-46938-B-7.wav,insects,cow,False,0.3102150559425354,0.2216561734676361,0.08855888247489929,cow,sheep,brushing_teeth,0.21229188144207,insects,0.1958252340555191,chainsaw,0.16052678227424622,hand_saw,0.14197459816932678,cat,0.13207872211933136,crickets,0.11382430791854858,car_horn,0.10474321991205215,crying_baby,0.10356180369853973
1-47250-A-41.wav,chainsaw,chainsaw,True,0.4993552565574646,0.4170021414756775,0.08235311508178711,chainsaw,hand_saw,vacuum_cleaner,0.3926594853401184,cow,0.34729623794555664,sheep,0.32582521438598633,brushing_teeth,0.3008017838001251,engine,0.28953099250793457,rooster,0.2887483835220337,crying_baby,0.2763429880142212,cat,0.2599647641181946
1-47250-B-41.wav,chainsaw,chainsaw,True,0.5705820918083191,0.43796029686927795,0.13262179493904114,chainsaw,hand_saw,vacuum_cleaner,0.38897255063056946,cow,0.337211549282074,crying_baby,0.28445619344711304,brushing_teeth,0.28136593103408813,sheep,0.27985668182373047,rooster,0.23261792957782745,wind,0.207912415266037,cat,0.202535942196846
1-47273-A-21.wav,sneezing,sneezing,True,0.6072141528129578,0.24777312576770782,0.35944102704524994,sneezing,hen,coughing,0.24016764760017395,cow,0.2394254058599472,drinking_sipping,0.23457494378089905,cat,0.21049809455871582,laughing,0.18352322280406952,crying_baby,0.17496728897094727,church_bells,0.13820041716098785,dog,0.12746700644493103
1-47274-A-21.wav,sneezing,sneezing,True,0.3470473885536194,0.18585771322250366,0.16118967533111572,sneezing,crow,laughing,0.16463759541511536,crying_baby,0.1316002607345581,cat,0.10847917199134827,clapping,0.10814808309078217,can_opening,0.10689298808574677,dog,0.10357263684272766,coughing,0.09797242283821106,sea_waves,0.09323684871196747
1-47709-A-16.wav,wind,wind,True,0.48576658964157104,0.3346467912197113,0.15111979842185974,wind,thunderstorm,crackling_fire,0.2814244329929352,sea_waves,0.2460421770811081,engine,0.21729065477848053,airplane,0.20862172544002533,chainsaw,0.20689444243907928,hand_saw,0.1848350167274475,train,0.1716565638780594,cat,0.17157989740371704
1-47714-A-16.wav,wind,crackling_fire,False,0.42840445041656494,0.41273587942123413,0.01566857099533081,crackling_fire,wind,thunderstorm,0.3650544285774231,breathing,0.22836634516716003,engine,0.202641561627388,airplane,0.17347997426986694,fireworks,0.16915768384933472,clock_tick,0.15234223008155823,rain,0.13889248669147491,washing_machine,0.13083915412425995
1-47819-A-5.wav,cat,cat,True,0.6241101026535034,0.3266008198261261,0.2975092828273773,cat,crying_baby,dog,0.27808982133865356,crow,0.27696579694747925,cow,0.2713152766227722,sheep,0.2541602551937103,frog,0.24622918665409088,vacuum_cleaner,0.20574107766151428,hen,0.15885448455810547,rooster,0.15625298023223877
1-47819-B-5.wav,cat,cat,True,0.5748331546783447,0.276566743850708,0.2982664108276367,cat,crying_baby,sheep,0.23093479871749878,cow,0.2242160439491272,dog,0.20691516995429993,crow,0.1694895327091217,rooster,0.1586349606513977,frog,0.14842067658901215,vacuum_cleaner,0.12769514322280884,door_wood_creaks,0.12604941427707672
1-47819-C-5.wav,cat,cat,True,0.6147879362106323,0.33616775274276733,0.278620183467865,cat,crying_baby,cow,0.2739860415458679,vacuum_cleaner,0.2441471964120865,sheep,0.23667111992835999,dog,0.2313702255487442,frog,0.2256811559200287,crow,0.21516887843608856,insects,0.14958494901657104,chirping_birds,0.1419428586959839
1-47923-A-28.wav,snoring,snoring,True,0.534949004650116,0.37878721952438354,0.15616178512573242,snoring,drinking_sipping,breathing,0.33652764558792114,sneezing,0.31669288873672485,brushing_teeth,0.2391318380832672,pig,0.232412189245224,chainsaw,0.22038257122039795,cow,0.20712625980377197,crying_baby,0.20482237637043,coughing,0.17488610744476318
1-48298-A-46.wav,church_bells,church_bells,True,0.5276517868041992,0.2083004117012024,0.3193513751029968,church_bells,clock_tick,fireworks,0.11555126309394836,cow,0.1107882708311081,glass_breaking,0.10485813021659851,train,0.1019536703824997,water_drops,0.09252684563398361,clock_alarm,0.09195373207330704,crying_baby,0.09151341021060944,car_horn,0.09067679941654205
1-48413-A-38.wav,clock_tick,clock_tick,True,0.37817704677581787,0.28615105152130127,0.0920259952545166,clock_tick,clock_alarm,hen,0.2612980306148529,washing_machine,0.2160702645778656,engine,0.16021928191184998,car_horn,0.15886449813842773,sheep,0.15312057733535767,cow,0.14670462906360626,door_wood_knock,0.13823968172073364,pig,0.13353538513183594
1-49098-A-35.wav,washing_machine,washing_machine,True,0.49394887685775757,0.38971561193466187,0.1042332649230957,washing_machine,engine,rooster,0.28405696153640747,train,0.28251028060913086,door_wood_knock,0.2638247013092041,toilet_flush,0.22191277146339417,door_wood_creaks,0.2186484932899475,helicopter,0.18976926803588867,airplane,0.1737564653158188,thunderstorm,0.17140214145183563
1-49409-A-8.wav,sheep,sheep,True,0.5970423221588135,0.4602430760860443,0.13679924607276917,sheep,cow,crow,0.3605180084705353,pig,0.3514400124549866,hen,0.32571566104888916,crying_baby,0.288574755191803,cat,0.21824276447296143,chainsaw,0.20512136816978455,frog,0.1695367991924286,hand_saw,0.15072165429592133
1-49409-B-8.wav,sheep,sheep,True,0.6005665063858032,0.5246647596359253,0.07590174674987793,sheep,cow,crow,0.3847796320915222,pig,0.36327847838401794,crying_baby,0.3327031135559082,hen,0.2974395751953125,chainsaw,0.2694982588291168,cat,0.2299141138792038,hand_saw,0.20470091700553894,frog,0.17845329642295837
1-50060-A-10.wav,rain,rain,True,0.3882148265838623,0.24799352884292603,0.14022129774093628,rain,thunderstorm,hen,0.20015159249305725,crackling_fire,0.17327451705932617,crow,0.16686289012432098,engine,0.14747919142246246,cat,0.14124193787574768,dog,0.13066965341567993,brushing_teeth,0.11713165044784546,chainsaw,0.11117416620254517
1-50454-A-44.wav,engine,engine,True,0.46956250071525574,0.40287190675735474,0.066690593957901,engine,helicopter,washing_machine,0.35159415006637573,airplane,0.33253687620162964,train,0.2699277102947235,hen,0.2491970956325531,insects,0.22265949845314026,crickets,0.1964072585105896,clock_tick,0.19508787989616394,rooster,0.19280141592025757
1-50455-A-44.wav,engine,engine,True,0.3593983054161072,0.28868216276168823,0.07071614265441895,engine,rooster,helicopter,0.2860967516899109,chainsaw,0.27097639441490173,washing_machine,0.2528233230113983,cow,0.2087080180644989,airplane,0.20344287157058716,hand_saw,0.17699915170669556,hen,0.17499826848506927,insects,0.17198997735977173
1-50623-A-15.wav,water_drops,water_drops,True,0.48236021399497986,0.3027510344982147,0.17960917949676514,water_drops,pouring_water,sea_waves,0.14076769351959229,frog,0.13705912232398987,rain,0.11257679760456085,can_opening,0.10421334207057953,washing_machine,0.08657415956258774,toilet_flush,0.07394909113645554,mouse_click,0.0683528259396553,brushing_teeth,0.06571954488754272
1-50625-A-17.wav,pouring_water,pouring_water,True,0.48336076736450195,0.23736770451068878,0.24599306285381317,pouring_water,brushing_teeth,water_drops,0.23524081707000732,drinking_sipping,0.20030133426189423,can_opening,0.15464268624782562,rain,0.1454475075006485,glass_breaking,0.1376204639673233,toilet_flush,0.08033458888530731,washing_machine,0.0742475688457489,cow,0.06368100643157959
1-50661-A-44.wav,engine,engine,True,0.48573750257492065,0.3065231144428253,0.17921438813209534,engine,washing_machine,helicopter,0.2872634828090668,airplane,0.23716221749782562,train,0.21663257479667664,hen,0.19220995903015137,chainsaw,0.18889135122299194,hand_saw,0.17744654417037964,cow,0.12388485670089722,vacuum_cleaner,0.12298472970724106
1-50688-A-17.wav,pouring_water,pouring_water,True,0.4769390821456909,0.26705580949783325,0.20988327264785767,pouring_water,water_drops,brushing_teeth,0.19590359926223755,can_opening,0.17451027035713196,drinking_sipping,0.1571730673313141,rain,0.12017492949962616,glass_breaking,0.11277394741773605,toilet_flush,0.09041957557201385,washing_machine,0.04726576805114746,dog,0.04330761358141899
1-51035-A-16.wav,wind,wind,True,0.49277809262275696,0.3708810806274414,0.12189701199531555,wind,sea_waves,crackling_fire,0.30816811323165894,thunderstorm,0.28209567070007324,rain,0.26230499148368835,airplane,0.2373986393213272,clock_tick,0.20367398858070374,crow,0.1840856373310089,fireworks,0.17660489678382874,train,0.16542081534862518
1-51036-A-16.wav,wind,wind,True,0.4576980173587799,0.3839205503463745,0.0737774670124054,wind,sea_waves,rain,0.28260117769241333,thunderstorm,0.26543116569519043,crackling_fire,0.25330850481987,airplane,0.2512131333351135,clock_tick,0.19029293954372406,fireworks,0.18522703647613525,crow,0.18521389365196228,glass_breaking,0.1719544678926468
1-51037-A-16.wav,wind,sea_waves,False,0.3571622371673584,0.2704033851623535,0.08675885200500488,sea_waves,wind,glass_breaking,0.26869523525238037,rain,0.2001480758190155,coughing,0.19459809362888336,thunderstorm,0.17828509211540222,crying_baby,0.16837076842784882,train,0.15545621514320374,clapping,0.15166999399662018,sneezing,0.13941365480422974
1-51147-A-25.wav,footsteps,water_drops,False,0.2552821636199951,0.25368958711624146,0.0015925765037536621,water_drops,pouring_water,brushing_teeth,0.2503519356250763,washing_machine,0.19340276718139648,toilet_flush,0.17590466141700745,can_opening,0.17191003262996674,dog,0.16468451917171478,hen,0.10177331417798996,cat,0.07750490307807922,sheep,0.07636900991201401
1-51170-A-18.wav,toilet_flush,toilet_flush,True,0.4697836637496948,0.29968079924583435,0.17010286450386047,toilet_flush,brushing_teeth,pouring_water,0.2171964943408966,washing_machine,0.20922669768333435,hand_saw,0.16026028990745544,cow,0.12065224349498749,rooster,0.09857186675071716,sheep,0.0674486756324768,vacuum_cleaner,0.057576753199100494,clock_alarm,0.036841824650764465
1-51433-A-17.wav,pouring_water,pouring_water,True,0.45095568895339966,0.26918184757232666,0.181773841381073,pouring_water,brushing_teeth,drinking_sipping,0.18743568658828735,can_opening,0.17798131704330444,water_drops,0.15927058458328247,rain,0.1384703814983368,toilet_flush,0.11601735651493073,glass_breaking,0.09730041772127151,cow,0.04551423713564873,sea_waves,0.030560247600078583
1-51436-A-17.wav,pouring_water,pouring_water,True,0.43252915143966675,0.2541261613368988,0.17840299010276794,pouring_water,brushing_teeth,drinking_sipping,0.20542287826538086,can_opening,0.18602123856544495,water_drops,0.1848110854625702,glass_breaking,0.13235414028167725,rain,0.11882852017879486,toilet_flush,0.08984696865081787,washing_machine,0.040047090500593185,cow,0.028530480340123177
1-51805-A-33.wav,door_wood_creaks,door_wood_creaks,True,0.4803444743156433,0.1423276662826538,0.3380168080329895,door_wood_creaks,crying_baby,door_wood_knock,0.12445210665464401,cat,0.11366334557533264,frog,0.10588132590055466,crow,0.09355326741933823,rooster,0.08138920366764069,sheep,0.07714956998825073,cow,0.06616352498531342,car_horn,0.03283243253827095
1-51805-B-33.wav,door_wood_creaks,door_wood_creaks,True,0.46017640829086304,0.13605338335037231,0.3241230249404907,door_wood_creaks,cat,frog,0.11571000516414642,door_wood_knock,0.10533925145864487,crow,0.10134009271860123,crying_baby,0.0971757173538208,rooster,0.08369144797325134,cow,0.031763676553964615,snoring,0.0314561128616333,car_horn,0.012137427926063538
1-51805-C-33.wav,door_wood_creaks,door_wood_creaks,True,0.446603000164032,0.2355920970439911,0.2110109031200409,door_wood_creaks,cat,frog,0.228871151804924,crow,0.22055059671401978,crying_baby,0.21229588985443115,door_wood_knock,0.15091000497341156,car_horn,0.14356771111488342,siren,0.13077104091644287,rooster,0.12696108222007751,dog,0.1144992932677269
1-51805-D-33.wav,door_wood_creaks,door_wood_creaks,True,0.42371517419815063,0.1489599645137787,0.27475520968437195,door_wood_creaks,frog,cat,0.14283138513565063,crow,0.1385076344013214,door_wood_knock,0.09907203167676926,rooster,0.0967823788523674,crying_baby,0.09402177482843399,cow,0.05126183480024338,snoring,0.043456584215164185,chirping_birds,0.033715568482875824
1-51805-E-33.wav,door_wood_creaks,door_wood_creaks,True,0.4902867078781128,0.1524200737476349,0.3378666341304779,door_wood_creaks,cat,door_wood_knock,0.14604578912258148,rooster,0.14177972078323364,frog,0.12097117304801941,crying_baby,0.11673708260059357,crow,0.10433812439441681,snoring,0.08809451013803482,cow,0.07903707027435303,dog,0.051854267716407776
1-51805-F-33.wav,door_wood_creaks,door_wood_creaks,True,0.575904369354248,0.24321231245994568,0.33269205689430237,door_wood_creaks,door_wood_knock,cat,0.2127218395471573,crow,0.1949085146188736,rooster,0.18760907649993896,frog,0.17358160018920898,crying_baby,0.15514250099658966,snoring,0.13258123397827148,cow,0.1042335033416748,car_horn,0.04869511350989342
1-51805-G-33.wav,door_wood_creaks,door_wood_creaks,True,0.5576761960983276,0.22990381717681885,0.3277723789215088,door_wood_creaks,door_wood_knock,frog,0.2184220552444458,crow,0.19866693019866943,rooster,0.16600817441940308,cat,0.16014215350151062,crying_baby,0.15457981824874878,car_horn,0.09816059470176697,cow,0.08980721235275269,siren,0.08666814863681793
1-51805-H-33.wav,door_wood_creaks,door_wood_creaks,True,0.519058346748352,0.2106981873512268,0.30836015939712524,door_wood_creaks,door_wood_knock,rooster,0.14482611417770386,crow,0.13826704025268555,frog,0.11058322340250015,crying_baby,0.10868672281503677,snoring,0.08900085091590881,cat,0.08039325475692749,siren,0.06428458541631699,cow,0.05833941325545311
1-52266-A-24.wav,coughing,coughing,True,0.6092243790626526,0.44113481044769287,0.16808956861495972,coughing,sneezing,laughing,0.4188242256641388,hen,0.39791983366012573,drinking_sipping,0.3435630202293396,breathing,0.33857399225234985,pig,0.32484370470046997,cow,0.274962842464447,crying_baby,0.24151533842086792,can_opening,0.22176218032836914
1-52290-A-30.wav,door_wood_knock,door_wood_knock,True,0.5854185819625854,0.4038527011871338,0.18156588077545166,door_wood_knock,door_wood_creaks,clock_tick,0.3108541965484619,washing_machine,0.27527669072151184,rooster,0.27387577295303345,engine,0.27128177881240845,hen,0.2509461045265198,helicopter,0.2293156534433365,dog,0.22608095407485962,frog,0.20762327313423157
1-52323-A-24.wav,coughing,coughing,True,0.6183813810348511,0.5102792978286743,0.10810208320617676,coughing,sneezing,laughing,0.3836788535118103,breathing,0.2974283993244171,hen,0.2892541289329529,drinking_sipping,0.2710592448711395,crying_baby,0.22504904866218567,cow,0.19129322469234467,can_opening,0.189240962266922,pig,0.15108829736709595
1-53444-A-28.wav,snoring,snoring,True,0.5880966186523438,0.26296937465667725,0.3251272439956665,snoring,drinking_sipping,brushing_teeth,0.2567407488822937,cat,0.2510441541671753,cow,0.24308158457279205,chainsaw,0.22421003878116608,pig,0.20267587900161743,rooster,0.18660101294517517,sheep,0.1813145875930786,door_wood_creaks,0.1790359914302826
1-53467-A-47.wav,airplane,airplane,True,0.5324829816818237,0.4722867012023926,0.06019628047943115,airplane,helicopter,engine,0.3448357582092285,chainsaw,0.234871506690979,train,0.2334708273410797,wind,0.22967447340488434,insects,0.22831910848617554,dog,0.21378718316555023,cow,0.20799604058265686,crickets,0.20728610455989838
1-53501-A-32.wav,keyboard_typing,keyboard_typing,True,0.4473955035209656,0.36002054810523987,0.08737495541572571,keyboard_typing,mouse_click,airplane,0.18528562784194946,water_drops,0.1780138462781906,pouring_water,0.16178376972675323,cat,0.16022363305091858,chirping_birds,0.15913528203964233,dog,0.14432990550994873,helicopter,0.14209561049938202,rain,0.14154815673828125
1-53663-A-24.wav,coughing,coughing,True,0.5604397058486938,0.4447841942310333,0.11565551161766052,coughing,sneezing,hen,0.3229455351829529,breathing,0.2923159599304199,laughing,0.2585028111934662,cow,0.22357870638370514,drinking_sipping,0.20965537428855896,crying_baby,0.17838728427886963,rooster,0.15252508223056793,clock_tick,0.15172964334487915
1-53670-A-18.wav,toilet_flush,toilet_flush,True,0.4513179361820221,0.29575687646865845,0.15556105971336365,toilet_flush,brushing_teeth,washing_machine,0.2193998247385025,pouring_water,0.17519117891788483,hand_saw,0.1549062430858612,rooster,0.13586582243442535,cow,0.1045975312590599,helicopter,0.10193566977977753,thunderstorm,0.09403295814990997,engine,0.07673142850399017
1-54065-A-45.wav,train,train,True,0.5655957460403442,0.30343130230903625,0.262164443731308,train,engine,airplane,0.2938181459903717,helicopter,0.24092812836170197,coughing,0.2093198001384735,washing_machine,0.1764642596244812,breathing,0.16541902720928192,wind,0.16511985659599304,chirping_birds,0.15548864006996155,hen,0.1487106829881668
1-54065-B-45.wav,train,train,True,0.3808888792991638,0.22366788983345032,0.1572209894657135,train,airplane,engine,0.21214088797569275,helicopter,0.1843968629837036,rooster,0.1439705789089203,thunderstorm,0.12267883121967316,fireworks,0.11619311571121216,washing_machine,0.10154207050800323,hand_saw,0.09850054979324341,chirping_birds,0.09445047378540039
1-54084-A-42.wav,siren,siren,True,0.44037818908691406,0.31472116708755493,0.12565702199935913,siren,vacuum_cleaner,chainsaw,0.2510164976119995,car_horn,0.23223184049129486,crying_baby,0.22888398170471191,hand_saw,0.20018160343170166,sea_waves,0.1807311624288559,crow,0.16740155220031738,cow,0.1660565435886383,dog,0.15557047724723816
1-54505-A-21.wav,sneezing,sneezing,True,0.5733258724212646,0.2381192445755005,0.33520662784576416,sneezing,drinking_sipping,coughing,0.2270161211490631,cow,0.2195209562778473,breathing,0.20982763171195984,dog,0.15913060307502747,crying_baby,0.13213065266609192,laughing,0.12444985657930374,hen,0.12382769584655762,crow,0.11129848659038544
1-54747-A-46.wav,church_bells,church_bells,True,0.5400098562240601,0.20758458971977234,0.3324252665042877,church_bells,hen,chirping_birds,0.1927427351474762,crow,0.18891006708145142,crying_baby,0.17399317026138306,cow,0.14856666326522827,glass_breaking,0.12191732972860336,dog,0.10540763288736343,train,0.10155711323022842,helicopter,0.08259616792201996
1-54752-A-18.wav,toilet_flush,toilet_flush,True,0.4687718152999878,0.38944193720817566,0.07932987809181213,toilet_flush,washing_machine,brushing_teeth,0.3239251971244812,pouring_water,0.2805294096469879,hand_saw,0.2276245504617691,cow,0.1826363503932953,engine,0.15293270349502563,rain,0.15178672969341278,vacuum_cleaner,0.14050601422786713,rooster,0.12900854647159576
1-54918-A-14.wav,chirping_birds,chirping_birds,True,0.445370614528656,0.18988706171512604,0.25548355281352997,chirping_birds,crow,airplane,0.14970074594020844,cow,0.14877764880657196,sheep,0.1365787386894226,chainsaw,0.13462208211421967,dog,0.11885732412338257,church_bells,0.10937530547380447,train,0.10213860869407654,rooster,0.10164017230272293
1-54918-B-14.wav,chirping_birds,chirping_birds,True,0.4536016285419464,0.23891392350196838,0.21468770503997803,chirping_birds,crow,airplane,0.19017872214317322,church_bells,0.15998870134353638,helicopter,0.12936411798000336,insects,0.1285514384508133,dog,0.11793555319309235,pouring_water,0.11061317473649979,hen,0.10950854420661926,chainsaw,0.0935574620962143
1-54958-A-10.wav,rain,rain,True,0.3328188955783844,0.27045151591300964,0.062367379665374756,rain,crackling_fire,thunderstorm,0.1920294463634491,engine,0.188190758228302,pouring_water,0.12892524898052216,cat,0.12867087125778198,dog,0.1271539330482483,vacuum_cleaner,0.11000055074691772,crow,0.10413705557584763,hen,0.10396574437618256
1-56233-A-9.wav,crow,crow,True,0.6254442930221558,0.2452787309885025,0.38016556203365326,crow,cow,rooster,0.24466590583324432,pig,0.2350628674030304,chainsaw,0.22938577830791473,chirping_birds,0.20048528909683228,sheep,0.19821728765964508,church_bells,0.19735002517700195,insects,0.19026465713977814,cat,0.18970195949077606
1-56234-A-9.wav,crow,crow,True,0.6150175333023071,0.3091323971748352,0.3058851361274719,crow,rooster,chainsaw,0.2254350781440735,insects,0.2163642942905426,cow,0.21071447432041168,church_bells,0.21022717654705048,chirping_birds,0.21002644300460815,crickets,0.19387169182300568,pig,0.19103661179542542,frog,0.17516031861305237
1-56269-A-18.wav,toilet_flush,toilet_flush,True,0.48677513003349304,0.3275648355484009,0.15921029448509216,toilet_flush,brushing_teeth,pouring_water,0.16464242339134216,rooster,0.1515512466430664,washing_machine,0.14759904146194458,hand_saw,0.1413639932870865,cow,0.14064882695674896,thunderstorm,0.11386305838823318,pig,0.08937214314937592,sheep,0.07720115035772324
1-56270-A-29.wav,drinking_sipping,drinking_sipping,True,0.38953709602355957,0.34757763147354126,0.04195946455001831,drinking_sipping,pouring_water,coughing,0.24895358085632324,water_drops,0.23931795358657837,can_opening,0.23499582707881927,breathing,0.22268591821193695,pig,0.1909344643354416,door_wood_knock,0.19022013247013092,washing_machine,0.1759762465953827,brushing_teeth,0.15901032090187073
1-56311-A-10.wav,rain,crackling_fire,False,0.4438096880912781,0.37022536993026733,0.07358431816101074,crackling_fire,rain,thunderstorm,0.2708045542240143,fireworks,0.22166648507118225,chainsaw,0.21453168988227844,glass_breaking,0.21017318964004517,clapping,0.2100377380847931,clock_tick,0.1852344423532486,engine,0.18313366174697876,hen,0.18207764625549316
1-56380-A-5.wav,cat,cat,True,0.6612458825111389,0.3937433063983917,0.2675025761127472,cat,crying_baby,sheep,0.3359866142272949,cow,0.30277344584465027,crow,0.24804054200649261,frog,0.2422986924648285,dog,0.21834716200828552,rooster,0.20346297323703766,hen,0.19439665973186493,vacuum_cleaner,0.18742677569389343
1-56380-B-5.wav,cat,cat,True,0.653565526008606,0.3213256001472473,0.33223992586135864,cat,crying_baby,frog,0.27831321954727173,sheep,0.26218098402023315,cow,0.23919160664081573,rooster,0.22799569368362427,crow,0.21754372119903564,dog,0.21415966749191284,car_horn,0.18550819158554077,hen,0.18505246937274933
1-56907-A-46.wav,church_bells,church_bells,True,0.5161218643188477,0.22545117139816284,0.2906706929206848,church_bells,cow,hen,0.2197277694940567,crying_baby,0.18668949604034424,crow,0.1680307239294052,chirping_birds,0.15303826332092285,sheep,0.1478366255760193,train,0.08402210474014282,cat,0.08199140429496765,sneezing,0.06555239856243134
1-57163-A-38.wav,clock_tick,clock_tick,True,0.42791688442230225,0.39248162508010864,0.035435259342193604,clock_tick,clock_alarm,hen,0.2523004710674286,rooster,0.19256490468978882,pig,0.17186838388442993,car_horn,0.15726719796657562,chirping_birds,0.14460039138793945,washing_machine,0.13918548822402954,hand_saw,0.13633675873279572,cow,0.12618893384933472
1-57316-A-13.wav,crickets,insects,False,0.3472957909107208,0.3357301354408264,0.01156565546989441,insects,brushing_teeth,crickets,0.3130008578300476,helicopter,0.25642073154449463,cow,0.17124919593334198,water_drops,0.16841083765029907,hen,0.15508592128753662,crackling_fire,0.1466827243566513,washing_machine,0.1387750804424286,frog,0.13302189111709595
1-57318-A-13.wav,crickets,insects,False,0.5289973616600037,0.5164105892181396,0.012586772441864014,insects,crickets,cow,0.2532135844230652,helicopter,0.24240925908088684,engine,0.2040470689535141,frog,0.1808834671974182,wind,0.1776459664106369,sheep,0.16878384351730347,airplane,0.1607329249382019,hand_saw,0.15396136045455933
1-57795-A-8.wav,sheep,sheep,True,0.5918065905570984,0.4474397301673889,0.14436686038970947,sheep,cow,hen,0.2307574301958084,pig,0.22272750735282898,crow,0.22158491611480713,rooster,0.16187861561775208,hand_saw,0.10729112476110458,car_horn,0.09679794311523438,frog,0.09319080412387848,laughing,0.08961150795221329
1-58277-A-3.wav,cow,cow,True,0.6151828765869141,0.5380535125732422,0.07712936401367188,cow,rooster,sheep,0.4331703782081604,dog,0.4055245816707611,pig,0.3870156407356262,crow,0.35555773973464966,crying_baby,0.31200817227363586,siren,0.30877843499183655,hen,0.3051780164241791,chainsaw,0.2929636836051941
1-58792-A-24.wav,coughing,sneezing,False,0.42158007621765137,0.24447423219680786,0.1771058440208435,sneezing,crying_baby,crow,0.20611023902893066,laughing,0.19005003571510315,drinking_sipping,0.17706483602523804,rooster,0.17100836336612701,cow,0.1661154329776764,brushing_teeth,0.15305881202220917,cat,0.15290969610214233,coughing,0.14701887965202332
1-58846-A-34.wav,can_opening,can_opening,True,0.7081260681152344,0.16278278827667236,0.545343279838562,can_opening,drinking_sipping,pouring_water,0.13575264811515808,crackling_fire,0.11498090624809265,brushing_teeth,0.07938124984502792,pig,0.040729500353336334,sneezing,0.032709937542676926,toilet_flush,0.02511202171444893,water_drops,0.015554364770650864,vacuum_cleaner,0.0056640151888132095
1-58923-A-27.wav,brushing_teeth,brushing_teeth,True,0.7244454026222229,0.24740882217884064,0.47703658044338226,brushing_teeth,drinking_sipping,hand_saw,0.23239056766033173,snoring,0.1654874086380005,rooster,0.16213169693946838,crying_baby,0.14189746975898743,cow,0.13287371397018433,vacuum_cleaner,0.13244548439979553,clapping,0.1261160969734192,cat,0.12403175234794617
1-58923-B-27.wav,brushing_teeth,brushing_teeth,True,0.679504930973053,0.2600654661655426,0.4194394648075104,brushing_teeth,hand_saw,rooster,0.18221315741539001,drinking_sipping,0.1770208477973938,cat,0.157476544380188,crying_baby,0.15543201565742493,snoring,0.14674410223960876,chainsaw,0.13154840469360352,vacuum_cleaner,0.12673388421535492,clapping,0.11765784025192261
1-59102-A-13.wav,crickets,crickets,True,0.4924018681049347,0.46749570965766907,0.024906158447265625,crickets,insects,frog,0.28055712580680847,wind,0.24530687928199768,helicopter,0.22894714772701263,crow,0.2078961431980133,train,0.19109505414962769,airplane,0.18593060970306396,chainsaw,0.17845462262630463,engine,0.17732027173042297
1-59324-A-21.wav,sneezing,sneezing,True,0.49117833375930786,0.2625688910484314,0.22860944271087646,sneezing,drinking_sipping,coughing,0.24755120277404785,cow,0.22918455302715302,pig,0.21049681305885315,can_opening,0.20973417162895203,dog,0.20512068271636963,sheep,0.18547287583351135,hen,0.18489927053451538,breathing,0.15499603748321533
1-59513-A-0.wav,dog,dog,True,0.5568068623542786,0.3050634562969208,0.2517434060573578,dog,rooster,cow,0.2173510193824768,fireworks,0.20860907435417175,hen,0.17144331336021423,chirping_birds,0.13948103785514832,cat,0.1286136507987976,door_wood_knock,0.11761781573295593,sheep,0.11473922431468964,pig,0.11393044888973236
1-5996-A-6.wav,hen,hen,True,0.6078146696090698,0.45543771982192993,0.1523769497871399,hen,cow,rooster,0.36973440647125244,crow,0.3549349904060364,sheep,0.3546133041381836,pig,0.3307272791862488,crying_baby,0.26959550380706787,frog,0.2609887719154358,laughing,0.23106780648231506,chirping_birds,0.21840068697929382
1-60460-A-36.wav,vacuum_cleaner,vacuum_cleaner,True,0.5520728826522827,0.3535490334033966,0.1985238492488861,vacuum_cleaner,brushing_teeth,washing_machine,0.3408932089805603,hand_saw,0.22458061575889587,crying_baby,0.17166438698768616,toilet_flush,0.1695411503314972,cat,0.1643734723329544,rain,0.15825247764587402,dog,0.15078029036521912,door_wood_knock,0.14202401041984558
1-60676-A-34.wav,can_opening,can_opening,True,0.6163661479949951,0.20348221063613892,0.4128839373588562,can_opening,pouring_water,drinking_sipping,0.14546620845794678,water_drops,0.11420790106058121,brushing_teeth,0.09867320209741592,toilet_flush,0.0426061749458313,crackling_fire,0.03960883244872093,glass_breaking,0.02238113433122635,airplane,0.020965393632650375,vacuum_cleaner,0.018176302313804626
1-60997-A-20.wav,crying_baby,crying_baby,True,0.6764650344848633,0.40316247940063477,0.2733025550842285,crying_baby,cow,cat,0.34787553548812866,crow,0.29160624742507935,sheep,0.2762717008590698,hen,0.27469196915626526,sneezing,0.2667933702468872,coughing,0.24936449527740479,vacuum_cleaner,0.22487443685531616,frog,0.19547230005264282
1-60997-B-20.wav,crying_baby,crying_baby,True,0.629584014415741,0.3272114396095276,0.3023725748062134,crying_baby,cat,cow,0.2806852161884308,crow,0.23048195242881775,sheep,0.22429125010967255,hen,0.22206522524356842,coughing,0.21293166279792786,sneezing,0.1826358586549759,dog,0.17845779657363892,frog,0.1696011871099472
1-61212-A-32.wav,keyboard_typing,keyboard_typing,True,0.2789984345436096,0.1798003762960434,0.09919805824756622,keyboard_typing,mouse_click,helicopter,0.10799425840377808,airplane,0.10470074415206909,chainsaw,0.08486981689929962,dog,0.07762032002210617,clock_alarm,0.05706679821014404,door_wood_creaks,0.054510265588760376,brushing_teeth,0.03851558268070221,washing_machine,0.033339790999889374
1-61221-A-17.wav,pouring_water,pouring_water,True,0.4710052013397217,0.24363040924072266,0.22737479209899902,pouring_water,drinking_sipping,water_drops,0.2343219369649887,brushing_teeth,0.2133481204509735,can_opening,0.20087119936943054,snoring,0.10730098932981491,glass_breaking,0.10646036267280579,washing_machine,0.10246172547340393,toilet_flush,0.09214824438095093,frog,0.078244648873806
1-61252-A-11.wav,sea_waves,sea_waves,True,0.4652685821056366,0.16441084444522858,0.300857737660408,sea_waves,wind,thunderstorm,0.10936558246612549,train,0.09636081755161285,rain,0.09244683384895325,dog,0.08172067999839783,pouring_water,0.07875237613916397,crackling_fire,0.07519519329071045,glass_breaking,0.044150255620479584,airplane,0.044136423617601395
1-61261-A-44.wav,engine,engine,True,0.42428162693977356,0.3120938539505005,0.11218777298927307,engine,airplane,helicopter,0.2880980968475342,washing_machine,0.26076364517211914,train,0.17478525638580322,crackling_fire,0.15012747049331665,chainsaw,0.146973118185997,hen,0.14323261380195618,dog,0.12841854989528656,clapping,0.12388098239898682
1-61534-A-27.wav,brushing_teeth,brushing_teeth,True,0.5221551060676575,0.30901089310646057,0.2131442129611969,brushing_teeth,cat,drinking_sipping,0.2478235960006714,snoring,0.2398914247751236,rooster,0.22742816805839539,crow,0.22670501470565796,hand_saw,0.22112175822257996,crying_baby,0.2182033658027649,wind,0.20658844709396362,vacuum_cleaner,0.18636393547058105
1-62509-A-45.wav,train,train,True,0.6016401052474976,0.2676079273223877,0.33403217792510986,train,airplane,engine,0.26575517654418945,coughing,0.255237877368927,helicopter,0.24857160449028015,hen,0.20414358377456665,chirping_birds,0.19406384229660034,washing_machine,0.1756209135055542,breathing,0.16884829103946686,thunderstorm,0.16704222559928894
1-62565-A-44.wav,engine,engine,True,0.4771178960800171,0.3240164816379547,0.15310141444206238,engine,airplane,helicopter,0.3189481198787689,washing_machine,0.3011915683746338,crackling_fire,0.2951628863811493,chainsaw,0.20794762670993805,wind,0.19266149401664734,dog,0.17996817827224731,vacuum_cleaner,0.16505467891693115,crickets,0.16392788290977478
1-62594-A-32.wav,keyboard_typing,keyboard_typing,True,0.4977909028530121,0.3876602351665497,0.1101306676864624,keyboard_typing,mouse_click,can_opening,0.17301277816295624,washing_machine,0.17285235226154327,footsteps,0.16505436599254608,pouring_water,0.16058239340782166,airplane,0.15754814445972443,door_wood_knock,0.1388627290725708,water_drops,0.12366368621587753,dog,0.11557786911725998
1-62849-A-38.wav,clock_tick,clock_tick,True,0.38652220368385315,0.2968679666519165,0.08965423703193665,clock_tick,clock_alarm,hen,0.19168347120285034,door_wood_knock,0.13380515575408936,pig,0.12692473828792572,rooster,0.12248294800519943,washing_machine,0.11672325432300568,door_wood_creaks,0.11660678684711456,mouse_click,0.11058562994003296,car_horn,0.09062764048576355
1-62850-A-38.wav,clock_tick,clock_tick,True,0.4862317144870758,0.3147711753845215,0.17146053910255432,clock_tick,clock_alarm,hen,0.23747508227825165,washing_machine,0.23737648129463196,door_wood_knock,0.1952575296163559,chirping_birds,0.16133728623390198,door_wood_creaks,0.14962013065814972,mouse_click,0.1447586715221405,brushing_teeth,0.13797010481357574,pig,0.13717542588710785
1-63679-A-24.wav,coughing,coughing,True,0.5734877586364746,0.3761875629425049,0.19730019569396973,coughing,sneezing,hen,0.3072323799133301,laughing,0.27291613817214966,breathing,0.23815234005451202,drinking_sipping,0.2151382863521576,pig,0.19224049150943756,crying_baby,0.17066743969917297,cow,0.16539716720581055,brushing_teeth,0.15971356630325317
1-63871-A-10.wav,rain,rain,True,0.43989840149879456,0.31910306215286255,0.120795339345932,rain,engine,crackling_fire,0.25062599778175354,thunderstorm,0.2138557732105255,clock_tick,0.18816453218460083,hen,0.1729113608598709,train,0.16680148243904114,washing_machine,0.14904238283634186,airplane,0.13539265096187592,chirping_birds,0.12388110160827637
1-64398-A-41.wav,chainsaw,chainsaw,True,0.5872529149055481,0.4382397532463074,0.14901316165924072,chainsaw,hand_saw,vacuum_cleaner,0.22111228108406067,cow,0.2052374631166458,sheep,0.20216447114944458,brushing_teeth,0.17387010157108307,crying_baby,0.16160839796066284,crow,0.14211510121822357,pouring_water,0.11471326649188995,can_opening,0.11264829337596893
1-64398-B-41.wav,chainsaw,chainsaw,True,0.5625725984573364,0.5140477418899536,0.04852485656738281,chainsaw,hand_saw,vacuum_cleaner,0.4362868070602417,crying_baby,0.22279620170593262,engine,0.20884650945663452,cow,0.17768897116184235,sheep,0.16663965582847595,rain,0.1602921187877655,brushing_teeth,0.15183782577514648,siren,0.13470986485481262
1-64473-A-45.wav,train,train,True,0.540104866027832,0.31650441884994507,0.22360044717788696,train,engine,helicopter,0.26747119426727295,church_bells,0.24043726921081543,airplane,0.2203149050474167,washing_machine,0.21635150909423828,coughing,0.2126178741455078,chirping_birds,0.2048664540052414,breathing,0.1998717188835144,thunderstorm,0.18616583943367004
1-65483-A-13.wav,crickets,crickets,True,0.4692387580871582,0.3877111077308655,0.08152765035629272,crickets,insects,frog,0.29157954454421997,train,0.2004772126674652,wind,0.141005277633667,engine,0.13296806812286377,cow,0.12206150591373444,pig,0.1193382516503334,clock_tick,0.11678589880466461,chirping_birds,0.11462730169296265
1-67033-A-37.wav,clock_alarm,clock_alarm,True,0.5445225834846497,0.3522323668003082,0.19229021668434143,clock_alarm,frog,car_horn,0.3147560954093933,hen,0.29306453466415405,clock_tick,0.2257487028837204,crickets,0.21963873505592346,cow,0.20513832569122314,insects,0.1757352352142334,siren,0.1684378981590271,helicopter,0.15934352576732635
1-67152-A-17.wav,pouring_water,pouring_water,True,0.4792584180831909,0.2864077091217041,0.19285070896148682,pouring_water,brushing_teeth,water_drops,0.251994788646698,can_opening,0.20097467303276062,rain,0.19947874546051025,drinking_sipping,0.19306938350200653,toilet_flush,0.15896525979042053,washing_machine,0.12816841900348663,cow,0.10219965875148773,glass_breaking,0.08748719096183777
1-67230-A-29.wav,drinking_sipping,drinking_sipping,True,0.523828387260437,0.4805908501148224,0.043237537145614624,drinking_sipping,snoring,breathing,0.3322697877883911,pig,0.28759151697158813,brushing_teeth,0.23213046789169312,can_opening,0.22928041219711304,sneezing,0.2120533585548401,pouring_water,0.20524655282497406,rooster,0.12710824608802795,crow,0.11893931031227112
1-67432-A-27.wav,brushing_teeth,brushing_teeth,True,0.6418906450271606,0.2852990925312042,0.3565915524959564,brushing_teeth,hand_saw,clapping,0.13503864407539368,vacuum_cleaner,0.12348151952028275,cat,0.12037928402423859,rooster,0.11635258048772812,chainsaw,0.1137087494134903,washing_machine,0.09631594270467758,cow,0.0905713364481926,helicopter,0.08786996454000473
1-68628-A-27.wav,brushing_teeth,brushing_teeth,True,0.5659977793693542,0.3264676332473755,0.23953014612197876,brushing_teeth,drinking_sipping,snoring,0.3052175045013428,hand_saw,0.28373733162879944,pig,0.2569664418697357,breathing,0.22456330060958862,cow,0.21767586469650269,rooster,0.21156370639801025,cat,0.20483621954917908,dog,0.20364612340927124
1-68670-A-34.wav,can_opening,can_opening,True,0.42036837339401245,0.16004431247711182,0.26032406091690063,can_opening,clapping,cat,0.14456240832805634,water_drops,0.13610540330410004,crackling_fire,0.13393661379814148,rain,0.1020413190126419,washing_machine,0.09246686846017838,brushing_teeth,0.09069541841745377,clock_tick,0.08565782010555267,coughing,0.07725436985492706
1-68734-A-34.wav,can_opening,can_opening,True,0.4813201427459717,0.20152081549167633,0.27979932725429535,can_opening,clapping,water_drops,0.160345658659935,brushing_teeth,0.14154250919818878,cat,0.11092211306095123,crackling_fire,0.10587017238140106,rain,0.08987997472286224,frog,0.08059445768594742,coughing,0.0784725546836853,vacuum_cleaner,0.06323480606079102
1-69165-A-34.wav,can_opening,can_opening,True,0.45688068866729736,0.11647238582372665,0.3404083028435707,can_opening,crow,airplane,0.09623375535011292,hen,0.08445938676595688,sea_waves,0.0830407440662384,sneezing,0.07495994120836258,laughing,0.060969118028879166,drinking_sipping,0.05988941714167595,cow,0.052037253975868225,frog,0.04872424528002739
1-69422-A-3.wav,cow,cow,True,0.5423807501792908,0.4592667818069458,0.08311396837234497,cow,rooster,door_wood_creaks,0.43072736263275146,sheep,0.4122081995010376,pig,0.4103392958641052,frog,0.35343310236930847,crying_baby,0.31884193420410156,crow,0.31665870547294617,hen,0.3045048117637634,dog,0.3029382824897766
1-69641-A-3.wav,cow,cow,True,0.6128309369087219,0.4198957085609436,0.19293522834777832,cow,sheep,pig,0.3750450611114502,rooster,0.33910319209098816,hen,0.30814075469970703,coughing,0.305791974067688,crow,0.28772062063217163,sneezing,0.28226709365844727,crying_baby,0.25962668657302856,breathing,0.25813227891921997
1-69760-A-16.wav,wind,thunderstorm,False,0.3938084840774536,0.3129607141017914,0.08084776997566223,thunderstorm,sea_waves,rain,0.3123018145561218,wind,0.3099527359008789,crackling_fire,0.26042497158050537,glass_breaking,0.19077087938785553,engine,0.17883169651031494,breathing,0.11036579310894012,coughing,0.10826700925827026,church_bells,0.10327205061912537
1-70300-A-45.wav,train,train,True,0.551740825176239,0.30505216121673584,0.24668866395950317,train,clock_tick,church_bells,0.2753644585609436,engine,0.27379733324050903,coughing,0.2618507742881775,clock_alarm,0.22441253066062927,door_wood_knock,0.20424392819404602,hen,0.19474734365940094,chirping_birds,0.19180181622505188,breathing,0.17797017097473145
1-7057-A-12.wav,crackling_fire,crackling_fire,True,0.6041816473007202,0.28457534313201904,0.31960630416870117,crackling_fire,fireworks,helicopter,0.21925726532936096,footsteps,0.21381798386573792,hen,0.21313130855560303,crickets,0.20698262751102448,insects,0.19935473799705505,water_drops,0.1983269453048706,rain,0.1908298283815384,dog,0.17624706029891968
1-71030-A-6.wav,hen,hen,True,0.4689156413078308,0.32254719734191895,0.14636844396591187,hen,cow,crow,0.2616698145866394,pig,0.25462478399276733,sheep,0.24553801119327545,chirping_birds,0.2178516834974289,rooster,0.19823098182678223,rain,0.1574738323688507,crying_baby,0.14837583899497986,cat,0.13859030604362488
1-72195-A-37.wav,clock_alarm,clock_alarm,True,0.5295149087905884,0.37637341022491455,0.15314149856567383,clock_alarm,hen,cow,0.28862905502319336,car_horn,0.28471535444259644,frog,0.25638777017593384,washing_machine,0.2126479148864746,clock_tick,0.1892780065536499,sheep,0.17448002099990845,rooster,0.12939703464508057,door_wood_knock,0.12769171595573425
1-72195-B-37.wav,clock_alarm,clock_alarm,True,0.6032633781433105,0.3420705795288086,0.26119279861450195,clock_alarm,hen,car_horn,0.29640382528305054,cow,0.21440628170967102,frog,0.18996727466583252,clock_tick,0.18268808722496033,sheep,0.14673978090286255,pig,0.13762003183364868,washing_machine,0.1253233402967453,door_wood_knock,0.11394764482975006
1-72229-A-6.wav,hen,hen,True,0.489511638879776,0.35036325454711914,0.13914838433265686,hen,cow,pig,0.31223833560943604,crow,0.2915554642677307,rooster,0.2570551931858063,sheep,0.2410353124141693,chirping_birds,0.2323208749294281,frog,0.1760491132736206,crying_baby,0.15933799743652344,dog,0.12216675281524658
1-72229-B-6.wav,hen,hen,True,0.4448469877243042,0.3338910937309265,0.11095589399337769,hen,crow,cow,0.31371498107910156,rooster,0.2842080891132355,pig,0.27031123638153076,chirping_birds,0.21416202187538147,crying_baby,0.17620578408241272,sheep,0.17541423439979553,dog,0.1470354050397873,frog,0.1394617259502411
1-72695-A-26.wav,laughing,laughing,True,0.4459829330444336,0.34459635615348816,0.10138657689094543,laughing,sneezing,hen,0.21873532235622406,coughing,0.19409775733947754,can_opening,0.13672231137752533,cat,0.13006889820098877,dog,0.12752613425254822,breathing,0.11843571066856384,drinking_sipping,0.1060105562210083,helicopter,0.046511460095644
1-73123-A-26.wav,laughing,laughing,True,0.43127214908599854,0.15894867479801178,0.27232347428798676,laughing,hen,dog,0.1324983686208725,can_opening,0.09263087064027786,coughing,0.07962088286876678,helicopter,0.07250602543354034,sneezing,0.06665102392435074,breathing,0.04056337848305702,fireworks,0.015983648598194122,rooster,0.01535933930426836
1-73585-A-7.wav,insects,cow,False,0.16818982362747192,0.1523129940032959,0.015876829624176025,cow,insects,chirping_birds,0.15108871459960938,thunderstorm,0.1094067171216011,crow,0.10425855219364166,hand_saw,0.09325028210878372,sheep,0.09292558580636978,chainsaw,0.09002255648374557,airplane,0.08901340514421463,rain,0.08513703942298889
1-74517-A-37.wav,clock_alarm,clock_alarm,True,0.49650144577026367,0.25116950273513794,0.24533194303512573,clock_alarm,hen,cow,0.2258114069700241,rooster,0.1630210280418396,church_bells,0.15601104497909546,washing_machine,0.1447693258523941,car_horn,0.13740956783294678,sheep,0.13277721405029297,brushing_teeth,0.12919117510318756,pig,0.1290854662656784
1-7456-A-13.wav,crickets,crickets,True,0.44680628180503845,0.4352946877479553,0.01151159405708313,crickets,helicopter,insects,0.42088109254837036,engine,0.3110625147819519,airplane,0.28433358669281006,wind,0.20896099507808685,crackling_fire,0.20725636184215546,washing_machine,0.2013998031616211,frog,0.20011401176452637,clock_tick,0.1995357722043991
1-75162-A-9.wav,crow,crow,True,0.6478371620178223,0.329848051071167,0.3179891109466553,crow,rooster,cat,0.3066350221633911,crying_baby,0.26487118005752563,cow,0.264494925737381,pig,0.25288429856300354,sheep,0.24864642322063446,chainsaw,0.23298940062522888,hen,0.2131878286600113,frog,0.20245800912380219
1-75189-A-7.wav,insects,cow,False,0.1965196281671524,0.16659383475780487,0.029925793409347534,cow,brushing_teeth,sheep,0.11217866837978363,insects,0.10969045758247375,cat,0.09992309659719467,thunderstorm,0.09104597568511963,hand_saw,0.09083518385887146,door_wood_creaks,0.07937663048505783,chainsaw,0.07316334545612335,hen,0.049887508153915405
1-75190-A-8.wav,sheep,sheep,True,0.7160813808441162,0.5290958881378174,0.18698549270629883,sheep,cow,hen,0.30886322259902954,pig,0.2939026951789856,car_horn,0.2586064040660858,crying_baby,0.25128287076950073,hand_saw,0.2317904233932495,crow,0.2015162706375122,chainsaw,0.20065385103225708,dog,0.19799691438674927
1-76831-A-42.wav,siren,siren,True,0.4808371067047119,0.19355341792106628,0.28728368878364563,siren,chainsaw,car_horn,0.18504899740219116,crying_baby,0.17950080335140228,crackling_fire,0.1612769514322281,dog,0.14778904616832733,clapping,0.13907665014266968,vacuum_cleaner,0.1381082534790039,cat,0.13517913222312927,laughing,0.12310288846492767
1-76831-B-42.wav,siren,siren,True,0.5175069570541382,0.3550328016281128,0.1624741554260254,siren,car_horn,clock_alarm,0.30780237913131714,chainsaw,0.27425485849380493,frog,0.21615448594093323,hen,0.21297749876976013,crying_baby,0.18125002086162567,dog,0.17421987652778625,door_wood_creaks,0.16768470406532288,cat,0.1600300669670105
1-76831-C-42.wav,siren,siren,True,0.537193238735199,0.3652403950691223,0.17195284366607666,siren,car_horn,clock_alarm,0.3105819821357727,chainsaw,0.288366436958313,frog,0.22843918204307556,hen,0.21846196055412292,crying_baby,0.21082788705825806,sheep,0.17723485827445984,dog,0.1652812361717224,cow,0.16096815466880798
1-76831-D-42.wav,siren,siren,True,0.5364320278167725,0.26017338037490845,0.276258647441864,siren,car_horn,chainsaw,0.2277354598045349,crying_baby,0.17446169257164001,laughing,0.16584713757038116,dog,0.16310638189315796,vacuum_cleaner,0.1606801152229309,cat,0.15812408924102783,frog,0.14483904838562012,clapping,0.13874942064285278
1-76831-E-42.wav,siren,siren,True,0.5373268723487854,0.28160417079925537,0.25572270154953003,siren,car_horn,chainsaw,0.2515082359313965,clock_alarm,0.20020157098770142,crying_baby,0.1829509437084198,cat,0.1829412579536438,frog,0.16844913363456726,door_wood_creaks,0.1569596827030182,dog,0.15455827116966248,vacuum_cleaner,0.14688587188720703
1-77160-A-3.wav,cow,cow,True,0.5885889530181885,0.4704315662384033,0.11815738677978516,cow,sheep,pig,0.3429300785064697,rooster,0.33505284786224365,dog,0.2671772241592407,crow,0.25704970955848694,chainsaw,0.24340307712554932,hen,0.2392071634531021,crying_baby,0.2152504324913025,hand_saw,0.1756879687309265
1-77241-A-3.wav,cow,cow,True,0.5946136713027954,0.46789252758026123,0.12672114372253418,cow,rooster,sheep,0.3789305090904236,chainsaw,0.3144771456718445,pig,0.2698242664337158,crow,0.23750314116477966,snoring,0.20872214436531067,hen,0.19758306443691254,dog,0.19128702580928802,insects,0.18427012860774994
1-79113-A-5.wav,cat,cat,True,0.5631120204925537,0.33926334977149963,0.22384867072105408,cat,crying_baby,crow,0.3257150650024414,frog,0.26307159662246704,rooster,0.2629011273384094,cow,0.23050159215927124,sheep,0.19335246086120605,siren,0.18766185641288757,dog,0.1844470202922821,chirping_birds,0.18175387382507324
1-79146-A-29.wav,drinking_sipping,drinking_sipping,True,0.5329838991165161,0.3663002550601959,0.1666836440563202,drinking_sipping,pouring_water,coughing,0.31077057123184204,pig,0.30960947275161743,snoring,0.26546502113342285,brushing_teeth,0.24419468641281128,water_drops,0.219636008143425,cow,0.21805700659751892,can_opening,0.18637940287590027,breathing,0.18633568286895752
1-79220-A-17.wav,pouring_water,pouring_water,True,0.4191274046897888,0.34680452942848206,0.07232287526130676,pouring_water,water_drops,brushing_teeth,0.2577461302280426,rain,0.14017170667648315,can_opening,0.12798374891281128,drinking_sipping,0.10905972123146057,sheep,0.10397709906101227,washing_machine,0.09918183088302612,dog,0.07371100038290024,glass_breaking,0.06551989912986755
1-79236-A-36.wav,vacuum_cleaner,vacuum_cleaner,True,0.5152242183685303,0.32112187147140503,0.19410234689712524,vacuum_cleaner,brushing_teeth,washing_machine,0.2831302285194397,hand_saw,0.2645283043384552,chainsaw,0.17826268076896667,crying_baby,0.16159503161907196,rain,0.14407986402511597,cat,0.14008475840091705,engine,0.12884505093097687,dog,0.11655233055353165
1-79711-A-32.wav,keyboard_typing,keyboard_typing,True,0.43990176916122437,0.33278048038482666,0.1071212887763977,keyboard_typing,mouse_click,water_drops,0.22235314548015594,helicopter,0.21983098983764648,washing_machine,0.20214617252349854,dog,0.18660154938697815,airplane,0.1864096224308014,footsteps,0.18406613171100616,brushing_teeth,0.18356426060199738,chirping_birds,0.1822623908519745
1-7973-A-7.wav,insects,cow,False,0.28084859251976013,0.22465431690216064,0.05619427561759949,cow,frog,cat,0.20977014303207397,sheep,0.2076592594385147,car_horn,0.19211746752262115,door_wood_creaks,0.18634986877441406,brushing_teeth,0.17371612787246704,insects,0.15419864654541016,hen,0.1468188315629959,rooster,0.13555781543254852
1-7974-A-49.wav,hand_saw,hand_saw,True,0.5558896660804749,0.1964661180973053,0.35942354798316956,hand_saw,rooster,pig,0.18798330426216125,brushing_teeth,0.18209293484687805,chainsaw,0.15861666202545166,sheep,0.13602766394615173,snoring,0.12987732887268066,crow,0.1216069757938385,cow,0.10453951358795166,washing_machine,0.08868328481912613
1-7974-B-49.wav,hand_saw,hand_saw,True,0.5884010195732117,0.28960615396499634,0.29879486560821533,hand_saw,rooster,chainsaw,0.22401461005210876,dog,0.18993517756462097,pig,0.1640525907278061,cow,0.16281268000602722,engine,0.15198040008544922,crow,0.1512819528579712,sheep,0.1479150652885437,brushing_teeth,0.14660784602165222
1-80785-A-7.wav,insects,door_wood_creaks,False,0.3307134509086609,0.23905038833618164,0.09166306257247925,door_wood_creaks,cow,sheep,0.20965708792209625,car_horn,0.19667352735996246,cat,0.16996347904205322,brushing_teeth,0.1626087725162506,rooster,0.14578405022621155,insects,0.14556559920310974,washing_machine,0.13610999286174774,frog,0.10276858508586884
1-80840-A-13.wav,crickets,crickets,True,0.43644481897354126,0.43411874771118164,0.002326071262359619,crickets,insects,cow,0.4029998183250427,frog,0.3952876329421997,rooster,0.30086275935173035,sheep,0.28984808921813965,pig,0.2355266809463501,crow,0.23318342864513397,dog,0.22199797630310059,cat,0.21627900004386902
1-80841-A-13.wav,crickets,crickets,True,0.5339267253875732,0.5168856382369995,0.01704108715057373,crickets,insects,frog,0.35151004791259766,helicopter,0.21355953812599182,fireworks,0.21069473028182983,wind,0.21035917103290558,chirping_birds,0.2079293578863144,dog,0.20277075469493866,cow,0.2026197910308838,vacuum_cleaner,0.198747456073761
1-81001-A-30.wav,door_wood_knock,door_wood_knock,True,0.6279336214065552,0.357136994600296,0.27079662680625916,door_wood_knock,door_wood_creaks,rooster,0.22774524986743927,washing_machine,0.22616440057754517,clock_tick,0.20244942605495453,fireworks,0.2024173140525818,clapping,0.18426217138767242,mouse_click,0.17961719632148743,engine,0.170054093003273,clock_alarm,0.17005400359630585
1-81001-B-30.wav,door_wood_knock,door_wood_knock,True,0.6733977198600769,0.3630514144897461,0.3103463053703308,door_wood_knock,door_wood_creaks,clapping,0.3055006265640259,rooster,0.2846723794937134,washing_machine,0.2793630361557007,water_drops,0.23368611931800842,clock_tick,0.22098809480667114,fireworks,0.21488207578659058,clock_alarm,0.19094370305538177,mouse_click,0.18358415365219116
1-81269-A-3.wav,cow,cow,True,0.6803308129310608,0.49848148226737976,0.18184933066368103,cow,sheep,rooster,0.3578111231327057,pig,0.2988964915275574,dog,0.2901831865310669,hen,0.28799670934677124,crying_baby,0.2517738938331604,chainsaw,0.2215437889099121,crow,0.20578326284885406,hand_saw,0.16171219944953918
1-81851-A-31.wav,mouse_click,mouse_click,True,0.4861082434654236,0.45666730403900146,0.02944093942642212,mouse_click,keyboard_typing,clock_tick,0.39569100737571716,frog,0.3132762908935547,water_drops,0.31201788783073425,crickets,0.29456859827041626,insects,0.29406222701072693,hen,0.29037031531333923,chirping_birds,0.25751793384552,wind,0.24295833706855774
1-81883-A-21.wav,sneezing,sneezing,True,0.6404932737350464,0.3149038553237915,0.3255894184112549,sneezing,coughing,drinking_sipping,0.29249808192253113,cow,0.24017690122127533,hen,0.21101520955562592,church_bells,0.20769742131233215,breathing,0.20288807153701782,laughing,0.17017313838005066,crying_baby,0.14293009042739868,crow,0.13913577795028687
1-82817-A-30.wav,door_wood_knock,door_wood_knock,True,0.5852634906768799,0.396601140499115,0.1886623501777649,door_wood_knock,door_wood_creaks,clock_tick,0.3759911358356476,rooster,0.347731351852417,clock_alarm,0.305538535118103,frog,0.30163827538490295,hen,0.2813813388347626,cow,0.21186505258083344,mouse_click,0.20091043412685394,car_horn,0.19718775153160095
1-84393-A-32.wav,keyboard_typing,keyboard_typing,True,0.4533882439136505,0.3201993405818939,0.1331889033317566,keyboard_typing,mouse_click,water_drops,0.3071765899658203,pouring_water,0.25566983222961426,airplane,0.19803576171398163,helicopter,0.1830657422542572,door_wood_knock,0.17780479788780212,footsteps,0.17235097289085388,breathing,0.16155511140823364,engine,0.15839706361293793
1-84536-A-39.wav,glass_breaking,glass_breaking,True,0.5388219952583313,0.22830671072006226,0.31051528453826904,glass_breaking,pouring_water,can_opening,0.18757320940494537,water_drops,0.15847334265708923,crackling_fire,0.1031794473528862,crow,0.10186943411827087,keyboard_typing,0.10172350704669952,drinking_sipping,0.10083125531673431,mouse_click,0.07887951284646988,church_bells,0.05804283171892166
1-84704-A-39.wav,glass_breaking,glass_breaking,True,0.45336684584617615,0.19096922874450684,0.2623976171016693,glass_breaking,water_drops,pouring_water,0.17932292819023132,coughing,0.16168905794620514,can_opening,0.15904326736927032,crow,0.14421185851097107,sneezing,0.1420213282108307,keyboard_typing,0.14059722423553467,mouse_click,0.12630797922611237,cat,0.12376251816749573
1-84705-A-39.wav,glass_breaking,glass_breaking,True,0.39423948526382446,0.23460505902767181,0.15963442623615265,glass_breaking,can_opening,keyboard_typing,0.07392308115959167,pouring_water,0.07372638583183289,crackling_fire,0.06316836178302765,dog,0.06312671303749084,crow,0.05802268534898758,mouse_click,0.05617721006274223,sneezing,0.04167892038822174,church_bells,0.04073960334062576
1-85123-A-31.wav,mouse_click,mouse_click,True,0.40947210788726807,0.3350698947906494,0.07440221309661865,mouse_click,water_drops,keyboard_typing,0.3088001310825348,washing_machine,0.29320818185806274,wind,0.29001563787460327,engine,0.28032830357551575,airplane,0.24308189749717712,insects,0.22443871200084686,clock_tick,0.22384914755821228,crackling_fire,0.21211928129196167
1-85168-A-39.wav,glass_breaking,glass_breaking,True,0.4499419331550598,0.14327529072761536,0.30666664242744446,glass_breaking,pouring_water,water_drops,0.1308233141899109,can_opening,0.12939557433128357,crow,0.09384199976921082,sneezing,0.08778997510671616,cat,0.06552799046039581,church_bells,0.0636340007185936,crying_baby,0.02980576641857624,coughing,0.023727983236312866
1-85184-A-39.wav,glass_breaking,glass_breaking,True,0.4266713857650757,0.23323479294776917,0.19343659281730652,glass_breaking,can_opening,pouring_water,0.09153978526592255,sneezing,0.07684648782014847,keyboard_typing,0.07562746852636337,mouse_click,0.062017619609832764,water_drops,0.0510014146566391,church_bells,0.04645095765590668,dog,0.04448406770825386,coughing,0.039909906685352325
1-85362-A-0.wav,dog,dog,True,0.4654430150985718,0.19065649807453156,0.2747865170240402,dog,cow,hen,0.179294615983963,sheep,0.15906578302383423,rooster,0.15787345170974731,vacuum_cleaner,0.12833069264888763,fireworks,0.12562045454978943,door_wood_knock,0.12104802578687668,train,0.1162295937538147,cat,0.1091456487774849
1-85909-A-29.wav,drinking_sipping,drinking_sipping,True,0.5499981641769409,0.35477179288864136,0.19522637128829956,drinking_sipping,pouring_water,brushing_teeth,0.2616311013698578,pig,0.2552017569541931,coughing,0.25432687997817993,snoring,0.22578886151313782,breathing,0.21593111753463745,can_opening,0.21308419108390808,cat,0.1776309311389923,cow,0.13307780027389526
1-87565-A-29.wav,drinking_sipping,pouring_water,False,0.4149588644504547,0.4121978282928467,0.0027610361576080322,pouring_water,drinking_sipping,water_drops,0.2425764948129654,brushing_teeth,0.20668895542621613,snoring,0.1956351101398468,pig,0.1768592894077301,can_opening,0.17330417037010193,washing_machine,0.14786118268966675,coughing,0.140623077750206,cat,0.12450240552425385
1-88409-A-45.wav,train,train,True,0.4763078987598419,0.34331297874450684,0.13299492001533508,train,coughing,washing_machine,0.28960302472114563,engine,0.26232221722602844,laughing,0.2515864074230194,clapping,0.2467426359653473,hen,0.2357320934534073,sneezing,0.21651124954223633,airplane,0.20077475905418396,crying_baby,0.18937939405441284
1-88409-B-45.wav,train,train,True,0.5470994114875793,0.3220694065093994,0.22503000497817993,train,airplane,engine,0.2973781228065491,coughing,0.2792664170265198,washing_machine,0.25475114583969116,helicopter,0.2519563138484955,hen,0.20170259475708008,breathing,0.17011891305446625,clock_tick,0.16162551939487457,sneezing,0.1537383645772934
1-88574-A-8.wav,sheep,sheep,True,0.6579362154006958,0.49229392409324646,0.16564229130744934,sheep,cow,crow,0.3598015606403351,cat,0.3459411859512329,crying_baby,0.32332518696784973,pig,0.32253777980804443,chainsaw,0.29859915375709534,hen,0.2838898003101349,hand_saw,0.25406336784362793,frog,0.22268810868263245
1-88807-A-39.wav,glass_breaking,glass_breaking,True,0.45395684242248535,0.21501371264457703,0.23894312977790833,glass_breaking,crow,cow,0.205481618642807,insects,0.13563716411590576,pouring_water,0.13528196513652802,footsteps,0.12254893034696579,mouse_click,0.11546468734741211,water_drops,0.1095607802271843,church_bells,0.08768337965011597,crickets,0.08484035730361938
1-90797-A-15.wav,water_drops,water_drops,True,0.48880571126937866,0.3560793399810791,0.13272637128829956,water_drops,pouring_water,frog,0.2563801407814026,can_opening,0.203702911734581,toilet_flush,0.20081683993339539,sea_waves,0.17717793583869934,washing_machine,0.16880691051483154,door_wood_knock,0.16692695021629333,brushing_teeth,0.14171497523784637,rain,0.13352108001708984
1-91359-A-11.wav,sea_waves,sea_waves,True,0.45846858620643616,0.1751745492219925,0.28329403698444366,sea_waves,wind,thunderstorm,0.13539376854896545,dog,0.11802256107330322,train,0.11421830952167511,rain,0.07872102409601212,pouring_water,0.07731771469116211,engine,0.07384073734283447,airplane,0.07044902443885803,vacuum_cleaner,0.06414161622524261
1-91359-B-11.wav,sea_waves,sea_waves,True,0.4764522314071655,0.25537392497062683,0.2210783064365387,sea_waves,wind,train,0.23254697024822235,thunderstorm,0.2212948203086853,pouring_water,0.17730867862701416,engine,0.17725902795791626,washing_machine,0.16598822176456451,toilet_flush,0.15512803196907043,hand_saw,0.15296806395053864,airplane,0.14528337121009827
1-94036-A-22.wav,clapping,clapping,True,0.4776766300201416,0.17094539105892181,0.3067312389612198,clapping,cat,laughing,0.15567466616630554,siren,0.12571923434734344,crying_baby,0.11288867890834808,hen,0.09781793504953384,rooster,0.09774388372898102,sea_waves,0.0924275815486908,brushing_teeth,0.08260023593902588,dog,0.07818212360143661
1-94231-A-32.wav,keyboard_typing,keyboard_typing,True,0.4014114737510681,0.337810754776001,0.06360071897506714,keyboard_typing,mouse_click,airplane,0.2517879903316498,chirping_birds,0.170041024684906,helicopter,0.16167905926704407,water_drops,0.15641258656978607,cat,0.1489124745130539,washing_machine,0.1448644995689392,dog,0.14086750149726868,crackling_fire,0.13260258734226227
1-94231-B-32.wav,keyboard_typing,keyboard_typing,True,0.4542640447616577,0.37966296076774597,0.07460108399391174,keyboard_typing,mouse_click,chirping_birds,0.24685701727867126,airplane,0.23412629961967468,helicopter,0.22005748748779297,rain,0.20898520946502686,water_drops,0.20035481452941895,dog,0.19676648080348969,insects,0.18293994665145874,washing_machine,0.17580991983413696
1-95563-A-31.wav,mouse_click,mouse_click,True,0.46052268147468567,0.3150193691253662,0.14550331234931946,mouse_click,keyboard_typing,water_drops,0.31262874603271484,chirping_birds,0.28550100326538086,clock_tick,0.26978790760040283,insects,0.23272386193275452,engine,0.21777012944221497,clapping,0.20955270528793335,crickets,0.20299756526947021,rain,0.1988908350467682
1-96890-A-37.wav,clock_alarm,clock_alarm,True,0.6437005996704102,0.31592559814453125,0.3277750015258789,clock_alarm,hen,car_horn,0.28901901841163635,cow,0.28779125213623047,rooster,0.26068422198295593,frog,0.23752139508724213,door_wood_knock,0.2271200716495514,pig,0.22059719264507294,clock_tick,0.21016079187393188,church_bells,0.1942402720451355
1-96950-A-9.wav,crow,crow,True,0.6699099540710449,0.3476667106151581,0.32224324345588684,crow,cow,sheep,0.31222158670425415,crying_baby,0.2821105122566223,hen,0.27972882986068726,cat,0.2785702645778656,pig,0.2724059820175171,rooster,0.26288968324661255,chainsaw,0.21655260026454926,frog,0.18615330755710602
1-96950-B-9.wav,crow,crow,True,0.6382236480712891,0.2598201036453247,0.37840354442596436,crow,cow,rooster,0.2537139058113098,cat,0.25365179777145386,hen,0.22750365734100342,crying_baby,0.2259887158870697,chainsaw,0.2215110957622528,pig,0.21642343699932098,sheep,0.20536395907402039,frog,0.182173490524292
1-97392-A-0.wav,dog,dog,True,0.5580670833587646,0.34469467401504517,0.21337240934371948,dog,rooster,hen,0.2625219523906708,chirping_birds,0.22106938064098358,cow,0.1912975013256073,door_wood_knock,0.18896347284317017,clapping,0.17448163032531738,sea_waves,0.17024867236614227,train,0.16973182559013367,vacuum_cleaner,0.16244903206825256
1-977-A-39.wav,glass_breaking,glass_breaking,True,0.5118995308876038,0.19650150835514069,0.3153980225324631,glass_breaking,can_opening,pouring_water,0.12156179547309875,water_drops,0.11508471518754959,crow,0.10657939314842224,mouse_click,0.03376135975122452,keyboard_typing,0.027615757659077644,church_bells,0.027209866791963577,dog,0.009185961447656155,footsteps,0.0013170558959245682
1-97793-A-31.wav,mouse_click,can_opening,False,0.2853398621082306,0.2618156373500824,0.023524224758148193,can_opening,mouse_click,crackling_fire,0.232143834233284,water_drops,0.2187902331352234,clock_tick,0.20970498025417328,wind,0.200234055519104,chirping_birds,0.17352265119552612,airplane,0.16902877390384674,crickets,0.16858625411987305,insects,0.16717132925987244
1-9841-A-13.wav,crickets,crickets,True,0.57420414686203,0.551276683807373,0.022927463054656982,crickets,insects,wind,0.35866832733154297,frog,0.33652225136756897,crow,0.3339215815067291,chirping_birds,0.3195003271102905,rain,0.29754742980003357,cow,0.2712499499320984,fireworks,0.26209747791290283,crackling_fire,0.2578587234020233
1-9886-A-49.wav,hand_saw,hand_saw,True,0.5351709127426147,0.3203831613063812,0.21478775143623352,hand_saw,chainsaw,sheep,0.2642730474472046,brushing_teeth,0.1609223186969757,dog,0.12651099264621735,cow,0.09781758487224579,can_opening,0.09374158084392548,door_wood_creaks,0.08213753998279572,snoring,0.08196744322776794,vacuum_cleaner,0.06685235351324081
1-9887-A-49.wav,hand_saw,hand_saw,True,0.3764837384223938,0.23311641812324524,0.14336732029914856,hand_saw,sheep,brushing_teeth,0.1768275648355484,dog,0.15519841015338898,washing_machine,0.12375964969396591,can_opening,0.11386227607727051,pig,0.10747309029102325,chainsaw,0.10146082192659378,door_wood_creaks,0.0982639417052269,toilet_flush,0.07727013528347015
1-9887-B-49.wav,hand_saw,hand_saw,True,0.5659286975860596,0.3136177361011505,0.25231096148490906,hand_saw,chainsaw,sheep,0.1612214297056198,cow,0.15817102789878845,washing_machine,0.13540498912334442,crow,0.13116848468780518,vacuum_cleaner,0.11844887584447861,dog,0.09782238304615021,rooster,0.09331659227609634,crying_baby,0.09088192880153656
1-99958-A-31.wav,mouse_click,mouse_click,True,0.4641934037208557,0.3633563816547394,0.10083702206611633,mouse_click,keyboard_typing,water_drops,0.3102264404296875,chirping_birds,0.27881303429603577,insects,0.24111995100975037,clock_tick,0.23657888174057007,wind,0.2253526896238327,crackling_fire,0.18457278609275818,airplane,0.17658579349517822,crickets,0.1750718057155609
2-100648-A-43.wav,car_horn,car_horn,True,0.35638758540153503,0.1836923360824585,0.17269524931907654,car_horn,laughing,clapping,0.18194741010665894,siren,0.16994181275367737,rooster,0.14919035136699677,can_opening,0.14183048903942108,clock_alarm,0.1307879388332367,sheep,0.1256301999092102,church_bells,0.1227189227938652,hen,0.12044939398765564
2-100786-A-1.wav,rooster,rooster,True,0.5450097322463989,0.5448895692825317,0.0001201629638671875,rooster,hen,cow,0.44441330432891846,crow,0.39691686630249023,frog,0.29737064242362976,crying_baby,0.2726749777793884,clock_alarm,0.23752664029598236,insects,0.22371834516525269,chirping_birds,0.2186582088470459,dog,0.2092381864786148
2-101676-A-10.wav,rain,rain,True,0.3718053698539734,0.31449776887893677,0.05730760097503662,rain,crackling_fire,engine,0.2792925536632538,pouring_water,0.24946364760398865,hen,0.21986426413059235,washing_machine,0.20366156101226807,thunderstorm,0.15552014112472534,water_drops,0.15471702814102173,brushing_teeth,0.15272435545921326,clock_tick,0.1482066810131073
2-102414-A-17.wav,pouring_water,pouring_water,True,0.46108168363571167,0.3407832086086273,0.12029847502708435,pouring_water,brushing_teeth,drinking_sipping,0.23093929886817932,water_drops,0.15741072595119476,washing_machine,0.128585547208786,can_opening,0.1229318305850029,toilet_flush,0.10520316660404205,cow,0.08749791979789734,rain,0.0702575221657753,snoring,0.06583893299102783
2-102414-B-17.wav,pouring_water,pouring_water,True,0.5095522999763489,0.3511106073856354,0.1584416925907135,pouring_water,brushing_teeth,water_drops,0.2512129545211792,can_opening,0.20736649632453918,drinking_sipping,0.20378771424293518,toilet_flush,0.18978747725486755,rain,0.16683988273143768,glass_breaking,0.1583714485168457,washing_machine,0.12835368514060974,hand_saw,0.10458393394947052
2-102414-C-17.wav,pouring_water,pouring_water,True,0.528498649597168,0.27141350507736206,0.2570851445198059,pouring_water,brushing_teeth,water_drops,0.2078474462032318,toilet_flush,0.2033744752407074,drinking_sipping,0.1900818645954132,can_opening,0.18031185865402222,washing_machine,0.12362012267112732,rain,0.12335674464702606,sea_waves,0.1146073192358017,glass_breaking,0.10170341283082962
2-102414-D-17.wav,pouring_water,pouring_water,True,0.5757535696029663,0.320562481880188,0.2551910877227783,pouring_water,brushing_teeth,water_drops,0.30674195289611816,drinking_sipping,0.2565139830112457,can_opening,0.19034214317798615,toilet_flush,0.18003571033477783,washing_machine,0.17966222763061523,rain,0.15631234645843506,sea_waves,0.1336495578289032,cow,0.13269683718681335
2-102414-E-17.wav,pouring_water,pouring_water,True,0.4428566098213196,0.3765086531639099,0.06634795665740967,pouring_water,brushing_teeth,can_opening,0.25082409381866455,drinking_sipping,0.2261803150177002,toilet_flush,0.1662079095840454,water_drops,0.15737196803092957,hand_saw,0.07791998982429504,washing_machine,0.07141906023025513,rain,0.06330231577157974,cow,0.0607781708240509
2-102414-F-17.wav,pouring_water,pouring_water,True,0.48242509365081787,0.26992979645729065,0.21249529719352722,pouring_water,brushing_teeth,toilet_flush,0.2618595361709595,water_drops,0.23551979660987854,can_opening,0.16573546826839447,drinking_sipping,0.1278524398803711,rain,0.10009801387786865,washing_machine,0.09892506897449493,sea_waves,0.09153968095779419,glass_breaking,0.07753762602806091
2-102414-G-17.wav,pouring_water,pouring_water,True,0.4324887990951538,0.43041476607322693,0.00207403302192688,pouring_water,brushing_teeth,drinking_sipping,0.21128547191619873,can_opening,0.20301350951194763,toilet_flush,0.18674695491790771,washing_machine,0.18515613675117493,rain,0.1647636443376541,hand_saw,0.15866658091545105,water_drops,0.15744183957576752,cow,0.13378822803497314
2-102435-A-37.wav,clock_alarm,clock_alarm,True,0.3535859286785126,0.296774685382843,0.056811243295669556,clock_alarm,hand_saw,chainsaw,0.2753661274909973,hen,0.25405192375183105,frog,0.25149500370025635,rooster,0.23527991771697998,car_horn,0.23421388864517212,door_wood_creaks,0.2229984700679779,brushing_teeth,0.21150514483451843,cow,0.21131840348243713
2-102567-A-35.wav,washing_machine,washing_machine,True,0.42474794387817383,0.4123512804508209,0.012396663427352905,washing_machine,engine,airplane,0.3489140272140503,helicopter,0.32402217388153076,vacuum_cleaner,0.31032103300094604,dog,0.16158175468444824,hand_saw,0.1360219269990921,cat,0.13104644417762756,keyboard_typing,0.11733012646436691,mouse_click,0.10080644488334656
2-102567-B-35.wav,washing_machine,washing_machine,True,0.533918023109436,0.31488627195358276,0.21903175115585327,washing_machine,engine,vacuum_cleaner,0.26645517349243164,helicopter,0.253362774848938,hand_saw,0.21477098762989044,airplane,0.1854974925518036,brushing_teeth,0.17029628157615662,train,0.1653013676404953,toilet_flush,0.137641042470932,dog,0.12600845098495483
2-102567-C-35.wav,washing_machine,engine,False,0.4159674644470215,0.39081257581710815,0.02515488862991333,engine,airplane,washing_machine,0.39014923572540283,vacuum_cleaner,0.37761619687080383,helicopter,0.30886006355285645,dog,0.19015982747077942,hand_saw,0.13064464926719666,train,0.10458823293447495,crackling_fire,0.09460083395242691,brushing_teeth,0.08464159071445465
2-102567-D-35.wav,washing_machine,washing_machine,True,0.41264939308166504,0.41240835189819336,0.0002410411834716797,washing_machine,engine,airplane,0.4087647795677185,helicopter,0.40237006545066833,vacuum_cleaner,0.3464356064796448,train,0.1553015559911728,hand_saw,0.1492919921875,brushing_teeth,0.14456120133399963,dog,0.13596877455711365,wind,0.11800455302000046
2-102568-A-35.wav,washing_machine,washing_machine,True,0.5093839168548584,0.3328973650932312,0.1764865517616272,washing_machine,toilet_flush,brushing_teeth,0.3229655623435974,hand_saw,0.2691178023815155,engine,0.2526741027832031,pouring_water,0.1693461537361145,vacuum_cleaner,0.1434064507484436,helicopter,0.12937694787979126,dog,0.08069581538438797,rain,0.07872671633958817
2-102581-A-29.wav,drinking_sipping,cat,False,0.3376031219959259,0.33177950978279114,0.005823612213134766,cat,frog,drinking_sipping,0.2991059422492981,pig,0.27545902132987976,water_drops,0.25868985056877136,clock_tick,0.23673543334007263,sea_waves,0.23478221893310547,pouring_water,0.2250450998544693,snoring,0.22465595602989197,can_opening,0.20964092016220093
2-102581-B-29.wav,drinking_sipping,snoring,False,0.3072216510772705,0.2945074737071991,0.012714177370071411,snoring,drinking_sipping,cat,0.293729305267334,frog,0.2615836262702942,rooster,0.25005611777305603,pouring_water,0.24912787973880768,crackling_fire,0.248834028840065,breathing,0.23917153477668762,clock_tick,0.23149026930332184,water_drops,0.2153831124305725
2-102852-A-11.wav,sea_waves,sea_waves,True,0.35900622606277466,0.12946954369544983,0.22953668236732483,sea_waves,engine,dog,0.12233874201774597,pouring_water,0.11603247374296188,brushing_teeth,0.11524977535009384,train,0.11372491717338562,chirping_birds,0.10885260999202728,helicopter,0.10581853985786438,hen,0.08477361500263214,car_horn,0.06456293910741806
2-103423-A-3.wav,cow,cow,True,0.6019020676612854,0.4876399636268616,0.11426210403442383,cow,rooster,sheep,0.3682524859905243,pig,0.2839110493659973,crow,0.23989057540893555,chainsaw,0.2373046875,hen,0.221418559551239,clock_alarm,0.20338010787963867,dog,0.18963328003883362,snoring,0.18686574697494507
2-103424-A-3.wav,cow,cow,True,0.6654645204544067,0.49025243520736694,0.1752120852470398,cow,rooster,sheep,0.45418670773506165,pig,0.33332008123397827,hen,0.3104385733604431,dog,0.3064253330230713,crow,0.2386476993560791,chainsaw,0.21129344403743744,hand_saw,0.2080497145652771,crying_baby,0.19871577620506287
2-103426-A-3.wav,cow,cow,True,0.6386116147041321,0.5098536014556885,0.1287580132484436,cow,rooster,sheep,0.38449594378471375,pig,0.3345434367656708,chainsaw,0.30347058176994324,dog,0.2714478671550751,hen,0.2526036500930786,snoring,0.25240543484687805,crow,0.2418346107006073,crying_baby,0.2144877314567566
2-103427-A-3.wav,cow,cow,True,0.6061985492706299,0.4914226531982422,0.1147758960723877,cow,rooster,sheep,0.39973312616348267,pig,0.2852248549461365,crow,0.2716941237449646,hen,0.25910863280296326,chainsaw,0.24255824089050293,dog,0.2373070865869522,siren,0.19890809059143066,crying_baby,0.19587773084640503
2-103428-A-3.wav,cow,cow,True,0.5563143491744995,0.5543466806411743,0.0019676685333251953,cow,rooster,sheep,0.40326011180877686,chainsaw,0.3249794840812683,pig,0.3172844648361206,dog,0.30954650044441223,hand_saw,0.28827857971191406,door_wood_creaks,0.26427698135375977,snoring,0.25746777653694153,crying_baby,0.24772681295871735
2-104105-A-19.wav,thunderstorm,thunderstorm,True,0.523662269115448,0.34415966272354126,0.17950260639190674,thunderstorm,rain,fireworks,0.27739429473876953,wind,0.25926673412323,cow,0.22477778792381287,engine,0.2220664918422699,crackling_fire,0.21729664504528046,crow,0.1746029257774353,rooster,0.16706639528274536,sheep,0.1654014140367508
2-104105-B-19.wav,thunderstorm,thunderstorm,True,0.5127952098846436,0.32337823510169983,0.18941697478294373,thunderstorm,rain,fireworks,0.2782789468765259,wind,0.23319289088249207,cow,0.20237913727760315,crow,0.19458478689193726,crackling_fire,0.18904398381710052,rooster,0.15961387753486633,engine,0.15745821595191956,hen,0.13281871378421783
2-104168-A-32.wav,keyboard_typing,keyboard_typing,True,0.5072636008262634,0.41212141513824463,0.0951421856880188,keyboard_typing,mouse_click,water_drops,0.23001444339752197,clock_tick,0.20489300787448883,pouring_water,0.1933513581752777,rain,0.1909421980381012,airplane,0.18820655345916748,insects,0.18562816083431244,chirping_birds,0.17868414521217346,crackling_fire,0.16591203212738037
2-104475-A-37.wav,clock_alarm,clock_alarm,True,0.615445077419281,0.4141387343406677,0.20130634307861328,clock_alarm,car_horn,hen,0.34307771921157837,siren,0.2909301221370697,cow,0.2604740858078003,frog,0.2439594864845276,clock_tick,0.21451318264007568,church_bells,0.20949754118919373,door_wood_knock,0.20583288371562958,crickets,0.18610817193984985
2-104476-A-37.wav,clock_alarm,clock_alarm,True,0.6287393569946289,0.39254289865493774,0.23619645833969116,clock_alarm,car_horn,frog,0.3275318145751953,hen,0.32255974411964417,cow,0.2892286777496338,crickets,0.2524251937866211,siren,0.2504703402519226,clock_tick,0.24842557311058044,insects,0.20905081927776337,rooster,0.1934647262096405
2-104877-A-3.wav,cow,cow,True,0.5879477262496948,0.44027286767959595,0.14767485857009888,cow,sheep,pig,0.31906425952911377,hen,0.31374263763427734,crow,0.28355586528778076,rooster,0.23988781869411469,crying_baby,0.18913809955120087,dog,0.16697081923484802,chirping_birds,0.16573527455329895,church_bells,0.13401547074317932
2-104952-A-16.wav,wind,wind,True,0.5428549647331238,0.46677714586257935,0.07607781887054443,wind,thunderstorm,airplane,0.43496274948120117,sea_waves,0.32237759232521057,engine,0.321297287940979,train,0.315152108669281,helicopter,0.3024340867996216,vacuum_cleaner,0.28425663709640503,rain,0.28324785828590393,fireworks,0.22847871482372284
2-104952-B-16.wav,wind,wind,True,0.388296902179718,0.2560833990573883,0.1322135031223297,wind,sea_waves,vacuum_cleaner,0.253872811794281,train,0.22594352066516876,airplane,0.2148689329624176,thunderstorm,0.18740031123161316,engine,0.1872795969247818,cat,0.13464945554733276,breathing,0.12721459567546844,dog,0.12005724012851715
2-105270-A-47.wav,airplane,helicopter,False,0.6133317947387695,0.5582899451255798,0.0550418496131897,helicopter,airplane,engine,0.38179081678390503,chainsaw,0.32537341117858887,vacuum_cleaner,0.2837711572647095,wind,0.28007057309150696,insects,0.26586806774139404,train,0.26026302576065063,cow,0.24682678282260895,dog,0.23600554466247559
2-106014-A-44.wav,engine,engine,True,0.48356977105140686,0.4102989137172699,0.07327085733413696,engine,washing_machine,airplane,0.3705537021160126,vacuum_cleaner,0.33127450942993164,helicopter,0.2956150770187378,toilet_flush,0.2771904170513153,rain,0.20827704668045044,hand_saw,0.20211942493915558,insects,0.19277556240558624,train,0.18178001046180725
2-106015-A-44.wav,engine,engine,True,0.4377298057079315,0.28396546840667725,0.15376433730125427,engine,helicopter,washing_machine,0.27118542790412903,airplane,0.25551915168762207,dog,0.183378666639328,hen,0.15079094469547272,hand_saw,0.1320457011461258,rooster,0.12325876206159592,chainsaw,0.11821981519460678,train,0.10265584290027618
2-106015-B-44.wav,engine,engine,True,0.41703882813453674,0.29378563165664673,0.12325319647789001,engine,helicopter,airplane,0.2599791884422302,washing_machine,0.22947287559509277,dog,0.18658877909183502,hen,0.15684892237186432,chainsaw,0.1460714042186737,hand_saw,0.13410763442516327,train,0.12723277509212494,vacuum_cleaner,0.12063227593898773
2-106019-A-13.wav,crickets,crickets,True,0.47753357887268066,0.4369606077671051,0.04057297110557556,crickets,frog,insects,0.3431923985481262,cow,0.203978031873703,pig,0.17547643184661865,crying_baby,0.15896278619766235,sheep,0.15378311276435852,fireworks,0.1517835408449173,clock_tick,0.1270412802696228,cat,0.11801380664110184
2-106072-A-36.wav,vacuum_cleaner,vacuum_cleaner,True,0.557469367980957,0.36797553300857544,0.1894938349723816,vacuum_cleaner,engine,hand_saw,0.34911447763442993,washing_machine,0.33403846621513367,chainsaw,0.3044010400772095,wind,0.2853017747402191,airplane,0.27769380807876587,cat,0.24111886322498322,crying_baby,0.23225922882556915,rain,0.2225198894739151
2-106073-A-36.wav,vacuum_cleaner,vacuum_cleaner,True,0.5127331614494324,0.3589476943016052,0.15378546714782715,vacuum_cleaner,engine,washing_machine,0.3504641354084015,hand_saw,0.2851592004299164,airplane,0.2820362448692322,wind,0.2598879933357239,chainsaw,0.24588435888290405,rain,0.2453516125679016,train,0.1870977282524109,cat,0.18198294937610626
2-106486-A-44.wav,engine,engine,True,0.45074909925460815,0.3702657222747803,0.08048337697982788,engine,washing_machine,helicopter,0.3326103687286377,airplane,0.26437288522720337,chainsaw,0.23273922502994537,hen,0.2326347976922989,laughing,0.18459367752075195,cow,0.177540123462677,train,0.17492058873176575,insects,0.16354063153266907
2-106487-A-44.wav,engine,engine,True,0.49686962366104126,0.3633688986301422,0.13350072503089905,engine,washing_machine,helicopter,0.31624287366867065,airplane,0.26147568225860596,hen,0.25664496421813965,chainsaw,0.21040326356887817,cow,0.19176404178142548,train,0.18058109283447266,hand_saw,0.17475539445877075,insects,0.1743893325328827
2-106849-A-47.wav,airplane,airplane,True,0.37503522634506226,0.2156391143798828,0.15939611196517944,airplane,dog,crackling_fire,0.19752812385559082,helicopter,0.19171129167079926,train,0.18850281834602356,wind,0.17598891258239746,thunderstorm,0.1476026475429535,hand_saw,0.13824185729026794,engine,0.13791973888874054,chainsaw,0.12412364780902863
2-106881-A-39.wav,glass_breaking,glass_breaking,True,0.4199993908405304,0.2447531372308731,0.1752462536096573,glass_breaking,can_opening,footsteps,0.19824889302253723,coughing,0.17377620935440063,cow,0.16402192413806915,crying_baby,0.15464189648628235,water_drops,0.15424351394176483,crow,0.14000406861305237,church_bells,0.12379907071590424,sheep,0.12141522020101547
2-107228-A-44.wav,engine,helicopter,False,0.3670554757118225,0.3626617193222046,0.00439375638961792,helicopter,chainsaw,engine,0.3231405019760132,airplane,0.25600388646125793,train,0.189027339220047,dog,0.18719208240509033,hand_saw,0.17587053775787354,washing_machine,0.1712581217288971,rooster,0.15145248174667358,crackling_fire,0.14577260613441467
2-107228-B-44.wav,engine,chainsaw,False,0.40177708864212036,0.327030211687088,0.07474687695503235,chainsaw,helicopter,engine,0.2917776107788086,airplane,0.24195405840873718,train,0.18855655193328857,hand_saw,0.1791282743215561,washing_machine,0.1770847588777542,pig,0.1386314332485199,dog,0.13658860325813293,door_wood_knock,0.13087517023086548
2-107351-A-20.wav,crying_baby,crying_baby,True,0.6778649687767029,0.3617941737174988,0.3160707950592041,crying_baby,cat,crow,0.30998891592025757,rooster,0.2727043330669403,cow,0.26456671953201294,church_bells,0.2604003846645355,coughing,0.2173956036567688,laughing,0.20833361148834229,sheep,0.19469627737998962,breathing,0.185324028134346
2-107351-B-20.wav,crying_baby,crying_baby,True,0.6859385371208191,0.36193978786468506,0.32399874925613403,crying_baby,crow,laughing,0.32582390308380127,cat,0.2935178279876709,cow,0.2917931079864502,rooster,0.28046634793281555,clapping,0.2489558458328247,siren,0.24580085277557373,coughing,0.24384871125221252,church_bells,0.2299507111310959
2-108017-A-24.wav,coughing,coughing,True,0.514563262462616,0.3895609378814697,0.12500232458114624,coughing,sneezing,hen,0.3273094594478607,breathing,0.29385825991630554,drinking_sipping,0.2424912452697754,cow,0.22981750965118408,pig,0.2038630247116089,laughing,0.1898253858089447,can_opening,0.18473437428474426,train,0.17956660687923431
2-108760-A-14.wav,chirping_birds,chirping_birds,True,0.4433310329914093,0.3524629473686218,0.09086808562278748,chirping_birds,airplane,crow,0.2585785686969757,wind,0.25467807054519653,train,0.23356814682483673,hen,0.22316688299179077,helicopter,0.19468268752098083,dog,0.14825904369354248,insects,0.13797998428344727,sea_waves,0.13305699825286865
2-108760-B-14.wav,chirping_birds,chirping_birds,True,0.43335041403770447,0.3134722113609314,0.11987820267677307,chirping_birds,airplane,crow,0.2859046459197998,hen,0.27590325474739075,wind,0.24929191172122955,train,0.24730171263217926,dog,0.1852516084909439,helicopter,0.16198545694351196,sea_waves,0.14152738451957703,church_bells,0.1407005786895752
2-108761-A-14.wav,chirping_birds,chirping_birds,True,0.4358270764350891,0.30024945735931396,0.13557761907577515,chirping_birds,airplane,crow,0.24074861407279968,dog,0.1695859283208847,helicopter,0.16318203508853912,train,0.14710983633995056,insects,0.13905012607574463,hen,0.12827295064926147,wind,0.1259424239397049,church_bells,0.09931765496730804
2-108763-A-9.wav,crow,crow,True,0.5512394905090332,0.23935654759407043,0.31188294291496277,crow,cat,crying_baby,0.2287467122077942,cow,0.208940327167511,hen,0.19542519748210907,chirping_birds,0.1910644769668579,pig,0.17219187319278717,rooster,0.15957030653953552,airplane,0.15758121013641357,church_bells,0.15258219838142395
2-108766-A-9.wav,crow,crow,True,0.5385581851005554,0.22172263264656067,0.31683555245399475,crow,sheep,cow,0.21227478981018066,pig,0.21101373434066772,chirping_birds,0.20527619123458862,church_bells,0.1892986297607422,cat,0.18406042456626892,chainsaw,0.1775112748146057,airplane,0.17718401551246643,hen,0.16829200088977814
2-108767-A-9.wav,crow,crow,True,0.5817011594772339,0.3168448209762573,0.26485633850097656,crow,cat,crying_baby,0.2658974528312683,cow,0.2588921785354614,pig,0.2504640221595764,wind,0.24458067119121552,chirping_birds,0.22671514749526978,frog,0.21783682703971863,airplane,0.21532711386680603,hen,0.21265949308872223
2-108767-B-9.wav,crow,crow,True,0.5896380543708801,0.2598639130592346,0.3297741413116455,crow,cow,cat,0.25631123781204224,crying_baby,0.25171077251434326,pig,0.22381018102169037,chainsaw,0.22369703650474548,sheep,0.22229330241680145,wind,0.21990111470222473,chirping_birds,0.2049427479505539,crickets,0.20273633301258087
2-108767-C-9.wav,crow,crow,True,0.581429123878479,0.25638386607170105,0.32504525780677795,crow,sheep,cat,0.25432419776916504,cow,0.2520543336868286,pig,0.24568769335746765,chainsaw,0.21478711068630219,rooster,0.20212934911251068,crying_baby,0.2003708779811859,hen,0.19644905626773834,chirping_birds,0.18272444605827332
2-109231-A-9.wav,crow,crow,True,0.5574848651885986,0.2469482123851776,0.310536652803421,crow,cow,rooster,0.22585734724998474,airplane,0.19268974661827087,hen,0.19060580432415009,crying_baby,0.19002623856067657,cat,0.18826451897621155,pig,0.18618740141391754,wind,0.17807967960834503,sheep,0.169303297996521
2-109231-B-9.wav,crow,crow,True,0.5575710535049438,0.20794254541397095,0.3496285080909729,crow,chainsaw,rooster,0.2051416039466858,hen,0.18192848563194275,pig,0.1799926459789276,airplane,0.17755675315856934,cow,0.16143746674060822,chirping_birds,0.16102640330791473,church_bells,0.1552404761314392,sheep,0.128965824842453
2-109231-C-9.wav,crow,crow,True,0.577163815498352,0.23949453234672546,0.3376692831516266,crow,cow,cat,0.23835206031799316,sheep,0.2109631896018982,chainsaw,0.2054225653409958,rooster,0.20394831895828247,pig,0.19405126571655273,crying_baby,0.1836668699979782,church_bells,0.17521654069423676,hen,0.17242386937141418
2-109316-A-32.wav,keyboard_typing,keyboard_typing,True,0.430495023727417,0.35563942790031433,0.07485559582710266,keyboard_typing,mouse_click,water_drops,0.20376810431480408,pouring_water,0.15642112493515015,chirping_birds,0.15336161851882935,helicopter,0.13442003726959229,engine,0.13390102982521057,airplane,0.12994186580181122,footsteps,0.1208103746175766,door_wood_knock,0.12008217722177505
2-109371-A-16.wav,wind,engine,False,0.40950578451156616,0.4072038531303406,0.002301931381225586,engine,wind,airplane,0.3998188376426697,train,0.38355720043182373,helicopter,0.2960267663002014,vacuum_cleaner,0.2405339479446411,thunderstorm,0.22665393352508545,washing_machine,0.18633152544498444,hand_saw,0.16976803541183472,chirping_birds,0.15254543721675873
2-109371-B-16.wav,wind,train,False,0.3388935923576355,0.31624743342399597,0.022646158933639526,train,engine,wind,0.2507982552051544,airplane,0.23995564877986908,chirping_birds,0.17896384000778198,church_bells,0.17042160034179688,vacuum_cleaner,0.1702219396829605,hand_saw,0.1545543372631073,helicopter,0.1511574238538742,cat,0.12605518102645874
2-109371-C-16.wav,wind,train,False,0.4255932569503784,0.3871033787727356,0.03848987817764282,train,engine,airplane,0.36389923095703125,wind,0.2923150956630707,helicopter,0.2725779712200165,washing_machine,0.25470834970474243,chirping_birds,0.24708935618400574,vacuum_cleaner,0.2053469717502594,mouse_click,0.20329511165618896,clock_tick,0.17309151589870453
2-109371-D-16.wav,wind,airplane,False,0.5187169313430786,0.4589345455169678,0.05978238582611084,airplane,wind,engine,0.4512021839618683,train,0.4161648452281952,helicopter,0.3662828207015991,vacuum_cleaner,0.28504103422164917,thunderstorm,0.24900241196155548,washing_machine,0.2189190685749054,chirping_birds,0.20835652947425842,rain,0.17168958485126495
2-109374-A-16.wav,wind,airplane,False,0.3697185516357422,0.33283519744873047,0.03688335418701172,airplane,wind,train,0.3201359510421753,cat,0.29970675706863403,helicopter,0.2912936508655548,washing_machine,0.2894273102283478,engine,0.2805447578430176,chirping_birds,0.2549421787261963,vacuum_cleaner,0.24273452162742615,mouse_click,0.23144258558750153
2-109505-A-21.wav,sneezing,sneezing,True,0.3007338345050812,0.21145325899124146,0.08928057551383972,sneezing,laughing,coughing,0.20665521919727325,rooster,0.175223708152771,breathing,0.1584930419921875,hen,0.13654378056526184,can_opening,0.13372676074504852,crow,0.13301479816436768,dog,0.13193202018737793,pig,0.11534769833087921
2-109759-A-26.wav,laughing,laughing,True,0.41618892550468445,0.2900497317314148,0.12613919377326965,laughing,sneezing,coughing,0.24497804045677185,breathing,0.21939542889595032,hen,0.1823401004076004,brushing_teeth,0.1596728265285492,drinking_sipping,0.14577820897102356,crying_baby,0.14194031059741974,dog,0.14124387502670288,clapping,0.10425110161304474
2-109759-B-26.wav,laughing,laughing,True,0.3885061740875244,0.2202308624982834,0.16827531158924103,laughing,coughing,brushing_teeth,0.19033268094062805,hen,0.18724647164344788,sneezing,0.171860009431839,clapping,0.15601666271686554,breathing,0.13674812018871307,fireworks,0.13156980276107788,dog,0.13144242763519287,door_wood_knock,0.12300532311201096
2-110010-A-5.wav,cat,cat,True,0.6019420623779297,0.34515947103500366,0.256782591342926,cat,crying_baby,dog,0.2694624066352844,vacuum_cleaner,0.25460365414619446,crow,0.25257816910743713,frog,0.24027961492538452,siren,0.23699426651000977,rooster,0.22872787714004517,cow,0.20128247141838074,car_horn,0.19005291163921356
2-110011-A-5.wav,cat,cat,True,0.5700545907020569,0.2875589430332184,0.2824956476688385,cat,crying_baby,sheep,0.24569182097911835,dog,0.22465378046035767,frog,0.21889589726924896,cow,0.203480064868927,crow,0.1932995766401291,siren,0.18252550065517426,rooster,0.18095409870147705,car_horn,0.1699015200138092
2-110417-A-28.wav,snoring,snoring,True,0.6036993265151978,0.38541707396507263,0.21828225255012512,snoring,drinking_sipping,breathing,0.326667457818985,pig,0.292266309261322,brushing_teeth,0.2387181520462036,cow,0.23031577467918396,chainsaw,0.22393524646759033,airplane,0.2224770039319992,sneezing,0.1949695646762848,dog,0.19431209564208984
2-110417-B-28.wav,snoring,snoring,True,0.6401814222335815,0.3380523920059204,0.30212903022766113,snoring,pig,drinking_sipping,0.3288240134716034,breathing,0.29948872327804565,cow,0.2704938054084778,chainsaw,0.27037444710731506,rooster,0.27005892992019653,helicopter,0.2383921593427658,brushing_teeth,0.23569414019584656,hand_saw,0.22352701425552368
2-110613-A-13.wav,crickets,crickets,True,0.5928384065628052,0.565031111240387,0.027807295322418213,crickets,insects,frog,0.4927440881729126,chirping_birds,0.2916678190231323,helicopter,0.2648847699165344,hen,0.2622196674346924,cow,0.25694796442985535,clock_tick,0.2434002012014389,engine,0.22796741127967834,siren,0.2254331260919571
2-110614-A-8.wav,sheep,sheep,True,0.6891220808029175,0.5486180782318115,0.14050400257110596,sheep,cow,hand_saw,0.3362271189689636,crying_baby,0.31419089436531067,chainsaw,0.30705997347831726,rooster,0.2908984124660492,crow,0.28546005487442017,pig,0.2818586230278015,hen,0.19685609638690948,cat,0.17991532385349274
2-110614-B-8.wav,sheep,sheep,True,0.6772812604904175,0.45888906717300415,0.21839219331741333,sheep,cow,hand_saw,0.3020016551017761,chainsaw,0.27439412474632263,pig,0.2621634006500244,hen,0.2493663728237152,crying_baby,0.2475639432668686,rooster,0.19337700307369232,crow,0.17490649223327637,dog,0.1525830328464508
2-112213-A-39.wav,glass_breaking,glass_breaking,True,0.6009096503257751,0.20166856050491333,0.3992410898208618,glass_breaking,pouring_water,can_opening,0.16668443381786346,crying_baby,0.14743992686271667,crow,0.13602392375469208,cat,0.12914055585861206,sheep,0.12910419702529907,coughing,0.12038730084896088,sneezing,0.11159394681453705,crackling_fire,0.11016985028982162
2-112213-B-39.wav,glass_breaking,glass_breaking,True,0.58440101146698,0.21619756519794464,0.36820344626903534,glass_breaking,pouring_water,can_opening,0.17211924493312836,crow,0.13783937692642212,crying_baby,0.12152300775051117,water_drops,0.1181086003780365,sneezing,0.1150374561548233,cat,0.10952115058898926,rain,0.10313364863395691,sheep,0.10254943370819092
2-114254-A-30.wav,door_wood_knock,door_wood_knock,True,0.6132310032844543,0.3908821940422058,0.22234880924224854,door_wood_knock,door_wood_creaks,rooster,0.33444637060165405,frog,0.3274923861026764,clock_tick,0.31631216406822205,engine,0.28356868028640747,hen,0.2683301568031311,clock_alarm,0.2495039850473404,washing_machine,0.24286383390426636,water_drops,0.2346193641424179
2-114280-A-0.wav,dog,dog,True,0.5581412315368652,0.3279229998588562,0.23021823167800903,dog,rooster,hen,0.28706544637680054,cow,0.22491392493247986,door_wood_knock,0.21316859126091003,clock_alarm,0.19454941153526306,car_horn,0.19399891793727875,chirping_birds,0.17799146473407745,crow,0.1578029841184616,train,0.14781421422958374
2-114587-A-0.wav,dog,dog,True,0.5489246249198914,0.26328253746032715,0.2856420874595642,dog,laughing,hen,0.24676768481731415,rooster,0.2229337990283966,cat,0.17107218503952026,clock_alarm,0.1361769437789917,vacuum_cleaner,0.131251722574234,cow,0.12915781140327454,clapping,0.12846022844314575,car_horn,0.12101121246814728
2-114609-A-28.wav,snoring,snoring,True,0.5148000717163086,0.4524756669998169,0.0623244047164917,snoring,breathing,dog,0.2835269868373871,drinking_sipping,0.28040164709091187,pig,0.2474505454301834,rooster,0.22786806523799896,sneezing,0.19408394396305084,cow,0.1883823573589325,brushing_teeth,0.18310870230197906,coughing,0.1656172275543213
2-114609-B-28.wav,snoring,snoring,True,0.574374794960022,0.3004765808582306,0.2738982141017914,snoring,breathing,drinking_sipping,0.27520954608917236,dog,0.20249320566654205,pig,0.1804162859916687,helicopter,0.16367989778518677,chainsaw,0.16343393921852112,sneezing,0.14737270772457123,rooster,0.145952969789505,hand_saw,0.1358313113451004
2-116400-A-0.wav,dog,dog,True,0.49556833505630493,0.29630860686302185,0.19925972819328308,dog,hen,rooster,0.2680581212043762,cow,0.26779597997665405,crow,0.1940506249666214,chirping_birds,0.17409104108810425,fireworks,0.16858994960784912,frog,0.15023073554039001,laughing,0.14597247540950775,door_wood_knock,0.14115744829177856
2-117116-A-37.wav,clock_alarm,clock_alarm,True,0.6133230328559875,0.35715749859809875,0.2561655342578888,clock_alarm,hen,cow,0.27870696783065796,car_horn,0.2725512981414795,brushing_teeth,0.22364726662635803,sheep,0.1884944587945938,clock_tick,0.18040233850479126,washing_machine,0.17235326766967773,frog,0.16501207649707794,pig,0.1461392641067505
2-117271-A-0.wav,dog,dog,True,0.5353181958198547,0.24676652252674103,0.2885516732931137,dog,rooster,hen,0.23836196959018707,cow,0.22423043847084045,sheep,0.2112204134464264,chainsaw,0.1330380141735077,chirping_birds,0.13166706264019012,train,0.1306263953447342,fireworks,0.1293845772743225,pig,0.12087317556142807
2-117330-A-28.wav,snoring,snoring,True,0.5424178838729858,0.4072440266609192,0.13517385721206665,snoring,breathing,drinking_sipping,0.36063724756240845,sneezing,0.2352384626865387,cow,0.211812824010849,pig,0.2023240029811859,brushing_teeth,0.1849089115858078,airplane,0.17498892545700073,dog,0.16214551031589508,helicopter,0.15846917033195496
2-117615-A-48.wav,fireworks,fireworks,True,0.5640493631362915,0.2186942845582962,0.3453550785779953,fireworks,clock_alarm,laughing,0.21442857384681702,hen,0.1928526759147644,helicopter,0.19229283928871155,crackling_fire,0.1824302077293396,door_wood_knock,0.16905462741851807,clock_tick,0.14024397730827332,clapping,0.13391193747520447,siren,0.11760389804840088
2-117615-B-48.wav,fireworks,fireworks,True,0.6020642518997192,0.18972213566303253,0.4123421162366867,fireworks,helicopter,laughing,0.15918287634849548,clock_alarm,0.15709128975868225,hen,0.15228644013404846,door_wood_knock,0.14672726392745972,church_bells,0.11984745413064957,crickets,0.11004128307104111,crackling_fire,0.10560713708400726,clock_tick,0.1024593859910965
2-117615-C-48.wav,fireworks,fireworks,True,0.5812563896179199,0.202302485704422,0.3789539039134979,fireworks,helicopter,crickets,0.1349661946296692,church_bells,0.13205364346504211,train,0.13167592883110046,door_wood_knock,0.11533724516630173,airplane,0.11484960466623306,crackling_fire,0.1123877465724945,thunderstorm,0.10558564215898514,chirping_birds,0.10127467662096024
2-117615-D-48.wav,fireworks,fireworks,True,0.6044981479644775,0.18919754028320312,0.4153006076812744,fireworks,helicopter,crackling_fire,0.1560245156288147,church_bells,0.14713802933692932,crickets,0.1367078423500061,clock_alarm,0.12167029082775116,hen,0.1134423017501831,door_wood_knock,0.1017463430762291,thunderstorm,0.10037890821695328,train,0.08425518870353699
2-117615-E-48.wav,fireworks,fireworks,True,0.5136052370071411,0.16693386435508728,0.34667137265205383,fireworks,crackling_fire,can_opening,0.10503749549388885,church_bells,0.09100341796875,hen,0.08662062883377075,thunderstorm,0.08389744162559509,helicopter,0.06820465624332428,crickets,0.05908898636698723,rooster,0.040227632969617844,door_wood_knock,0.03968248516321182
2-117616-A-48.wav,fireworks,fireworks,True,0.4336134195327759,0.21109512448310852,0.22251829504966736,fireworks,crackling_fire,hen,0.1607978492975235,can_opening,0.14894512295722961,crow,0.14078070223331451,thunderstorm,0.1276281774044037,sheep,0.12625189125537872,church_bells,0.1172647699713707,cow,0.10727092623710632,chainsaw,0.10707820951938629
2-117617-A-48.wav,fireworks,fireworks,True,0.4396926164627075,0.22988539934158325,0.20980721712112427,fireworks,crackling_fire,can_opening,0.16625331342220306,crying_baby,0.13370242714881897,hen,0.1254790723323822,clapping,0.11861925572156906,thunderstorm,0.11420455574989319,coughing,0.09268509596586227,glass_breaking,0.0857655256986618,sneezing,0.0811072587966919
2-117625-A-10.wav,rain,crackling_fire,False,0.3836519122123718,0.36001071333885193,0.023641198873519897,crackling_fire,rain,thunderstorm,0.2992686331272125,pouring_water,0.20476365089416504,wind,0.1925763189792633,fireworks,0.13723498582839966,chainsaw,0.11259405314922333,engine,0.10491888225078583,hen,0.09487113356590271,glass_breaking,0.08992516249418259
2-117795-A-3.wav,cow,cow,True,0.6472240686416626,0.4626578390598297,0.18456622958183289,cow,sheep,rooster,0.37082618474960327,pig,0.3522855341434479,crying_baby,0.3186148405075073,hen,0.29393911361694336,dog,0.2817060053348541,crow,0.25244757533073425,chainsaw,0.2241668403148651,cat,0.19915471971035004
2-117795-B-3.wav,cow,cow,True,0.6349806785583496,0.5312150716781616,0.10376560688018799,cow,sheep,pig,0.35920560359954834,rooster,0.3391325771808624,hen,0.3113378882408142,crying_baby,0.23600994050502777,dog,0.22750139236450195,crow,0.22412779927253723,chainsaw,0.1917782723903656,clock_alarm,0.18475644290447235
2-118072-A-0.wav,dog,dog,True,0.5101665258407593,0.4574580788612366,0.052708446979522705,dog,rooster,crow,0.33714672923088074,cow,0.31528180837631226,frog,0.30085378885269165,cat,0.2884770631790161,hen,0.28422239422798157,pig,0.2617487907409668,clock_tick,0.236124187707901,train,0.22694432735443115
2-118104-A-21.wav,sneezing,sneezing,True,0.5559451580047607,0.17104142904281616,0.3849037289619446,sneezing,drinking_sipping,cow,0.15683674812316895,crying_baby,0.14619344472885132,cat,0.12039031088352203,coughing,0.11772345006465912,breathing,0.11275723576545715,church_bells,0.10390304028987885,hen,0.10305708646774292,crow,0.09601660072803497
2-118459-A-32.wav,keyboard_typing,keyboard_typing,True,0.4208361506462097,0.2760947346687317,0.14474141597747803,keyboard_typing,mouse_click,washing_machine,0.2672122120857239,helicopter,0.1941240131855011,engine,0.13685283064842224,hen,0.13535301387310028,pouring_water,0.12875904142856598,chirping_birds,0.12670017778873444,clock_tick,0.12603001296520233,airplane,0.12411430478096008
2-118459-B-32.wav,keyboard_typing,keyboard_typing,True,0.4817584156990051,0.3557468056678772,0.12601161003112793,keyboard_typing,mouse_click,washing_machine,0.2045224905014038,chirping_birds,0.18631795048713684,pouring_water,0.1778533160686493,water_drops,0.16441918909549713,rain,0.15348362922668457,airplane,0.15058715641498566,door_wood_knock,0.1360665261745453,helicopter,0.1349826157093048
2-118624-A-30.wav,door_wood_knock,door_wood_knock,True,0.5342139601707458,0.36639994382858276,0.16781401634216309,door_wood_knock,door_wood_creaks,rooster,0.29376187920570374,frog,0.29349958896636963,washing_machine,0.24551227688789368,hen,0.19896501302719116,clock_alarm,0.1877136081457138,dog,0.17781312763690948,engine,0.1727181077003479,clock_tick,0.16468185186386108
2-118625-A-30.wav,door_wood_knock,door_wood_knock,True,0.5252575278282166,0.3078804016113281,0.21737712621688843,door_wood_knock,rooster,door_wood_creaks,0.29886460304260254,frog,0.244392991065979,clock_tick,0.2322182059288025,clock_alarm,0.22958727180957794,washing_machine,0.22026494145393372,train,0.207035094499588,mouse_click,0.20345395803451538,dog,0.1895986646413803
2-118817-A-32.wav,keyboard_typing,keyboard_typing,True,0.4944201111793518,0.3898620009422302,0.10455811023712158,keyboard_typing,mouse_click,water_drops,0.2553361654281616,crackling_fire,0.2409704625606537,pouring_water,0.21162903308868408,insects,0.19818052649497986,rain,0.19703400135040283,washing_machine,0.19694511592388153,airplane,0.18787288665771484,chirping_birds,0.18420997262001038
2-118964-A-0.wav,dog,dog,True,0.5452660322189331,0.3997006416320801,0.14556539058685303,dog,rooster,crow,0.25001829862594604,hen,0.24412503838539124,cow,0.23619046807289124,door_wood_knock,0.2274707704782486,cat,0.1854836642742157,frog,0.16789153218269348,train,0.15857580304145813,chirping_birds,0.14810612797737122
2-119102-A-21.wav,sneezing,sneezing,True,0.5408525466918945,0.2242540866136551,0.31659846007823944,sneezing,drinking_sipping,cow,0.2039135992527008,hen,0.14172083139419556,coughing,0.1316889226436615,church_bells,0.12594667077064514,crow,0.11456721276044846,can_opening,0.09681287407875061,sheep,0.09105095267295837,breathing,0.0905543714761734
2-119139-A-31.wav,mouse_click,mouse_click,True,0.31400835514068604,0.26685190200805664,0.047156453132629395,mouse_click,keyboard_typing,dog,0.2354051023721695,airplane,0.2003115713596344,insects,0.1976166069507599,washing_machine,0.1925833523273468,chirping_birds,0.18741220235824585,clock_tick,0.18424487113952637,rooster,0.18027475476264954,frog,0.1697894036769867
2-119161-A-8.wav,sheep,sheep,True,0.6547611951828003,0.4236597716808319,0.23110142350196838,sheep,cow,hen,0.3692997992038727,pig,0.2796696126461029,chirping_birds,0.2591119706630707,car_horn,0.24704553186893463,crow,0.23367741703987122,dog,0.18082237243652344,hand_saw,0.17615586519241333,chainsaw,0.1661180853843689
2-119161-B-8.wav,sheep,sheep,True,0.63938307762146,0.43706974387168884,0.20231333374977112,sheep,cow,hen,0.3869350552558899,pig,0.2988133728504181,chirping_birds,0.254940003156662,car_horn,0.23644326627254486,crow,0.22527828812599182,chainsaw,0.18504443764686584,dog,0.18472006916999817,hand_saw,0.1783944070339203
2-119161-C-8.wav,sheep,sheep,True,0.6499706506729126,0.4607708156108856,0.18919983506202698,sheep,cow,hen,0.3209381401538849,pig,0.3014160692691803,crow,0.24953250586986542,chirping_birds,0.2352200299501419,car_horn,0.23297327756881714,chainsaw,0.22990728914737701,hand_saw,0.21312059462070465,rooster,0.19662153720855713
2-119748-A-38.wav,clock_tick,clock_tick,True,0.4442700445652008,0.3406693935394287,0.1036006510257721,clock_tick,clock_alarm,hen,0.25477612018585205,door_wood_knock,0.18259522318840027,rooster,0.17356634140014648,washing_machine,0.17355915904045105,door_wood_creaks,0.16812074184417725,car_horn,0.16675445437431335,pig,0.16283205151557922,cow,0.14219340682029724
2-120218-A-30.wav,door_wood_knock,door_wood_knock,True,0.5988208055496216,0.46536922454833984,0.13345158100128174,door_wood_knock,door_wood_creaks,rooster,0.23172420263290405,washing_machine,0.21335595846176147,engine,0.2099076211452484,dog,0.19329139590263367,footsteps,0.19293442368507385,helicopter,0.19224491715431213,keyboard_typing,0.1822996586561203,frog,0.17595940828323364
2-120218-B-30.wav,door_wood_knock,door_wood_knock,True,0.5613865852355957,0.41392645239830017,0.14746013283729553,door_wood_knock,door_wood_creaks,rooster,0.22526872158050537,washing_machine,0.17834150791168213,engine,0.16640014946460724,hen,0.14526283740997314,dog,0.1406460851430893,fireworks,0.1381722390651703,water_drops,0.13795849680900574,footsteps,0.12168063968420029
2-120333-A-32.wav,keyboard_typing,keyboard_typing,True,0.46106600761413574,0.417416512966156,0.043649494647979736,keyboard_typing,mouse_click,water_drops,0.24090345203876495,chirping_birds,0.22033798694610596,helicopter,0.21380504965782166,clapping,0.2110530436038971,airplane,0.20066195726394653,clock_tick,0.19999712705612183,dog,0.18210338056087494,washing_machine,0.17429819703102112
2-120586-A-6.wav,hen,hen,True,0.6275452971458435,0.4878273904323578,0.13971790671348572,hen,rooster,cow,0.4544081687927246,crow,0.3262637257575989,frog,0.3236325979232788,pig,0.3001651465892792,clock_alarm,0.2896694540977478,sheep,0.25995248556137085,chirping_birds,0.25608518719673157,siren,0.23618358373641968
2-120587-A-6.wav,hen,hen,True,0.6308082342147827,0.3642422556877136,0.2665659785270691,hen,cow,rooster,0.34199321269989014,frog,0.324278861284256,pig,0.3068053722381592,chirping_birds,0.29261308908462524,crow,0.29037395119667053,sheep,0.23645126819610596,car_horn,0.2328849732875824,dog,0.22356000542640686
2-121909-A-35.wav,washing_machine,washing_machine,True,0.5279467701911926,0.3109428882598877,0.21700388193130493,washing_machine,engine,brushing_teeth,0.29045772552490234,hand_saw,0.2586749792098999,toilet_flush,0.2429589480161667,vacuum_cleaner,0.19287970662117004,helicopter,0.1679971069097519,pouring_water,0.15058159828186035,sheep,0.1372048258781433,train,0.13216178119182587
2-121978-A-29.wav,drinking_sipping,drinking_sipping,True,0.42120587825775146,0.3494897484779358,0.07171612977981567,drinking_sipping,crying_baby,cat,0.3316500782966614,pig,0.3041401505470276,sheep,0.3039516806602478,brushing_teeth,0.2973763346672058,pouring_water,0.29621946811676025,door_wood_creaks,0.2881109118461609,cow,0.2875237464904785,dog,0.2610735297203064
2-122066-A-45.wav,train,train,True,0.6286590099334717,0.3196561932563782,0.3090028166770935,train,airplane,helicopter,0.2798677682876587,engine,0.27879488468170166,chirping_birds,0.2568051815032959,hen,0.2113485485315323,church_bells,0.2089422643184662,fireworks,0.20772644877433777,cow,0.19258016347885132,crickets,0.19235247373580933
2-122066-B-45.wav,train,train,True,0.6330534219741821,0.2729036211967468,0.3601498007774353,train,engine,airplane,0.24602189660072327,helicopter,0.2334982305765152,clock_alarm,0.21630747616291046,coughing,0.21338848769664764,washing_machine,0.2006550431251526,chirping_birds,0.19108426570892334,crickets,0.18750688433647156,breathing,0.16720332205295563
2-122067-A-45.wav,train,train,True,0.5948140621185303,0.24378034472465515,0.3510337173938751,train,engine,airplane,0.22858130931854248,helicopter,0.1970728486776352,chirping_birds,0.19064199924468994,coughing,0.18929141759872437,hen,0.17405405640602112,washing_machine,0.16937538981437683,crickets,0.1553078293800354,cow,0.15349477529525757
2-122067-B-45.wav,train,train,True,0.5831403136253357,0.2562175989151001,0.3269227147102356,train,engine,hen,0.23155876994132996,airplane,0.22379058599472046,coughing,0.1978752613067627,chirping_birds,0.19352975487709045,helicopter,0.18576836585998535,washing_machine,0.13834494352340698,crickets,0.1367323100566864,cow,0.13596996665000916
2-122104-A-0.wav,dog,dog,True,0.5747572779655457,0.3119480609893799,0.26280921697616577,dog,hen,rooster,0.3046964108943939,cow,0.2683113217353821,chirping_birds,0.259140282869339,train,0.21836423873901367,car_horn,0.20383085310459137,fireworks,0.20240089297294617,crow,0.1942262351512909,helicopter,0.18275690078735352
2-122104-B-0.wav,dog,dog,True,0.5458711385726929,0.28362923860549927,0.2622418999671936,dog,rooster,hen,0.27502891421318054,cow,0.2614472508430481,chirping_birds,0.24554121494293213,train,0.20954668521881104,fireworks,0.20813310146331787,crow,0.1946432888507843,helicopter,0.17605291306972504,sheep,0.1712435781955719
2-122616-A-14.wav,chirping_birds,chirping_birds,True,0.4603777825832367,0.2988603115081787,0.16151747107505798,chirping_birds,crow,rooster,0.2480354756116867,insects,0.20776106417179108,chainsaw,0.1873885840177536,crying_baby,0.1744447946548462,cow,0.16693603992462158,wind,0.1576409488916397,train,0.15580220520496368,frog,0.1499672532081604
2-122763-A-29.wav,drinking_sipping,drinking_sipping,True,0.3939182162284851,0.30338144302368164,0.09053677320480347,drinking_sipping,coughing,pig,0.28516024351119995,snoring,0.2773970365524292,cat,0.2536906599998474,pouring_water,0.23880881071090698,cow,0.2149210423231125,breathing,0.18254205584526062,door_wood_knock,0.17757977545261383,footsteps,0.1676899790763855
2-122763-B-29.wav,drinking_sipping,drinking_sipping,True,0.6077943444252014,0.4072936773300171,0.20050066709518433,drinking_sipping,pouring_water,coughing,0.3386839032173157,snoring,0.30858615040779114,breathing,0.28990262746810913,sneezing,0.2604939341545105,pig,0.2579081058502197,brushing_teeth,0.21347664296627045,cow,0.20849481225013733,crying_baby,0.1918966919183731
2-122820-A-36.wav,vacuum_cleaner,vacuum_cleaner,True,0.5804976224899292,0.3590318560600281,0.22146576642990112,vacuum_cleaner,brushing_teeth,washing_machine,0.33024680614471436,hand_saw,0.30556556582450867,chainsaw,0.23980389535427094,engine,0.20777463912963867,cat,0.20604220032691956,rain,0.17321762442588806,wind,0.16757331788539886,crying_baby,0.16477800905704498
2-122820-B-36.wav,vacuum_cleaner,vacuum_cleaner,True,0.5862739086151123,0.35958191752433777,0.22669199109077454,vacuum_cleaner,brushing_teeth,washing_machine,0.33244940638542175,hand_saw,0.3008802533149719,rain,0.19515171647071838,cat,0.19320645928382874,chainsaw,0.1884041279554367,toilet_flush,0.18750722706317902,engine,0.18197831511497498,crying_baby,0.17190907895565033
2-123712-A-33.wav,door_wood_creaks,door_wood_creaks,True,0.45450979471206665,0.2757461965084076,0.17876359820365906,door_wood_creaks,frog,can_opening,0.25429314374923706,hen,0.17708277702331543,door_wood_knock,0.1661289930343628,pig,0.16080798208713531,car_horn,0.14489834010601044,rooster,0.12902092933654785,crow,0.09864648431539536,cat,0.09298688173294067
2-123896-A-24.wav,coughing,coughing,True,0.5751539468765259,0.37910619378089905,0.19604775309562683,coughing,sneezing,hen,0.2968484163284302,cow,0.25904959440231323,breathing,0.2493543028831482,laughing,0.2482166737318039,drinking_sipping,0.2388768196105957,crying_baby,0.20851321518421173,pig,0.20145544409751892,rooster,0.16236469149589539
2-124564-A-15.wav,water_drops,brushing_teeth,False,0.32722222805023193,0.3011172413825989,0.026104986667633057,brushing_teeth,washing_machine,water_drops,0.20839819312095642,cat,0.14405874907970428,pouring_water,0.13207882642745972,door_wood_creaks,0.12903615832328796,engine,0.12322227656841278,vacuum_cleaner,0.12228430062532425,dog,0.11577536910772324,door_wood_knock,0.11064901202917099
2-124662-A-11.wav,sea_waves,sea_waves,True,0.49742597341537476,0.17902514338493347,0.3184008300304413,sea_waves,train,pouring_water,0.1713305413722992,toilet_flush,0.1362238973379135,hen,0.09015079587697983,chirping_birds,0.0858849436044693,car_horn,0.08556856215000153,airplane,0.08531683683395386,thunderstorm,0.07789646089076996,washing_machine,0.07655812054872513
2-125520-A-43.wav,car_horn,car_horn,True,0.5524137020111084,0.30045056343078613,0.25196313858032227,car_horn,clock_alarm,hen,0.2796902060508728,cow,0.22929565608501434,siren,0.20658724009990692,crow,0.1817021518945694,sheep,0.16362670063972473,frog,0.16171368956565857,church_bells,0.14796534180641174,door_wood_knock,0.1461636871099472
2-125821-A-13.wav,crickets,crickets,True,0.4961147904396057,0.4738703966140747,0.022244393825531006,crickets,insects,frog,0.2860575318336487,chirping_birds,0.24786695837974548,cow,0.23469063639640808,water_drops,0.2104339301586151,helicopter,0.20260827243328094,wind,0.20054277777671814,sea_waves,0.18956370651721954,rain,0.18714967370033264
2-125875-A-13.wav,crickets,crickets,True,0.5188868641853333,0.4681178629398346,0.05076900124549866,crickets,insects,frog,0.37337440252304077,engine,0.2450179159641266,cow,0.22294098138809204,toilet_flush,0.22126714885234833,dog,0.2046354115009308,train,0.19419527053833008,clock_tick,0.17682108283042908,rain,0.17638541758060455
2-125966-A-11.wav,sea_waves,sea_waves,True,0.3196173906326294,0.15417543053627014,0.16544196009635925,sea_waves,pouring_water,helicopter,0.07973900437355042,train,0.07614069432020187,dog,0.06822702288627625,engine,0.04791172966361046,wind,0.03293734788894653,water_drops,0.029148241505026817,footsteps,0.02823488973081112,washing_machine,0.020504606887698174
2-126433-A-17.wav,pouring_water,pouring_water,True,0.4144858121871948,0.356110543012619,0.058375269174575806,pouring_water,brushing_teeth,water_drops,0.23784880340099335,washing_machine,0.17070171236991882,toilet_flush,0.1373598575592041,drinking_sipping,0.13585324585437775,can_opening,0.11932075023651123,rain,0.08083868026733398,dog,0.06874170154333115,sheep,0.039791498333215714
2-126756-A-29.wav,drinking_sipping,drinking_sipping,True,0.2830180525779724,0.26385563611984253,0.019162416458129883,drinking_sipping,sneezing,laughing,0.23828983306884766,rooster,0.22014425694942474,breathing,0.19524340331554413,cow,0.18922016024589539,cat,0.18307867646217346,dog,0.18173374235630035,coughing,0.17750439047813416,snoring,0.1740848273038864
2-127108-A-38.wav,clock_tick,clock_tick,True,0.3673361539840698,0.28114062547683716,0.08619552850723267,clock_tick,clock_alarm,chirping_birds,0.19561971724033356,hen,0.1929282695055008,car_horn,0.18831409513950348,washing_machine,0.1774674952030182,water_drops,0.17482870817184448,mouse_click,0.17011941969394684,door_wood_knock,0.1537237912416458,toilet_flush,0.15126338601112366
2-127109-A-6.wav,hen,hen,True,0.6447747945785522,0.3796212673187256,0.26515352725982666,hen,pig,cow,0.31274354457855225,rooster,0.30587878823280334,frog,0.2589894235134125,chirping_birds,0.2552528977394104,sheep,0.23462000489234924,dog,0.2027924507856369,crow,0.19573302567005157,laughing,0.17921961843967438
2-128465-A-43.wav,car_horn,car_horn,True,0.38129639625549316,0.29713156819343567,0.0841648280620575,car_horn,clock_alarm,sheep,0.24035918712615967,cow,0.22752273082733154,hen,0.20558007061481476,church_bells,0.19523191452026367,siren,0.185075581073761,hand_saw,0.18238575756549835,crying_baby,0.16944217681884766,chainsaw,0.13747942447662354
2-128465-B-43.wav,car_horn,car_horn,True,0.38695961236953735,0.2984929084777832,0.08846670389175415,car_horn,clock_alarm,siren,0.2884107828140259,sheep,0.2384411096572876,cow,0.22373081743717194,hen,0.2141198068857193,hand_saw,0.2086355835199356,train,0.2039414346218109,chainsaw,0.1985517144203186,church_bells,0.19799432158470154
2-128631-A-21.wav,sneezing,sneezing,True,0.5958502292633057,0.38485002517700195,0.2110002040863037,sneezing,coughing,drinking_sipping,0.24754533171653748,laughing,0.24353736639022827,cow,0.22925662994384766,hen,0.2101830393075943,breathing,0.20676665008068085,crying_baby,0.18202045559883118,crow,0.13893398642539978,pig,0.11904490739107132
2-130245-A-34.wav,can_opening,can_opening,True,0.6693421602249146,0.3890252709388733,0.28031688928604126,can_opening,drinking_sipping,sneezing,0.2146780788898468,pig,0.20095226168632507,brushing_teeth,0.18410295248031616,pouring_water,0.1710750162601471,snoring,0.17066510021686554,crackling_fire,0.16642975807189941,breathing,0.15008792281150818,coughing,0.11806885898113251
2-130978-A-21.wav,sneezing,sneezing,True,0.5309545993804932,0.20524296164512634,0.3257116377353668,sneezing,cow,laughing,0.19722309708595276,drinking_sipping,0.17285539209842682,cat,0.16065815091133118,hen,0.14300423860549927,crow,0.1360536515712738,dog,0.12949204444885254,sheep,0.12384185194969177,coughing,0.12186981737613678
2-130979-A-21.wav,sneezing,sneezing,True,0.5259155035018921,0.27410879731178284,0.25180670619010925,sneezing,drinking_sipping,cow,0.17267192900180817,coughing,0.1507263481616974,sheep,0.12746237218379974,cat,0.11637180298566818,can_opening,0.11264980584383011,crow,0.09979388117790222,breathing,0.0974271297454834,laughing,0.09453947842121124
2-131943-A-38.wav,clock_tick,clock_alarm,False,0.3518223762512207,0.3114149570465088,0.040407419204711914,clock_alarm,clock_tick,hen,0.30479782819747925,pig,0.178639754652977,sheep,0.1490565687417984,washing_machine,0.14492854475975037,cow,0.1433744579553604,car_horn,0.14185498654842377,engine,0.11848536878824234,rooster,0.10709324479103088
2-132157-A-11.wav,sea_waves,sea_waves,True,0.3409794569015503,0.19067513942718506,0.15030431747436523,sea_waves,pouring_water,train,0.1267535537481308,dog,0.12556736171245575,engine,0.1145266741514206,washing_machine,0.11007752269506454,brushing_teeth,0.09105212986469269,toilet_flush,0.08416378498077393,coughing,0.08325964212417603,helicopter,0.08258548378944397
2-132157-B-11.wav,sea_waves,sea_waves,True,0.46856939792633057,0.2118166983127594,0.25675269961357117,sea_waves,pouring_water,washing_machine,0.18995654582977295,thunderstorm,0.17620015144348145,toilet_flush,0.17375913262367249,train,0.1640300452709198,engine,0.1534428894519806,wind,0.15156027674674988,car_horn,0.11005854606628418,rooster,0.09640137106180191
2-133863-A-11.wav,sea_waves,sea_waves,True,0.47020184993743896,0.14474685490131378,0.3254549950361252,sea_waves,wind,pouring_water,0.10884274542331696,train,0.08440989255905151,thunderstorm,0.08031006157398224,airplane,0.07011030614376068,helicopter,0.0633653849363327,dog,0.032998472452163696,chirping_birds,0.023079559206962585,church_bells,0.015881529077887535
2-133889-A-30.wav,door_wood_knock,door_wood_knock,True,0.557094931602478,0.33249080181121826,0.22460412979125977,door_wood_knock,door_wood_creaks,clock_tick,0.31916260719299316,engine,0.2759466767311096,footsteps,0.2640211582183838,helicopter,0.2549920678138733,hen,0.2285124957561493,washing_machine,0.22136051952838898,fireworks,0.21632063388824463,clock_alarm,0.21554036438465118
2-134049-A-6.wav,hen,crow,False,0.47760871052742004,0.4745180606842041,0.0030906498432159424,crow,rooster,hen,0.4067525565624237,dog,0.3672112226486206,pig,0.2886146008968353,frog,0.2826399803161621,crickets,0.22754237055778503,cow,0.225040003657341,insects,0.21912115812301636,cat,0.20823800563812256
2-134700-A-38.wav,clock_tick,clock_tick,True,0.48043614625930786,0.3467716574668884,0.13366448879241943,clock_tick,clock_alarm,hen,0.32654160261154175,breathing,0.2995751202106476,rooster,0.24948053061962128,mouse_click,0.2380031943321228,cow,0.22391124069690704,crickets,0.21556782722473145,washing_machine,0.2123672366142273,pig,0.20778053998947144
2-134915-A-30.wav,door_wood_knock,door_wood_knock,True,0.5426557064056396,0.3236420750617981,0.21901363134384155,door_wood_knock,door_wood_creaks,clock_tick,0.3098008334636688,engine,0.288760244846344,helicopter,0.2488236278295517,footsteps,0.2483079433441162,washing_machine,0.24645812809467316,hen,0.23249614238739014,clock_alarm,0.22012411057949066,fireworks,0.1847766488790512
2-135649-A-45.wav,train,train,True,0.5181012153625488,0.2940354645252228,0.22406575083732605,train,washing_machine,engine,0.24954167008399963,coughing,0.215224951505661,helicopter,0.19319972395896912,breathing,0.17064425349235535,airplane,0.16041141748428345,toilet_flush,0.14327901601791382,brushing_teeth,0.12993083894252777,hen,0.12478954344987869
2-135649-B-45.wav,train,train,True,0.5778425335884094,0.2980601191520691,0.27978241443634033,train,engine,airplane,0.26576581597328186,helicopter,0.19865867495536804,coughing,0.19703590869903564,breathing,0.18744926154613495,hen,0.18022309243679047,thunderstorm,0.1788451075553894,wind,0.16647489368915558,washing_machine,0.15793463587760925
2-135649-C-45.wav,train,train,True,0.5617140531539917,0.28625744581222534,0.27545660734176636,train,engine,washing_machine,0.2800751328468323,airplane,0.23679128289222717,helicopter,0.19121740758419037,thunderstorm,0.1766447126865387,wind,0.1633823961019516,breathing,0.14859634637832642,chirping_birds,0.14822259545326233,chainsaw,0.12049198895692825
2-135728-A-38.wav,clock_tick,clock_tick,True,0.38465452194213867,0.29250019788742065,0.09215432405471802,clock_tick,clock_alarm,hen,0.26407623291015625,cow,0.17141354084014893,pig,0.16073498129844666,sheep,0.11041320860385895,chirping_birds,0.10511541366577148,church_bells,0.09520693123340607,mouse_click,0.08422207087278366,rain,0.08358843624591827
2-135860-A-49.wav,hand_saw,hand_saw,True,0.6084350347518921,0.25919628143310547,0.3492387533187866,hand_saw,sheep,rooster,0.2472982406616211,chainsaw,0.2209179401397705,cow,0.19670642912387848,brushing_teeth,0.1941770762205124,dog,0.1430060714483261,crow,0.12917135655879974,pig,0.1165480762720108,engine,0.06599833071231842
2-137162-A-11.wav,sea_waves,sea_waves,True,0.5004401206970215,0.18588849902153015,0.31455162167549133,sea_waves,wind,thunderstorm,0.1598559021949768,rain,0.14285016059875488,train,0.1304207742214203,glass_breaking,0.10868395119905472,vacuum_cleaner,0.07771052420139313,sneezing,0.06722622364759445,crying_baby,0.05867969989776611,airplane,0.05730374902486801
2-138257-A-31.wav,mouse_click,mouse_click,True,0.43976467847824097,0.3634885847568512,0.07627609372138977,mouse_click,keyboard_typing,water_drops,0.2868545949459076,chirping_birds,0.20408038794994354,clock_tick,0.20110543072223663,airplane,0.19595007598400116,insects,0.16500639915466309,engine,0.15379294753074646,rain,0.14405809342861176,crickets,0.13957911729812622
2-138465-A-43.wav,car_horn,engine,False,0.26831525564193726,0.2616041600704193,0.006711095571517944,engine,church_bells,crackling_fire,0.24233384430408478,rain,0.22574111819267273,car_horn,0.202432319521904,pouring_water,0.1766083836555481,train,0.17308080196380615,helicopter,0.17229950428009033,sheep,0.16942226886749268,water_drops,0.16489669680595398
2-139748-A-15.wav,water_drops,water_drops,True,0.3556496500968933,0.2658765912055969,0.08977305889129639,water_drops,clock_tick,fireworks,0.21232056617736816,brushing_teeth,0.16452175378799438,door_wood_knock,0.14743615686893463,washing_machine,0.143486887216568,helicopter,0.12723124027252197,hen,0.11870846152305603,pouring_water,0.10865335166454315,engine,0.10382666438817978
2-139748-B-15.wav,water_drops,water_drops,True,0.37284359335899353,0.34557121992111206,0.02727237343788147,water_drops,clock_tick,brushing_teeth,0.21484658122062683,fireworks,0.21363942325115204,washing_machine,0.2020186185836792,door_wood_knock,0.1808188557624817,helicopter,0.14996103942394257,clock_alarm,0.13577517867088318,mouse_click,0.11472664773464203,pouring_water,0.1081295907497406
2-139749-A-15.wav,water_drops,water_drops,True,0.3792586326599121,0.22414135932922363,0.15511727333068848,water_drops,pouring_water,clock_tick,0.20065197348594666,rain,0.19046154618263245,fireworks,0.16467761993408203,mouse_click,0.1535450518131256,drinking_sipping,0.15040290355682373,washing_machine,0.14728234708309174,helicopter,0.1416589617729187,engine,0.13237684965133667
2-140147-A-38.wav,clock_tick,clock_tick,True,0.5677768588066101,0.4245360791683197,0.1432407796382904,clock_tick,clock_alarm,rooster,0.3325720429420471,hen,0.3289467692375183,door_wood_knock,0.2963428497314453,washing_machine,0.267677903175354,breathing,0.23956695199012756,pig,0.22818917036056519,cow,0.22254914045333862,frog,0.20114445686340332
2-140841-A-30.wav,door_wood_knock,door_wood_knock,True,0.6099408268928528,0.3745836019515991,0.23535722494125366,door_wood_knock,door_wood_creaks,rooster,0.3194618225097656,clock_tick,0.3170138895511627,clock_alarm,0.2801128327846527,frog,0.22794780135154724,dog,0.22595231235027313,water_drops,0.20685704052448273,hen,0.1801937222480774,fireworks,0.1715935468673706
2-141563-A-39.wav,glass_breaking,glass_breaking,True,0.5237722396850586,0.21816062927246094,0.30561161041259766,glass_breaking,crackling_fire,keyboard_typing,0.17316851019859314,pouring_water,0.17233054339885712,crow,0.17043228447437286,can_opening,0.14228923618793488,mouse_click,0.14109081029891968,church_bells,0.13895300030708313,thunderstorm,0.12359214574098587,sneezing,0.10042959451675415
2-141584-A-38.wav,clock_tick,clock_tick,True,0.47870999574661255,0.3261318504810333,0.15257814526557922,clock_tick,clock_alarm,hen,0.2972182333469391,cow,0.19390933215618134,pig,0.17828339338302612,car_horn,0.157764732837677,frog,0.15386372804641724,mouse_click,0.15192478895187378,door_wood_knock,0.1437826156616211,rooster,0.14287292957305908
2-141681-A-36.wav,vacuum_cleaner,vacuum_cleaner,True,0.5791582465171814,0.4151216149330139,0.16403663158416748,vacuum_cleaner,washing_machine,hand_saw,0.27062341570854187,engine,0.26716792583465576,brushing_teeth,0.25500011444091797,train,0.248539000749588,airplane,0.24442033469676971,toilet_flush,0.1961531937122345,helicopter,0.18652494251728058,wind,0.16873499751091003
2-141681-B-36.wav,vacuum_cleaner,vacuum_cleaner,True,0.5592730045318604,0.36863893270492554,0.19063407182693481,vacuum_cleaner,washing_machine,brushing_teeth,0.26500505208969116,hand_saw,0.25162380933761597,engine,0.20015928149223328,airplane,0.1989668607711792,cat,0.17302531003952026,train,0.17266559600830078,sea_waves,0.14087718725204468,toilet_flush,0.13723181188106537
2-141682-A-36.wav,vacuum_cleaner,vacuum_cleaner,True,0.5342918038368225,0.32574462890625,0.2085471749305725,vacuum_cleaner,washing_machine,hand_saw,0.24024580419063568,brushing_teeth,0.20892062783241272,cat,0.1259864866733551,door_wood_creaks,0.12293154001235962,crying_baby,0.11141733825206757,train,0.11128480732440948,door_wood_knock,0.09747276455163956,chainsaw,0.0874873623251915
2-141682-B-36.wav,vacuum_cleaner,washing_machine,False,0.4613816440105438,0.41525545716285706,0.04612618684768677,washing_machine,vacuum_cleaner,engine,0.4038878381252289,airplane,0.26168835163116455,hand_saw,0.24921780824661255,brushing_teeth,0.24565009772777557,toilet_flush,0.22970277070999146,rain,0.22069686651229858,wind,0.22000975906848907,cat,0.16987936198711395
2-144031-A-34.wav,can_opening,can_opening,True,0.5202192664146423,0.14048713445663452,0.3797321319580078,can_opening,crackling_fire,dog,0.132418692111969,frog,0.11711183190345764,crow,0.11006009578704834,cat,0.10322453081607819,hen,0.10022635012865067,clapping,0.09571786969900131,sea_waves,0.0914074033498764,vacuum_cleaner,0.08482268452644348
2-144137-A-43.wav,car_horn,car_horn,True,0.5768349170684814,0.38968414068222046,0.187150776386261,car_horn,siren,clock_alarm,0.3753666281700134,church_bells,0.292484849691391,sea_waves,0.2844528555870056,hen,0.23421381413936615,crow,0.22578850388526917,train,0.22016307711601257,rooster,0.2039879858493805,frog,0.19972872734069824
2-146877-A-31.wav,mouse_click,mouse_click,True,0.4340708255767822,0.3644082546234131,0.06966257095336914,mouse_click,keyboard_typing,chirping_birds,0.2449888437986374,water_drops,0.2062569260597229,can_opening,0.18975362181663513,airplane,0.18561671674251556,insects,0.18334656953811646,chainsaw,0.16301394999027252,engine,0.16188177466392517,rain,0.15756523609161377
2-146877-B-31.wav,mouse_click,mouse_click,True,0.44056588411331177,0.3465445041656494,0.09402137994766235,mouse_click,keyboard_typing,chirping_birds,0.2674579918384552,water_drops,0.2463143765926361,insects,0.21944181621074677,rain,0.18689684569835663,wind,0.1819823831319809,airplane,0.17152678966522217,chainsaw,0.1677263081073761,engine,0.160771906375885
2-151079-A-20.wav,crying_baby,crying_baby,True,0.6218259334564209,0.39240118861198425,0.22942474484443665,crying_baby,cat,coughing,0.27227339148521423,sneezing,0.24790549278259277,cow,0.23991543054580688,frog,0.23452262580394745,crow,0.22816689312458038,hen,0.21912944316864014,breathing,0.21008531749248505,sheep,0.19168028235435486
2-152895-A-31.wav,mouse_click,mouse_click,True,0.27833008766174316,0.2360350489616394,0.04229503870010376,mouse_click,keyboard_typing,washing_machine,0.23559701442718506,water_drops,0.22149935364723206,door_wood_knock,0.19396832585334778,clapping,0.17872977256774902,clock_tick,0.16181999444961548,chainsaw,0.13827021420001984,can_opening,0.1308053433895111,door_wood_creaks,0.12728026509284973
2-152964-A-31.wav,mouse_click,mouse_click,True,0.41687294840812683,0.37081247568130493,0.0460604727268219,mouse_click,keyboard_typing,airplane,0.3319913148880005,clock_tick,0.3088967800140381,wind,0.30658096075057983,insects,0.2695281505584717,frog,0.2344464510679245,crickets,0.22730104625225067,helicopter,0.22501087188720703,engine,0.21847110986709595
2-153388-A-31.wav,mouse_click,washing_machine,False,0.2859386205673218,0.2694215178489685,0.01651710271835327,washing_machine,mouse_click,keyboard_typing,0.1995348334312439,train,0.18635067343711853,chainsaw,0.18344539403915405,engine,0.16949623823165894,vacuum_cleaner,0.15894310176372528,crackling_fire,0.1550121009349823,airplane,0.15381526947021484,clock_tick,0.1408819854259491
2-154688-A-31.wav,mouse_click,mouse_click,True,0.3978298306465149,0.390577495098114,0.007252335548400879,mouse_click,keyboard_typing,water_drops,0.2812395691871643,chirping_birds,0.27418750524520874,airplane,0.25272202491760254,insects,0.2415541410446167,snoring,0.23274365067481995,rain,0.20860284566879272,helicopter,0.20449602603912354,frog,0.20351210236549377
2-155801-A-11.wav,sea_waves,sea_waves,True,0.44304364919662476,0.22747308015823364,0.2155705690383911,sea_waves,train,rain,0.2035742849111557,airplane,0.19616378843784332,helicopter,0.19369417428970337,washing_machine,0.18630412220954895,pouring_water,0.18010032176971436,engine,0.1783338487148285,toilet_flush,0.1764877438545227,thunderstorm,0.1761617362499237
2-157488-A-6.wav,hen,hen,True,0.5763741731643677,0.3372114896774292,0.23916268348693848,hen,cow,chirping_birds,0.3296860456466675,rooster,0.32684776186943054,pig,0.22121387720108032,crow,0.20540869235992432,sheep,0.18646514415740967,helicopter,0.15460029244422913,dog,0.15434861183166504,clock_alarm,0.14155912399291992
2-158746-A-2.wav,pig,pig,True,0.5617541074752808,0.42101946473121643,0.14073464274406433,pig,rooster,cow,0.2414018213748932,crow,0.24021315574645996,chainsaw,0.23245789110660553,dog,0.22371909022331238,sheep,0.2081674188375473,hand_saw,0.2040882408618927,snoring,0.17719770967960358,door_wood_creaks,0.16254019737243652
2-158746-B-2.wav,pig,pig,True,0.6385830640792847,0.38016921281814575,0.2584138512611389,pig,cow,rooster,0.3662959337234497,sheep,0.333697646856308,hen,0.263179212808609,crow,0.2388281226158142,dog,0.21139612793922424,chainsaw,0.17299434542655945,brushing_teeth,0.15360605716705322,frog,0.1526341438293457
2-158746-C-2.wav,pig,pig,True,0.6446460485458374,0.42222338914871216,0.22242265939712524,pig,rooster,cow,0.35519707202911377,crow,0.26449623703956604,sheep,0.2565684914588928,snoring,0.21663898229599,drinking_sipping,0.2055577039718628,hen,0.19587038457393646,fireworks,0.1930152177810669,dog,0.18148303031921387
2-158746-D-2.wav,pig,pig,True,0.6367437839508057,0.32677632570266724,0.3099674582481384,pig,drinking_sipping,cow,0.3014024794101715,sheep,0.29292869567871094,hen,0.2160676270723343,rooster,0.198279470205307,snoring,0.19629913568496704,brushing_teeth,0.194495290517807,crow,0.1703719049692154,breathing,0.16844542324543
2-160128-A-7.wav,insects,insects,True,0.3276502192020416,0.30774205923080444,0.019908159971237183,insects,crickets,cow,0.2833869159221649,sheep,0.1708567589521408,frog,0.16141963005065918,wind,0.16107074916362762,fireworks,0.1543015092611313,airplane,0.15322718024253845,chainsaw,0.15006005764007568,cat,0.1488053947687149
2-160888-A-47.wav,airplane,airplane,True,0.43860989809036255,0.39663875102996826,0.04197114706039429,airplane,helicopter,engine,0.35626208782196045,train,0.3145162761211395,thunderstorm,0.2660520672798157,wind,0.2573302388191223,crackling_fire,0.25689834356307983,chainsaw,0.19848114252090454,fireworks,0.19515088200569153,rooster,0.18007181584835052
2-165801-A-48.wav,fireworks,fireworks,True,0.5717576742172241,0.2640180289745331,0.30773964524269104,fireworks,helicopter,hen,0.17036712169647217,clock_alarm,0.15764354169368744,church_bells,0.1470922827720642,train,0.14342540502548218,footsteps,0.137518048286438,crickets,0.13087406754493713,breathing,0.12123121321201324,crackling_fire,0.12088213860988617
2-166644-A-2.wav,pig,pig,True,0.52425217628479,0.3688448965549469,0.15540727972984314,pig,dog,rooster,0.29843229055404663,cow,0.25386038422584534,brushing_teeth,0.21010425686836243,hen,0.20551036298274994,drinking_sipping,0.2006010264158249,sheep,0.18245138227939606,crow,0.15166603028774261,coughing,0.14676392078399658
2-166644-B-2.wav,pig,pig,True,0.5841577053070068,0.30588299036026,0.2782747149467468,pig,dog,cow,0.28523534536361694,drinking_sipping,0.2806089222431183,hen,0.24219094216823578,sheep,0.23625153303146362,brushing_teeth,0.2280595600605011,rooster,0.20533403754234314,coughing,0.1498298943042755,laughing,0.136539489030838
2-166644-C-2.wav,pig,pig,True,0.596372127532959,0.2743702530860901,0.3220018744468689,pig,cow,drinking_sipping,0.25507739186286926,sheep,0.25088071823120117,hen,0.22586357593536377,rooster,0.215509831905365,dog,0.20672690868377686,laughing,0.16374996304512024,brushing_teeth,0.14900225400924683,coughing,0.141800194978714
2-173559-A-39.wav,glass_breaking,glass_breaking,True,0.5081722736358643,0.21506746113300323,0.293104812502861,glass_breaking,pouring_water,can_opening,0.17631712555885315,water_drops,0.09801159054040909,sheep,0.09138138592243195,crying_baby,0.06141788884997368,keyboard_typing,0.05671757459640503,crow,0.05370060354471207,cow,0.045929644256830215,coughing,0.044208016246557236
2-173607-A-39.wav,glass_breaking,glass_breaking,True,0.4938742220401764,0.2206593155860901,0.2732149064540863,glass_breaking,pouring_water,can_opening,0.17804868519306183,water_drops,0.1518568992614746,keyboard_typing,0.11961804330348969,sheep,0.11092638969421387,sneezing,0.09059840440750122,mouse_click,0.0725594013929367,cow,0.04645980894565582,coughing,0.0446242094039917
2-173618-A-39.wav,glass_breaking,glass_breaking,True,0.5483651757240295,0.12392958253622055,0.424435593187809,glass_breaking,sneezing,pouring_water,0.11542780697345734,can_opening,0.1058569848537445,sheep,0.0776846781373024,coughing,0.06927552819252014,rain,0.05842960998415947,crying_baby,0.05839749425649643,crow,0.05627194419503212,toilet_flush,0.051660552620887756
2-182508-A-8.wav,sheep,sheep,True,0.6643916368484497,0.5545222759246826,0.10986936092376709,sheep,cow,crow,0.41291359066963196,crying_baby,0.3922615647315979,pig,0.33399900794029236,chainsaw,0.3267498016357422,cat,0.26348036527633667,car_horn,0.2607289254665375,hen,0.2539832293987274,hand_saw,0.2535581588745117
2-182508-B-8.wav,sheep,sheep,True,0.5487377643585205,0.48720672726631165,0.06153103709220886,sheep,cow,crying_baby,0.4847760796546936,crow,0.4599599838256836,chainsaw,0.4022863507270813,cat,0.3784017264842987,rooster,0.35618269443511963,frog,0.3199951946735382,pig,0.2897692024707794,hand_saw,0.26843929290771484
2-184077-A-49.wav,hand_saw,hand_saw,True,0.4112188220024109,0.3754749894142151,0.0357438325881958,hand_saw,brushing_teeth,dog,0.23305201530456543,washing_machine,0.20903144776821136,breathing,0.19969159364700317,pig,0.18567870557308197,drinking_sipping,0.1741957813501358,sheep,0.17344416677951813,clock_tick,0.16589044034481049,cow,0.1481834053993225
2-18766-A-12.wav,crackling_fire,crackling_fire,True,0.5593084096908569,0.22991231083869934,0.3293960988521576,crackling_fire,can_opening,rain,0.17061474919319153,water_drops,0.16159987449645996,glass_breaking,0.11957366019487381,fireworks,0.11097264289855957,toilet_flush,0.09705772995948792,hen,0.0944933295249939,pouring_water,0.09150633215904236,crickets,0.08398216217756271
2-18766-B-12.wav,crackling_fire,crackling_fire,True,0.5473818778991699,0.2690814435482025,0.2783004343509674,crackling_fire,can_opening,fireworks,0.22814857959747314,water_drops,0.223518505692482,glass_breaking,0.16291818022727966,keyboard_typing,0.13578739762306213,mouse_click,0.11490979790687561,footsteps,0.11424017697572708,toilet_flush,0.10333359241485596,rain,0.0975286066532135
2-188822-A-40.wav,helicopter,helicopter,True,0.3353784680366516,0.268628865480423,0.06674960255622864,helicopter,airplane,hand_saw,0.2564023733139038,train,0.2557107210159302,engine,0.23503419756889343,wind,0.21747015416622162,vacuum_cleaner,0.2143198549747467,chainsaw,0.16056472063064575,chirping_birds,0.15256741642951965,crackling_fire,0.13658423721790314
2-188822-B-40.wav,helicopter,helicopter,True,0.3632272183895111,0.316152423620224,0.04707479476928711,helicopter,train,engine,0.2870665192604065,airplane,0.2737443447113037,hand_saw,0.25762537121772766,chainsaw,0.23744603991508484,vacuum_cleaner,0.1591642051935196,rooster,0.15515804290771484,chirping_birds,0.1270822286605835,church_bells,0.11608854681253433
2-188822-C-40.wav,helicopter,helicopter,True,0.5681620836257935,0.3319891095161438,0.23617297410964966,helicopter,engine,airplane,0.2969314754009247,washing_machine,0.2522311210632324,cow,0.25104010105133057,train,0.24660329520702362,hand_saw,0.23776841163635254,hen,0.21845710277557373,siren,0.21679702401161194,chainsaw,0.20510058104991913
2-188822-D-40.wav,helicopter,helicopter,True,0.5205309391021729,0.33542197942733765,0.1851089596748352,helicopter,airplane,engine,0.32766813039779663,washing_machine,0.26053571701049805,train,0.25229379534721375,vacuum_cleaner,0.21591807901859283,hand_saw,0.17491139471530914,hen,0.17021460831165314,cow,0.14682860672473907,sea_waves,0.1398613005876541
2-196688-A-8.wav,sheep,sheep,True,0.6645932197570801,0.47293227910995483,0.19166094064712524,sheep,cow,chainsaw,0.3129834234714508,hand_saw,0.270660400390625,crying_baby,0.24128511548042297,rooster,0.20700617134571075,toilet_flush,0.18572954833507538,pig,0.18541736900806427,chirping_birds,0.17458590865135193,crow,0.16694140434265137
2-205966-A-16.wav,wind,wind,True,0.5687548518180847,0.35911646485328674,0.20963838696479797,wind,airplane,thunderstorm,0.30736732482910156,sea_waves,0.2972160875797272,train,0.280286967754364,engine,0.2635457515716553,helicopter,0.23798562586307526,rain,0.23238500952720642,vacuum_cleaner,0.21793489158153534,crackling_fire,0.21170011162757874
2-209471-A-25.wav,footsteps,door_wood_knock,False,0.22220665216445923,0.18250182271003723,0.039704829454422,door_wood_knock,dog,washing_machine,0.16422486305236816,footsteps,0.15346269309520721,door_wood_creaks,0.10739150643348694,brushing_teeth,0.09943445026874542,hen,0.09776339679956436,rooster,0.07254582643508911,fireworks,0.06138952821493149,vacuum_cleaner,0.04501079395413399
2-209472-A-25.wav,footsteps,door_wood_knock,False,0.25537341833114624,0.20528899133205414,0.0500844269990921,door_wood_knock,washing_machine,footsteps,0.15501785278320312,rooster,0.1457122266292572,dog,0.13484720885753632,door_wood_creaks,0.12399116903543472,hen,0.11338489502668381,clapping,0.1133345514535904,laughing,0.07772785425186157,siren,0.07730169594287872
2-209473-A-25.wav,footsteps,door_wood_knock,False,0.20023393630981445,0.14337335526943207,0.056860581040382385,door_wood_knock,footsteps,door_wood_creaks,0.13588258624076843,dog,0.1341015100479126,washing_machine,0.11337222158908844,hen,0.09976218640804291,rooster,0.053082309663295746,vacuum_cleaner,0.02514108642935753,cow,0.012154069729149342,clock_alarm,0.00562707893550396
2-209474-A-25.wav,footsteps,door_wood_knock,False,0.303008496761322,0.21671874821186066,0.08628974854946136,door_wood_knock,washing_machine,footsteps,0.1845896691083908,clapping,0.16181665658950806,rooster,0.15087629854679108,hen,0.13405895233154297,dog,0.12670142948627472,fireworks,0.11672229319810867,door_wood_creaks,0.10706454515457153,clock_alarm,0.07894016802310944
2-209475-A-25.wav,footsteps,door_wood_knock,False,0.23058350384235382,0.16874322295188904,0.06184028089046478,door_wood_knock,door_wood_creaks,dog,0.1519622951745987,footsteps,0.12633900344371796,washing_machine,0.12423092871904373,hen,0.11552916467189789,rooster,0.08956541121006012,fireworks,0.08772112429141998,cow,0.04328140988945961,hand_saw,0.029339822009205818
2-209476-A-25.wav,footsteps,door_wood_knock,False,0.22699502110481262,0.17547214031219482,0.0515228807926178,door_wood_knock,washing_machine,dog,0.16859184205532074,footsteps,0.14235614240169525,brushing_teeth,0.1002877876162529,hen,0.09456509351730347,rooster,0.08678852021694183,vacuum_cleaner,0.07715141773223877,door_wood_creaks,0.07572786509990692,cow,0.06255728006362915
2-209477-A-25.wav,footsteps,door_wood_knock,False,0.17538532614707947,0.15172800421714783,0.02365732192993164,door_wood_knock,dog,washing_machine,0.1359875500202179,footsteps,0.10021831840276718,vacuum_cleaner,0.08397608995437622,brushing_teeth,0.0727824941277504,door_wood_creaks,0.06701888144016266,hen,0.058571379631757736,rooster,0.044031158089637756,hand_saw,0.03418518230319023
2-209478-A-25.wav,footsteps,door_wood_knock,False,0.2108573466539383,0.13401605188846588,0.07684129476547241,door_wood_knock,dog,washing_machine,0.12407127022743225,door_wood_creaks,0.11775107681751251,footsteps,0.10698612034320831,vacuum_cleaner,0.07794617116451263,fireworks,0.0658126100897789,hen,0.06099100410938263,rooster,0.057086534798145294,hand_saw,0.020881319418549538
2-250710-A-39.wav,glass_breaking,glass_breaking,True,0.2606535255908966,0.20896059274673462,0.05169293284416199,glass_breaking,can_opening,church_bells,0.10317452996969223,cat,0.09533578157424927,dog,0.0733613520860672,water_drops,0.06814274936914444,crying_baby,0.06809965521097183,pouring_water,0.053782664239406586,coughing,0.04901203140616417,clapping,0.04118381068110466
2-25292-A-22.wav,clapping,clapping,True,0.3926158547401428,0.1534363031387329,0.2391795516014099,clapping,laughing,cat,0.1193770095705986,door_wood_creaks,0.08935283124446869,brushing_teeth,0.08141841739416122,crying_baby,0.08105476200580597,vacuum_cleaner,0.06496670842170715,rain,0.059612397104501724,siren,0.032195206731557846,hand_saw,0.029595380648970604
2-25293-A-22.wav,clapping,clapping,True,0.4640960395336151,0.17761625349521637,0.28647978603839874,clapping,cat,laughing,0.16675207018852234,siren,0.12542954087257385,rooster,0.11702948808670044,brushing_teeth,0.10369215905666351,sea_waves,0.0922825038433075,door_wood_creaks,0.09051384776830673,crow,0.07969405502080917,rain,0.07225299626588821
2-262579-A-45.wav,train,train,True,0.44964802265167236,0.2754717767238617,0.17417624592781067,train,coughing,clock_alarm,0.18388907611370087,door_wood_knock,0.17407310009002686,engine,0.16526085138320923,hen,0.1621302366256714,sneezing,0.14826416969299316,washing_machine,0.13985982537269592,clock_tick,0.12798729538917542,brushing_teeth,0.11359261721372604
2-28314-A-12.wav,crackling_fire,crackling_fire,True,0.5773788690567017,0.27546751499176025,0.3019113540649414,crackling_fire,footsteps,water_drops,0.2239411622285843,fireworks,0.21554876863956451,can_opening,0.21170151233673096,keyboard_typing,0.19775426387786865,glass_breaking,0.19765165448188782,mouse_click,0.1961374431848526,helicopter,0.1263081133365631,cat,0.12383159250020981
2-28314-B-12.wav,crackling_fire,crackling_fire,True,0.49013835191726685,0.2627057731151581,0.22743257880210876,crackling_fire,water_drops,fireworks,0.25300925970077515,can_opening,0.2401525378227234,glass_breaking,0.22582972049713135,footsteps,0.19285494089126587,rain,0.17386716604232788,mouse_click,0.15482495725154877,keyboard_typing,0.11753731966018677,pouring_water,0.08705117553472519
2-30322-A-12.wav,crackling_fire,crackling_fire,True,0.6011130809783936,0.24606361985206604,0.3550494611263275,crackling_fire,footsteps,glass_breaking,0.20608660578727722,water_drops,0.20361848175525665,can_opening,0.19880136847496033,fireworks,0.19014476239681244,keyboard_typing,0.16322705149650574,mouse_click,0.1518142819404602,cat,0.13387733697891235,rain,0.13007935881614685
2-30322-B-12.wav,crackling_fire,crackling_fire,True,0.5254104733467102,0.2635001838207245,0.2619102895259857,crackling_fire,fireworks,glass_breaking,0.2452394664287567,can_opening,0.19411441683769226,footsteps,0.18782269954681396,water_drops,0.16968749463558197,rain,0.13947191834449768,wind,0.10616452246904373,church_bells,0.09502825140953064,thunderstorm,0.07763610780239105
2-32515-A-4.wav,frog,frog,True,0.5868000984191895,0.3482206463813782,0.23857945203781128,frog,pig,rooster,0.33682164549827576,door_wood_creaks,0.32536402344703674,hen,0.3246464729309082,door_wood_knock,0.29497963190078735,crickets,0.2587677538394928,cat,0.24891266226768494,cow,0.22779887914657593,insects,0.21827572584152222
2-32515-B-4.wav,frog,frog,True,0.582597553730011,0.3514934182167053,0.23110413551330566,frog,door_wood_knock,door_wood_creaks,0.32631880044937134,rooster,0.32450294494628906,pig,0.28757137060165405,crickets,0.2726541757583618,cat,0.24280035495758057,thunderstorm,0.24089235067367554,clock_alarm,0.23572373390197754,clock_tick,0.2330559939146042
2-32515-C-4.wav,frog,frog,True,0.5598010420799255,0.34215813875198364,0.2176429033279419,frog,rooster,pig,0.3386358618736267,door_wood_creaks,0.30900412797927856,hen,0.30826932191848755,door_wood_knock,0.29068729281425476,cat,0.2651190161705017,crickets,0.26150134205818176,cow,0.25223225355148315,sheep,0.22503416240215302
2-32515-D-4.wav,frog,frog,True,0.5788324475288391,0.35678672790527344,0.22204571962356567,frog,pig,hen,0.34502869844436646,rooster,0.3431832194328308,door_wood_creaks,0.29609495401382446,door_wood_knock,0.2940261960029602,crickets,0.2919962406158447,cow,0.2597290277481079,cat,0.23562902212142944,clock_alarm,0.2339474856853485
2-32834-A-4.wav,frog,frog,True,0.5627814531326294,0.32224759459495544,0.24053385853767395,frog,door_wood_knock,pig,0.32146650552749634,rooster,0.31873419880867004,door_wood_creaks,0.31865987181663513,cat,0.27185314893722534,hen,0.25668805837631226,crickets,0.24353018403053284,thunderstorm,0.22033292055130005,cow,0.2125452756881714
2-37806-A-40.wav,helicopter,helicopter,True,0.472110390663147,0.38733217120170593,0.08477821946144104,helicopter,airplane,engine,0.3206483721733093,wind,0.20422011613845825,washing_machine,0.19856220483779907,vacuum_cleaner,0.19525566697120667,chainsaw,0.18521541357040405,crackling_fire,0.1841650903224945,cow,0.17316816747188568,laughing,0.1729559600353241
2-37806-B-40.wav,helicopter,helicopter,True,0.5254071354866028,0.3583269715309143,0.16708016395568848,helicopter,engine,airplane,0.33855322003364563,wind,0.2523931562900543,crickets,0.24322092533111572,clock_tick,0.23982368409633636,washing_machine,0.22342944145202637,cow,0.2133808135986328,train,0.21143242716789246,crying_baby,0.2032473385334015
2-37806-C-40.wav,helicopter,helicopter,True,0.5350638628005981,0.5062326192855835,0.02883124351501465,helicopter,airplane,engine,0.3674359917640686,wind,0.2594445049762726,washing_machine,0.25732091069221497,crackling_fire,0.24220027029514313,train,0.24001768231391907,vacuum_cleaner,0.2158491611480713,crickets,0.2091578096151352,insects,0.19631868600845337
2-37806-D-40.wav,helicopter,helicopter,True,0.5788697004318237,0.36747199296951294,0.2113977074623108,helicopter,airplane,train,0.3647019863128662,engine,0.36323216557502747,washing_machine,0.32401660084724426,wind,0.27606502175331116,crickets,0.2746870219707489,hen,0.25743162631988525,clock_tick,0.24160006642341614,insects,0.23980262875556946
2-37870-A-2.wav,pig,pig,True,0.5828871726989746,0.3392152190208435,0.2436719536781311,pig,cow,sheep,0.3363461494445801,hen,0.28590628504753113,rooster,0.2345823049545288,brushing_teeth,0.226243257522583,drinking_sipping,0.1949753761291504,crying_baby,0.15214498341083527,dog,0.1500784009695053,clock_alarm,0.14343680441379547
2-39441-A-19.wav,thunderstorm,thunderstorm,True,0.5196496248245239,0.35479316115379333,0.1648564636707306,thunderstorm,rain,crackling_fire,0.30550941824913025,fireworks,0.3030056059360504,wind,0.2835749089717865,engine,0.18225160241127014,airplane,0.16068196296691895,insects,0.15424156188964844,crow,0.1505224108695984,cow,0.12760956585407257
2-39443-A-19.wav,thunderstorm,thunderstorm,True,0.5860462188720703,0.41937705874443054,0.16666916012763977,thunderstorm,fireworks,wind,0.3691885471343994,rain,0.3462070822715759,airplane,0.2539511024951935,crackling_fire,0.2505769729614258,crow,0.24208739399909973,train,0.214999720454216,engine,0.21004104614257812,church_bells,0.18677034974098206
2-39443-B-19.wav,thunderstorm,thunderstorm,True,0.5223679542541504,0.3865271508693695,0.13584080338478088,thunderstorm,fireworks,crow,0.27394649386405945,wind,0.26213857531547546,crackling_fire,0.2576584219932556,rain,0.2440130114555359,rooster,0.20515742897987366,airplane,0.19851410388946533,train,0.1775374412536621,church_bells,0.16531789302825928
2-39945-A-19.wav,thunderstorm,thunderstorm,True,0.630962610244751,0.47085902094841003,0.16010358929634094,thunderstorm,fireworks,crow,0.3615250885486603,rain,0.35931482911109924,wind,0.345020592212677,crackling_fire,0.28587910532951355,rooster,0.23659048974514008,church_bells,0.23072797060012817,insects,0.22916315495967865,breathing,0.2207879275083542
2-39945-B-19.wav,thunderstorm,thunderstorm,True,0.6505056619644165,0.49854856729507446,0.15195709466934204,thunderstorm,fireworks,rain,0.38971540331840515,wind,0.37730419635772705,crow,0.3749508857727051,crackling_fire,0.32231616973876953,insects,0.26641857624053955,breathing,0.24763193726539612,airplane,0.24299243092536926,clock_tick,0.24043811857700348
2-39945-C-19.wav,thunderstorm,thunderstorm,True,0.6400071382522583,0.42151984572410583,0.21848729252815247,thunderstorm,fireworks,rain,0.3668689429759979,crow,0.35832762718200684,wind,0.31960827112197876,rooster,0.2203035056591034,crackling_fire,0.21204665303230286,cow,0.2114834487438202,insects,0.21146070957183838,church_bells,0.21001990139484406
2-42101-A-43.wav,car_horn,car_horn,True,0.38907235860824585,0.29817554354667664,0.09089681506156921,car_horn,engine,church_bells,0.2755272686481476,train,0.2445782721042633,glass_breaking,0.22446715831756592,clock_tick,0.22155830264091492,clock_alarm,0.21440595388412476,siren,0.20878776907920837,chirping_birds,0.20117709040641785,helicopter,0.190964937210083
2-43802-A-42.wav,siren,siren,True,0.40193694829940796,0.3166012763977051,0.08533567190170288,siren,engine,chainsaw,0.2775816321372986,crying_baby,0.27235910296440125,vacuum_cleaner,0.2680145502090454,car_horn,0.2420583963394165,hand_saw,0.2324775606393814,cow,0.21790757775306702,sheep,0.21654964983463287,train,0.18678858876228333
2-43806-A-42.wav,siren,siren,True,0.4366424083709717,0.23058243095874786,0.20605997741222382,siren,crackling_fire,dog,0.22183668613433838,vacuum_cleaner,0.2182219922542572,chainsaw,0.21517667174339294,cow,0.1942121684551239,cat,0.1888592541217804,engine,0.18159887194633484,sheep,0.1647322177886963,car_horn,0.15630771219730377
2-50665-A-20.wav,crying_baby,crying_baby,True,0.5623626708984375,0.46614381670951843,0.09621885418891907,crying_baby,cat,crow,0.37317955493927,cow,0.36477652192115784,rooster,0.32737940549850464,dog,0.3085016906261444,vacuum_cleaner,0.2745407819747925,sheep,0.27166831493377686,hen,0.24743866920471191,door_wood_creaks,0.20029082894325256
2-50666-A-20.wav,crying_baby,crying_baby,True,0.5512187480926514,0.3253462314605713,0.22587251663208008,crying_baby,cat,crow,0.2532414197921753,rooster,0.21810758113861084,cow,0.21215976774692535,door_wood_knock,0.20293575525283813,door_wood_creaks,0.2018020898103714,wind,0.1837678849697113,sea_waves,0.1830105483531952,vacuum_cleaner,0.17890866100788116
2-50667-A-41.wav,chainsaw,chainsaw,True,0.6550639271736145,0.4641382098197937,0.1909257173538208,chainsaw,hand_saw,vacuum_cleaner,0.31951460242271423,cow,0.2669466733932495,sheep,0.251059353351593,brushing_teeth,0.24342216551303864,crying_baby,0.22073253989219666,engine,0.21727606654167175,rooster,0.18628427386283875,cat,0.17364168167114258
2-50667-B-41.wav,chainsaw,chainsaw,True,0.6223740577697754,0.4600634276866913,0.1623106300830841,chainsaw,hand_saw,vacuum_cleaner,0.2774887681007385,cow,0.25904613733291626,sheep,0.25619953870773315,crying_baby,0.21304482221603394,brushing_teeth,0.1829642951488495,rooster,0.16557738184928894,crow,0.14850226044654846,engine,0.1292153149843216
2-50668-A-41.wav,chainsaw,chainsaw,True,0.6359461545944214,0.4418703019618988,0.19407585263252258,chainsaw,hand_saw,cow,0.33029431104660034,sheep,0.32943394780158997,vacuum_cleaner,0.25927168130874634,crying_baby,0.2534095048904419,engine,0.2365400791168213,crow,0.22459951043128967,rooster,0.1994980126619339,cat,0.15944050252437592
2-50668-B-41.wav,chainsaw,chainsaw,True,0.6003459095954895,0.5098667144775391,0.09047919511795044,chainsaw,hand_saw,vacuum_cleaner,0.2945654094219208,sheep,0.2852379083633423,cow,0.2522304356098175,brushing_teeth,0.20424096286296844,crying_baby,0.2019529789686203,engine,0.16037119925022125,crow,0.14419570565223694,snoring,0.1388963907957077
2-50774-A-23.wav,breathing,breathing,True,0.5362520813941956,0.2466457635164261,0.28960631787776947,breathing,snoring,drinking_sipping,0.2322385162115097,coughing,0.2160421907901764,sneezing,0.2013588547706604,laughing,0.18712201714515686,wind,0.18686586618423462,clock_tick,0.17666451632976532,airplane,0.1703009009361267,train,0.1610875427722931
2-51173-A-35.wav,washing_machine,washing_machine,True,0.4046093225479126,0.30705851316452026,0.09755080938339233,washing_machine,train,hand_saw,0.28471216559410095,engine,0.2642480134963989,vacuum_cleaner,0.25525814294815063,brushing_teeth,0.15873131155967712,toilet_flush,0.1368538737297058,airplane,0.11078819632530212,wind,0.11074336618185043,crackling_fire,0.10556136071681976
2-51630-A-49.wav,hand_saw,hand_saw,True,0.5606076717376709,0.2762470245361328,0.2843606472015381,hand_saw,brushing_teeth,rooster,0.24517443776130676,chainsaw,0.1964564323425293,washing_machine,0.17362454533576965,toilet_flush,0.12931323051452637,vacuum_cleaner,0.11727635562419891,cow,0.10784533619880676,dog,0.10275081545114517,sheep,0.09193755686283112
2-51630-B-49.wav,hand_saw,hand_saw,True,0.546267032623291,0.29742947220802307,0.24883756041526794,hand_saw,brushing_teeth,washing_machine,0.244227796792984,engine,0.21986141800880432,chainsaw,0.19272509217262268,toilet_flush,0.1607140153646469,vacuum_cleaner,0.16058143973350525,rooster,0.14786438643932343,helicopter,0.13346552848815918,dog,0.1297655701637268
2-52001-A-28.wav,snoring,snoring,True,0.6350049376487732,0.32576918601989746,0.30923575162887573,snoring,drinking_sipping,pig,0.28217336535453796,breathing,0.25401341915130615,dog,0.24364091455936432,cat,0.2226993888616562,chainsaw,0.20888125896453857,rooster,0.2055407166481018,hand_saw,0.19869980216026306,helicopter,0.18489038944244385
2-52001-B-28.wav,snoring,snoring,True,0.5705405473709106,0.32939034700393677,0.24115020036697388,snoring,chainsaw,drinking_sipping,0.29444998502731323,pig,0.24675238132476807,dog,0.22859543561935425,cow,0.21384161710739136,breathing,0.2084660828113556,cat,0.18957018852233887,brushing_teeth,0.18768662214279175,hand_saw,0.18611235916614532
2-52085-A-4.wav,frog,frog,True,0.6041552424430847,0.3864172101020813,0.21773803234100342,frog,hen,pig,0.3651861548423767,rooster,0.31898242235183716,cat,0.29056215286254883,door_wood_creaks,0.2847471833229065,door_wood_knock,0.2776799499988556,cow,0.27601510286331177,crickets,0.26982417702674866,insects,0.24884659051895142
2-52085-B-4.wav,frog,frog,True,0.6130902767181396,0.3556953966617584,0.2573948800563812,frog,pig,hen,0.3538166880607605,rooster,0.3398022949695587,door_wood_knock,0.3247542977333069,door_wood_creaks,0.3145076334476471,cat,0.2897564470767975,crickets,0.26730698347091675,cow,0.26152104139328003,clock_alarm,0.25482600927352905
2-52789-A-4.wav,frog,cat,False,0.4119367003440857,0.3864022195339203,0.025534480810165405,cat,crow,cow,0.3652825653553009,frog,0.3490360379219055,hen,0.3478626012802124,crying_baby,0.3472491502761841,pig,0.3445133566856384,sheep,0.29591479897499084,insects,0.26913711428642273,crickets,0.2585721015930176
2-54086-A-43.wav,car_horn,car_horn,True,0.4991949796676636,0.2577756643295288,0.24141931533813477,car_horn,clock_alarm,hen,0.2525396943092346,cow,0.2319423258304596,sheep,0.22495286166667938,frog,0.2156878411769867,rooster,0.19848573207855225,siren,0.16574031114578247,crow,0.1483389139175415,church_bells,0.1455100178718567
2-54961-A-23.wav,breathing,breathing,True,0.43435466289520264,0.30264371633529663,0.131710946559906,breathing,laughing,clapping,0.27942711114883423,wind,0.24775616824626923,coughing,0.21153372526168823,sneezing,0.20249702036380768,snoring,0.18816202878952026,rooster,0.18601860105991364,crow,0.18525460362434387,brushing_teeth,0.17975226044654846
2-54962-A-23.wav,breathing,crow,False,0.3180401921272278,0.30211424827575684,0.015925943851470947,crow,breathing,clapping,0.2674611210823059,rooster,0.2563219964504242,laughing,0.23541966080665588,wind,0.21433520317077637,hand_saw,0.20301347970962524,crying_baby,0.18553057312965393,pig,0.18153318762779236,coughing,0.17818035185337067
2-56926-A-46.wav,church_bells,church_bells,True,0.5910365581512451,0.26512446999549866,0.32591208815574646,church_bells,cow,crow,0.21666988730430603,chirping_birds,0.2053753137588501,crying_baby,0.16331419348716736,hen,0.15991628170013428,sheep,0.1519823670387268,clock_alarm,0.11461585760116577,pig,0.11103028804063797,snoring,0.08350048959255219
2-57191-A-46.wav,church_bells,church_bells,True,0.594144344329834,0.23260602355003357,0.3615383207798004,church_bells,crying_baby,cow,0.19055286049842834,clock_alarm,0.18802249431610107,hen,0.16616886854171753,crow,0.162491112947464,glass_breaking,0.12615835666656494,cat,0.11996300518512726,coughing,0.10154429078102112,dog,0.09671942889690399
2-57733-A-22.wav,clapping,clapping,True,0.5627152919769287,0.22429533302783966,0.33841995894908905,clapping,cat,laughing,0.21559786796569824,frog,0.20211002230644226,rooster,0.1984352171421051,crow,0.19289129972457886,siren,0.17291244864463806,crying_baby,0.16517317295074463,door_wood_knock,0.152655228972435,sea_waves,0.14933526515960693
2-59241-A-35.wav,washing_machine,washing_machine,True,0.47346219420433044,0.46043092012405396,0.01303127408027649,washing_machine,engine,helicopter,0.44604119658470154,airplane,0.42789962887763977,vacuum_cleaner,0.3416239023208618,train,0.2823673486709595,hand_saw,0.24287505447864532,wind,0.2015635371208191,toilet_flush,0.20137625932693481,sea_waves,0.17144238948822021
2-59321-A-49.wav,hand_saw,hand_saw,True,0.5859708189964294,0.21489576995372772,0.3710750490427017,hand_saw,chainsaw,rooster,0.18315519392490387,brushing_teeth,0.1541847586631775,engine,0.14037856459617615,washing_machine,0.11164901405572891,wind,0.09190934151411057,fireworks,0.08770675957202911,sheep,0.08679819852113724,vacuum_cleaner,0.08352595567703247
2-59565-A-46.wav,church_bells,church_bells,True,0.6816719770431519,0.3508225977420807,0.33084937930107117,church_bells,chirping_birds,cow,0.3468242883682251,crow,0.2924877107143402,clock_alarm,0.28957033157348633,crying_baby,0.25771647691726685,sheep,0.20848487317562103,rooster,0.204632967710495,hen,0.20245596766471863,train,0.20240464806556702
2-59566-A-46.wav,church_bells,church_bells,True,0.4995579123497009,0.3678876757621765,0.13167023658752441,church_bells,clock_alarm,crying_baby,0.32144469022750854,cow,0.279533714056015,clapping,0.25705498456954956,crow,0.24599957466125488,siren,0.21837927401065826,chirping_birds,0.21343666315078735,rain,0.21009963750839233,fireworks,0.19185568392276764
2-60180-A-49.wav,hand_saw,hand_saw,True,0.6201697587966919,0.27365902066230774,0.34651073813438416,hand_saw,rooster,chainsaw,0.24266280233860016,dog,0.23724478483200073,sheep,0.2034347802400589,cow,0.17968641221523285,brushing_teeth,0.16341392695903778,crow,0.13342007994651794,crying_baby,0.11192463338375092,engine,0.11138366907835007
2-60180-B-49.wav,hand_saw,hand_saw,True,0.604492723941803,0.26915690302848816,0.3353358209133148,hand_saw,rooster,dog,0.24829119443893433,chainsaw,0.2226533591747284,sheep,0.19700947403907776,cow,0.18249402940273285,brushing_teeth,0.167136549949646,pig,0.13761499524116516,hen,0.12594318389892578,crow,0.11566273868083954
2-60791-A-26.wav,laughing,laughing,True,0.37563997507095337,0.15661218762397766,0.2190277874469757,laughing,clapping,dog,0.15381908416748047,cat,0.14671510457992554,crying_baby,0.14286719262599945,hen,0.1402389109134674,rooster,0.12964099645614624,brushing_teeth,0.10234896838665009,toilet_flush,0.09489686787128448,washing_machine,0.0824832171201706
2-60794-A-26.wav,laughing,laughing,True,0.4597655236721039,0.21490874886512756,0.24485677480697632,laughing,dog,clapping,0.19378963112831116,rooster,0.1504201889038086,hen,0.1428368091583252,crying_baby,0.13060319423675537,cat,0.10565456748008728,sneezing,0.06868596374988556,brushing_teeth,0.062279265373945236,siren,0.05355527997016907
2-60795-A-26.wav,laughing,laughing,True,0.3656165897846222,0.18494164943695068,0.1806749403476715,laughing,rooster,hen,0.17111749947071075,clapping,0.16991955041885376,brushing_teeth,0.15331393480300903,dog,0.1405106782913208,crying_baby,0.1287199854850769,cat,0.10637369751930237,toilet_flush,0.09862186014652252,cow,0.07411785423755646
2-60900-A-22.wav,clapping,clapping,True,0.4803154170513153,0.20286326110363007,0.27745215594768524,clapping,crying_baby,laughing,0.19816824793815613,door_wood_creaks,0.18414603173732758,cat,0.18320699036121368,can_opening,0.1469222903251648,siren,0.13315105438232422,crackling_fire,0.12049449980258942,fireworks,0.11575682461261749,crow,0.11149367690086365
2-61311-A-12.wav,crackling_fire,crackling_fire,True,0.4491373896598816,0.2940826117992401,0.15505477786064148,crackling_fire,can_opening,water_drops,0.21565425395965576,rain,0.15932172536849976,glass_breaking,0.1484253853559494,mouse_click,0.14333397150039673,engine,0.1299794763326645,washing_machine,0.11734632402658463,cat,0.11564285308122635,dog,0.1015622690320015
2-61618-A-46.wav,church_bells,church_bells,True,0.5323157906532288,0.20896413922309875,0.32335165143013,church_bells,crying_baby,cow,0.1733173429965973,hen,0.13095340132713318,sneezing,0.12328459322452545,pouring_water,0.11339247971773148,glass_breaking,0.09232155978679657,helicopter,0.08298894762992859,cat,0.08003857731819153,breathing,0.0795685350894928
2-62226-A-26.wav,laughing,laughing,True,0.5766592621803284,0.3015945553779602,0.27506470680236816,laughing,hen,clapping,0.2847329378128052,crying_baby,0.17779237031936646,rooster,0.16393493115901947,cow,0.16162186861038208,dog,0.15215615928173065,coughing,0.12814000248908997,toilet_flush,0.12478990107774734,washing_machine,0.12442880123853683
2-64332-A-18.wav,toilet_flush,toilet_flush,True,0.4964331090450287,0.36284974217414856,0.13358336687088013,toilet_flush,brushing_teeth,washing_machine,0.259261816740036,pouring_water,0.1908140331506729,rooster,0.16883672773838043,cow,0.1664355993270874,hand_saw,0.15265844762325287,sheep,0.10639162361621857,pig,0.09042300283908844,thunderstorm,0.08372488617897034
2-64962-A-15.wav,water_drops,water_drops,True,0.35898005962371826,0.3262750506401062,0.03270500898361206,water_drops,pouring_water,brushing_teeth,0.19424551725387573,toilet_flush,0.19106444716453552,rain,0.13259758055210114,clock_alarm,0.11298301815986633,frog,0.09245309233665466,sheep,0.07261376082897186,car_horn,0.06928753107786179,washing_machine,0.05609114468097687
2-64963-A-15.wav,water_drops,water_drops,True,0.3517451584339142,0.2866351306438446,0.06511002779006958,water_drops,pouring_water,brushing_teeth,0.17355398833751678,toilet_flush,0.15654149651527405,rain,0.11317256093025208,crying_baby,0.09217201918363571,clock_alarm,0.08707781136035919,washing_machine,0.08686552941799164,church_bells,0.08069902658462524,sheep,0.07641709595918655
2-65484-A-18.wav,toilet_flush,toilet_flush,True,0.4739529490470886,0.30284905433654785,0.17110389471054077,toilet_flush,brushing_teeth,pouring_water,0.24457868933677673,washing_machine,0.2347785383462906,engine,0.13488072156906128,hand_saw,0.1328630894422531,rooster,0.12750352919101715,cow,0.11190538853406906,rain,0.08977320790290833,vacuum_cleaner,0.0815112441778183
2-65747-A-12.wav,crackling_fire,crackling_fire,True,0.5376724600791931,0.24788524210453033,0.2897872179746628,crackling_fire,can_opening,washing_machine,0.2373889982700348,rain,0.21105575561523438,chainsaw,0.14532797038555145,water_drops,0.14361940324306488,wind,0.12608981132507324,dog,0.12439429014921188,mouse_click,0.12012718617916107,breathing,0.11968474835157394
2-65750-A-1.wav,rooster,crow,False,0.5226767063140869,0.4651525020599365,0.05752420425415039,crow,rooster,cow,0.4537224769592285,hen,0.41570496559143066,pig,0.2888171076774597,chirping_birds,0.27037274837493896,church_bells,0.2662719488143921,sheep,0.2613018751144409,frog,0.25636690855026245,insects,0.24904179573059082
2-66205-A-23.wav,breathing,breathing,True,0.4075155258178711,0.3477569818496704,0.059758543968200684,breathing,sneezing,snoring,0.34082475304603577,wind,0.2727739214897156,crying_baby,0.26265841722488403,vacuum_cleaner,0.2619774341583252,drinking_sipping,0.2597199082374573,dog,0.24957266449928284,cow,0.24627190828323364,rooster,0.22802101075649261
2-66637-A-20.wav,crying_baby,crying_baby,True,0.5548931956291199,0.23645931482315063,0.31843388080596924,crying_baby,laughing,coughing,0.2242148220539093,cat,0.2229975163936615,crow,0.1831100583076477,church_bells,0.17385083436965942,breathing,0.15072591602802277,sneezing,0.14549221098423004,frog,0.1374541074037552,crickets,0.1335531622171402
2-66637-B-20.wav,crying_baby,crying_baby,True,0.5549930930137634,0.27131417393684387,0.28367891907691956,crying_baby,cat,crow,0.21107393503189087,breathing,0.19515568017959595,coughing,0.18201541900634766,church_bells,0.17241597175598145,cow,0.1689024269580841,laughing,0.16609539091587067,sneezing,0.14490869641304016,door_wood_creaks,0.14351439476013184
2-67422-A-18.wav,toilet_flush,toilet_flush,True,0.4095706045627594,0.2205052524805069,0.1890653520822525,toilet_flush,brushing_teeth,pouring_water,0.1533413976430893,washing_machine,0.14212501049041748,hand_saw,0.10133356600999832,rooster,0.09865155071020126,engine,0.06331855058670044,pig,0.0625118538737297,door_wood_knock,0.05249200388789177,vacuum_cleaner,0.044383928179740906
2-68391-A-41.wav,chainsaw,chainsaw,True,0.5847158432006836,0.28134632110595703,0.30336952209472656,chainsaw,hand_saw,cow,0.261260986328125,cat,0.25474339723587036,helicopter,0.25182175636291504,vacuum_cleaner,0.23268619179725647,rooster,0.21652176976203918,sheep,0.2114623486995697,airplane,0.21082717180252075,snoring,0.20578795671463013
2-68391-B-41.wav,chainsaw,chainsaw,True,0.5931379795074463,0.450350821018219,0.1427871584892273,chainsaw,hand_saw,vacuum_cleaner,0.36597877740859985,brushing_teeth,0.23954766988754272,crying_baby,0.23183053731918335,engine,0.1930110901594162,sheep,0.18156921863555908,cow,0.17839834094047546,siren,0.1719091236591339,airplane,0.15261197090148926
2-68595-A-15.wav,water_drops,water_drops,True,0.4907998740673065,0.30482128262519836,0.18597859144210815,water_drops,pouring_water,frog,0.1389319747686386,rain,0.10648111999034882,toilet_flush,0.1013927310705185,brushing_teeth,0.09469784796237946,mouse_click,0.09091661870479584,fireworks,0.08829732239246368,sea_waves,0.06926023960113525,chirping_birds,0.04643303155899048
2-68595-B-15.wav,water_drops,water_drops,True,0.5218307971954346,0.3373531699180603,0.18447762727737427,water_drops,pouring_water,frog,0.2281072586774826,sea_waves,0.1829666942358017,toilet_flush,0.15294645726680756,fireworks,0.14706331491470337,drinking_sipping,0.14574110507965088,rain,0.13673719763755798,mouse_click,0.11599992960691452,can_opening,0.1111564114689827
2-69131-A-5.wav,cat,cat,True,0.6021188497543335,0.3342610001564026,0.2678578495979309,cat,crying_baby,sheep,0.33303746581077576,cow,0.27936431765556335,dog,0.2679827809333801,frog,0.2525278329849243,crow,0.24987734854221344,rooster,0.17391061782836914,car_horn,0.17188787460327148,hen,0.15057042241096497
2-69131-B-5.wav,cat,cat,True,0.5943782925605774,0.3161057233810425,0.2782725691795349,cat,crying_baby,sheep,0.257818341255188,frog,0.24706867337226868,rooster,0.24151328206062317,dog,0.21519596874713898,cow,0.1860804557800293,crow,0.18145829439163208,vacuum_cleaner,0.1319592297077179,siren,0.12110242247581482
2-70052-A-42.wav,siren,siren,True,0.5462899208068848,0.29755493998527527,0.2487349808216095,siren,crying_baby,chainsaw,0.27244919538497925,clapping,0.24583745002746582,car_horn,0.2223532497882843,cat,0.2129027545452118,dog,0.2075817584991455,glass_breaking,0.18435266613960266,crackling_fire,0.17559096217155457,vacuum_cleaner,0.17044861614704132
2-70052-B-42.wav,siren,siren,True,0.5590059757232666,0.25846901535987854,0.30053696036338806,siren,clapping,chainsaw,0.22168762981891632,crying_baby,0.2146674245595932,crackling_fire,0.21349585056304932,rooster,0.2103578746318817,vacuum_cleaner,0.1806199550628662,crow,0.17843890190124512,cat,0.17416907846927643,glass_breaking,0.17211535573005676
2-70280-A-18.wav,toilet_flush,toilet_flush,True,0.5159629583358765,0.2794366478919983,0.23652631044387817,toilet_flush,brushing_teeth,washing_machine,0.20465242862701416,rooster,0.18312662839889526,pouring_water,0.18185855448246002,cow,0.1567959189414978,thunderstorm,0.1439385712146759,hand_saw,0.1253189742565155,door_wood_knock,0.10195334255695343,pig,0.09433925151824951
2-70344-A-33.wav,door_wood_creaks,rooster,False,0.3813972771167755,0.3188358545303345,0.06256142258644104,rooster,chainsaw,door_wood_creaks,0.28414082527160645,washing_machine,0.22163517773151398,crow,0.22053095698356628,snoring,0.21412108838558197,frog,0.16363513469696045,pig,0.1585754156112671,hen,0.1567716896533966,clock_tick,0.1537279188632965
2-70366-A-33.wav,door_wood_creaks,door_wood_creaks,True,0.5192828178405762,0.2691188156604767,0.2501640021800995,door_wood_creaks,door_wood_knock,crow,0.24522101879119873,rooster,0.18230581283569336,glass_breaking,0.13839437067508698,frog,0.13395652174949646,cat,0.11833297461271286,crying_baby,0.11003121733665466,car_horn,0.10864461213350296,snoring,0.09693834185600281
2-70367-A-33.wav,door_wood_creaks,door_wood_creaks,True,0.5523842573165894,0.1980859637260437,0.35429829359054565,door_wood_creaks,door_wood_knock,crow,0.18228593468666077,rooster,0.17214250564575195,frog,0.13976551592350006,car_horn,0.11817634105682373,hen,0.09672020375728607,crying_baby,0.08862046897411346,snoring,0.08076859265565872,cat,0.06794604659080505
2-70936-A-42.wav,siren,siren,True,0.5149611234664917,0.2663295269012451,0.24863159656524658,siren,chainsaw,vacuum_cleaner,0.25359445810317993,car_horn,0.2394372969865799,dog,0.23413583636283875,clapping,0.19247399270534515,door_wood_creaks,0.1585630476474762,crying_baby,0.1499161422252655,cat,0.1435975730419159,clock_alarm,0.1372363269329071
2-70938-A-42.wav,siren,siren,True,0.5346613526344299,0.34786587953567505,0.18679547309875488,siren,chainsaw,vacuum_cleaner,0.2742002606391907,car_horn,0.2583589553833008,crow,0.21892149746418,frog,0.20928475260734558,door_wood_creaks,0.17401719093322754,clock_alarm,0.16611936688423157,clapping,0.1578797996044159,cat,0.15552149713039398
2-70939-A-42.wav,siren,siren,True,0.5250969529151917,0.32211431860923767,0.20298263430595398,siren,car_horn,chainsaw,0.3179943561553955,clock_alarm,0.30562520027160645,hen,0.23376959562301636,crying_baby,0.21781128644943237,frog,0.20828671753406525,cow,0.19264499843120575,dog,0.18874643743038177,cat,0.18474170565605164
2-71162-A-1.wav,rooster,rooster,True,0.570432186126709,0.49319279193878174,0.07723939418792725,rooster,hen,cow,0.48694756627082825,crow,0.3848763108253479,frog,0.3429069221019745,crying_baby,0.3027573823928833,sheep,0.30129146575927734,dog,0.2927878499031067,insects,0.29244381189346313,clock_alarm,0.24917544424533844
2-72268-A-6.wav,hen,hen,True,0.47757360339164734,0.3237727880477905,0.1538008153438568,hen,crow,chirping_birds,0.3139649033546448,rooster,0.28433966636657715,cat,0.2708626985549927,cow,0.20787174999713898,frog,0.19654402136802673,pig,0.18144124746322632,dog,0.16564996540546417,crying_baby,0.14459578692913055
2-72547-A-14.wav,chirping_birds,chirping_birds,True,0.4165155589580536,0.3887837827205658,0.027731776237487793,chirping_birds,hen,frog,0.2744998335838318,rooster,0.25715431571006775,crow,0.21019896864891052,dog,0.20137366652488708,pig,0.17919370532035828,cow,0.16442140936851501,insects,0.15892817080020905,train,0.1252317577600479
2-72547-B-14.wav,chirping_birds,chirping_birds,True,0.519589900970459,0.3144530653953552,0.20513683557510376,chirping_birds,crow,cat,0.2157442271709442,hen,0.19533886015415192,train,0.1908053457736969,dog,0.16635246574878693,frog,0.16443464159965515,airplane,0.15707847476005554,insects,0.15466131269931793,sea_waves,0.1440090537071228
2-72547-C-14.wav,chirping_birds,chirping_birds,True,0.411819189786911,0.2537499964237213,0.1580691933631897,chirping_birds,crow,cat,0.2450776994228363,insects,0.19396165013313293,cow,0.1624620258808136,dog,0.1573089212179184,rooster,0.1567130982875824,airplane,0.15435151755809784,train,0.15060293674468994,crying_baby,0.14486439526081085
2-72547-D-14.wav,chirping_birds,chirping_birds,True,0.4078352451324463,0.32603323459625244,0.08180201053619385,chirping_birds,crow,cow,0.254849910736084,hen,0.21109074354171753,rooster,0.20932087302207947,airplane,0.20902711153030396,train,0.20727956295013428,dog,0.19913576543331146,sheep,0.18364956974983215,cat,0.18056657910346985
2-72677-A-18.wav,toilet_flush,toilet_flush,True,0.4669238328933716,0.2099621295928955,0.2569617033004761,toilet_flush,brushing_teeth,pouring_water,0.19780272245407104,washing_machine,0.15630143880844116,cow,0.11486592888832092,hand_saw,0.09399531781673431,helicopter,0.08917076885700226,sea_waves,0.0726858451962471,rooster,0.07110249251127243,engine,0.06076538562774658
2-72688-A-42.wav,siren,siren,True,0.37411871552467346,0.2925580143928528,0.08156070113182068,siren,chainsaw,car_horn,0.25229889154434204,cow,0.23613597452640533,vacuum_cleaner,0.22372686862945557,hand_saw,0.2003755122423172,crow,0.19713959097862244,clock_alarm,0.19432798027992249,train,0.19340646266937256,airplane,0.1864255964756012
2-72970-A-10.wav,rain,rain,True,0.4064498543739319,0.3297746181488037,0.07667523622512817,rain,crackling_fire,washing_machine,0.29718220233917236,thunderstorm,0.27852678298950195,engine,0.2430000901222229,hen,0.20143312215805054,clock_tick,0.18554377555847168,toilet_flush,0.17081837356090546,train,0.1328115016222,rooster,0.13074421882629395
2-73027-A-10.wav,rain,rain,True,0.5068399906158447,0.346384733915329,0.16045525670051575,rain,thunderstorm,crackling_fire,0.23353014886379242,engine,0.2162908911705017,clock_tick,0.19198212027549744,washing_machine,0.19147053360939026,hen,0.18722638487815857,brushing_teeth,0.15556693077087402,fireworks,0.1424391269683838,rooster,0.14220860600471497
2-7321-A-33.wav,door_wood_creaks,door_wood_creaks,True,0.4206444025039673,0.27723515033721924,0.14340925216674805,door_wood_creaks,wind,rain,0.2283809781074524,door_wood_knock,0.221986785531044,mouse_click,0.17969095706939697,keyboard_typing,0.13580873608589172,fireworks,0.13345536589622498,sea_waves,0.13186901807785034,chirping_birds,0.11645128577947617,water_drops,0.10720261931419373
2-73260-A-10.wav,rain,rain,True,0.37714114785194397,0.3563311696052551,0.020809978246688843,rain,crackling_fire,hen,0.24553869664669037,washing_machine,0.19763335585594177,engine,0.1951371431350708,clock_tick,0.18454299867153168,thunderstorm,0.1774095743894577,fireworks,0.15160085260868073,water_drops,0.1464473456144333,train,0.12073898315429688
2-73544-A-27.wav,brushing_teeth,brushing_teeth,True,0.6547358632087708,0.2144913226366043,0.44024454057216644,brushing_teeth,cat,hand_saw,0.21163223683834076,drinking_sipping,0.20572318136692047,vacuum_cleaner,0.19025586545467377,snoring,0.1896723210811615,crying_baby,0.18162663280963898,clapping,0.17704728245735168,rooster,0.13762716948986053,can_opening,0.12159942835569382
2-74361-A-47.wav,airplane,airplane,True,0.5598546266555786,0.4091666340827942,0.15068799257278442,airplane,helicopter,wind,0.27234193682670593,train,0.2710661292076111,engine,0.26830992102622986,thunderstorm,0.24623550474643707,vacuum_cleaner,0.1820852905511856,dog,0.13785886764526367,snoring,0.12632344663143158,crackling_fire,0.11645504832267761
2-74977-A-18.wav,toilet_flush,toilet_flush,True,0.5340619683265686,0.3402489423751831,0.1938130259513855,toilet_flush,brushing_teeth,washing_machine,0.28901243209838867,vacuum_cleaner,0.18551722168922424,pouring_water,0.17909210920333862,hand_saw,0.16902507841587067,cow,0.14070606231689453,rooster,0.11221688985824585,sea_waves,0.11165034770965576,door_wood_knock,0.08076562732458115
2-75726-A-6.wav,hen,hen,True,0.5184811353683472,0.4352693259716034,0.08321180939674377,hen,rooster,crow,0.342824250459671,chirping_birds,0.3228088617324829,cow,0.27272292971611023,frog,0.2656213641166687,thunderstorm,0.19997309148311615,pig,0.19269683957099915,insects,0.1872945874929428,clock_tick,0.14442351460456848
2-76408-A-22.wav,clapping,clapping,True,0.48510730266571045,0.17890918254852295,0.3061981201171875,clapping,brushing_teeth,door_wood_knock,0.17264243960380554,hen,0.15346422791481018,clock_tick,0.13726043701171875,cat,0.13667871057987213,fireworks,0.12883862853050232,footsteps,0.12614524364471436,crying_baby,0.1232968419790268,siren,0.12273280322551727
2-76408-B-22.wav,clapping,clapping,True,0.5466352701187134,0.24358822405338287,0.3030470460653305,clapping,door_wood_knock,siren,0.20910131931304932,fireworks,0.18844810128211975,laughing,0.17335006594657898,crying_baby,0.16992339491844177,hen,0.1654033064842224,clock_tick,0.16376423835754395,cat,0.1539156287908554,brushing_teeth,0.15040406584739685
2-76408-C-22.wav,clapping,clapping,True,0.5191148519515991,0.2463550567626953,0.2727597951889038,clapping,door_wood_knock,hen,0.19782397150993347,fireworks,0.19013486802577972,clock_tick,0.18892644345760345,brushing_teeth,0.17017221450805664,laughing,0.13813361525535583,siren,0.13410067558288574,crying_baby,0.12386955320835114,cat,0.12358205765485764
2-76408-D-22.wav,clapping,clapping,True,0.5283991098403931,0.2571800649166107,0.27121904492378235,clapping,door_wood_knock,clock_tick,0.21751172840595245,brushing_teeth,0.18088264763355255,hen,0.17431212961673737,fireworks,0.15538278222084045,siren,0.15176445245742798,laughing,0.14787660539150238,washing_machine,0.13859710097312927,footsteps,0.13829481601715088
2-76868-A-6.wav,hen,hen,True,0.6378387808799744,0.44234177470207214,0.19549700617790222,hen,rooster,cow,0.38403478264808655,frog,0.3163008391857147,crow,0.3112331032752991,pig,0.2899148464202881,sheep,0.2878628373146057,dog,0.2729411721229553,chirping_birds,0.26283180713653564,cat,0.2445010542869568
2-77346-A-46.wav,church_bells,church_bells,True,0.5425493717193604,0.22108180820941925,0.3214675635099411,church_bells,crying_baby,cow,0.20587342977523804,hen,0.19843757152557373,sneezing,0.1711760312318802,clock_alarm,0.12118606269359589,chirping_birds,0.09563945233821869,pouring_water,0.09204188734292984,coughing,0.09096097946166992,train,0.07879915088415146
2-77347-A-46.wav,church_bells,church_bells,True,0.5033218860626221,0.23425175249576569,0.2690701335668564,church_bells,cow,crying_baby,0.19823580980300903,sneezing,0.16376036405563354,hen,0.14770203828811646,sheep,0.1371126025915146,dog,0.09775516390800476,clock_alarm,0.08751697838306427,chirping_birds,0.07764338701963425,pouring_water,0.07681526243686676
2-77945-A-41.wav,chainsaw,chainsaw,True,0.6153360605239868,0.4556627571582794,0.1596733033657074,chainsaw,hand_saw,cow,0.2244255542755127,sheep,0.21523192524909973,crow,0.1963791698217392,vacuum_cleaner,0.1878088414669037,brushing_teeth,0.16047704219818115,snoring,0.15024974942207336,crying_baby,0.14450329542160034,pig,0.11924533545970917
2-77945-B-41.wav,chainsaw,chainsaw,True,0.630152702331543,0.47937604784965515,0.15077665448188782,chainsaw,hand_saw,sheep,0.2304813414812088,vacuum_cleaner,0.23023125529289246,cow,0.19373536109924316,crow,0.1878913789987564,crying_baby,0.1793266236782074,brushing_teeth,0.1673177182674408,snoring,0.12993189692497253,glass_breaking,0.12859420478343964
2-78381-A-46.wav,church_bells,church_bells,True,0.4701188802719116,0.27375316619873047,0.19636571407318115,church_bells,cow,sheep,0.1976085603237152,crying_baby,0.18604975938796997,clock_alarm,0.16032499074935913,crow,0.1261727660894394,hen,0.11640404909849167,chirping_birds,0.11362864077091217,cat,0.08122098445892334,train,0.0808882787823677
2-78562-A-37.wav,clock_alarm,clock_alarm,True,0.6415673494338989,0.2940751314163208,0.3474922180175781,clock_alarm,hen,church_bells,0.27165424823760986,pig,0.22468441724777222,fireworks,0.22067147493362427,rooster,0.2146797925233841,cow,0.21330681443214417,car_horn,0.20846959948539734,clock_tick,0.20429721474647522,siren,0.177228644490242
2-78562-B-37.wav,clock_alarm,clock_alarm,True,0.6249970197677612,0.2994089722633362,0.32558804750442505,clock_alarm,hen,church_bells,0.2861845791339874,fireworks,0.23562563955783844,pig,0.22935602068901062,rooster,0.22905823588371277,cow,0.22338101267814636,clock_tick,0.20606358349323273,car_horn,0.18815645575523376,door_wood_knock,0.1833025962114334
2-78651-A-44.wav,engine,chainsaw,False,0.45954105257987976,0.3210563659667969,0.13848468661308289,chainsaw,engine,helicopter,0.2659343183040619,hand_saw,0.25277432799339294,airplane,0.21824003756046295,pig,0.17597712576389313,train,0.17433962225914001,rooster,0.157525435090065,dog,0.14075249433517456,can_opening,0.13139693439006805
2-78781-A-47.wav,airplane,helicopter,False,0.44724711775779724,0.44431763887405396,0.002929478883743286,helicopter,airplane,wind,0.28460392355918884,dog,0.2433951199054718,train,0.20998629927635193,engine,0.19316637516021729,chirping_birds,0.172218918800354,hand_saw,0.15762212872505188,thunderstorm,0.1530439257621765,cow,0.1522061973810196
2-78799-A-47.wav,airplane,engine,False,0.3389871120452881,0.3329818546772003,0.0060052573680877686,engine,hand_saw,chainsaw,0.3150821328163147,airplane,0.2484111785888672,helicopter,0.23677127063274384,rooster,0.23487666249275208,train,0.21217390894889832,insects,0.16830381751060486,wind,0.15334026515483856,crickets,0.1469978541135788
2-79769-A-26.wav,laughing,laughing,True,0.44714227318763733,0.2801362872123718,0.1670059859752655,laughing,hen,dog,0.21520183980464935,coughing,0.19120003283023834,sneezing,0.1479073464870453,brushing_teeth,0.13982771337032318,rooster,0.11271020770072937,sheep,0.09932567179203033,cat,0.08954494446516037,crying_baby,0.08508993685245514
2-79775-A-26.wav,laughing,laughing,True,0.433317095041275,0.3556918203830719,0.07762527465820312,laughing,hen,rooster,0.2989022135734558,dog,0.20320039987564087,clapping,0.19858017563819885,frog,0.19436641037464142,siren,0.193131685256958,clock_alarm,0.18068113923072815,crow,0.14132234454154968,cat,0.138621985912323
2-80313-A-28.wav,snoring,snoring,True,0.6288852691650391,0.29302018880844116,0.3358650803565979,snoring,chainsaw,rooster,0.2415820062160492,cow,0.2413412630558014,breathing,0.23422685265541077,drinking_sipping,0.2314048856496811,hand_saw,0.22110755741596222,brushing_teeth,0.2043950855731964,pig,0.1980060636997223,door_wood_creaks,0.19762471318244934
2-80482-A-20.wav,crying_baby,crying_baby,True,0.7159804105758667,0.42215800285339355,0.29382240772247314,crying_baby,cat,crow,0.3205830752849579,cow,0.31367039680480957,frog,0.28961819410324097,hen,0.25750213861465454,sneezing,0.2518368065357208,coughing,0.23916447162628174,rooster,0.2377578318119049,vacuum_cleaner,0.2366521954536438
2-80844-A-13.wav,crickets,crickets,True,0.5474716424942017,0.5099103450775146,0.03756129741668701,crickets,insects,frog,0.29433581233024597,crow,0.2137964963912964,cow,0.20573408901691437,chirping_birds,0.19444341957569122,helicopter,0.13919861614704132,water_drops,0.12818549573421478,chainsaw,0.126735657453537,fireworks,0.11899612098932266
2-81112-A-34.wav,can_opening,can_opening,True,0.663490355014801,0.2652237117290497,0.39826664328575134,can_opening,drinking_sipping,pouring_water,0.20499049127101898,pig,0.1264881044626236,brushing_teeth,0.10786488652229309,water_drops,0.08447488397359848,sneezing,0.08120713382959366,crackling_fire,0.05725783109664917,laughing,0.0353885255753994,snoring,0.017850667238235474
2-81190-A-34.wav,can_opening,can_opening,True,0.5007952451705933,0.16218233108520508,0.3386129140853882,can_opening,crow,crackling_fire,0.16070124506950378,clapping,0.11127681285142899,cat,0.09698185324668884,dog,0.0890628844499588,glass_breaking,0.08450647443532944,frog,0.06146005541086197,airplane,0.06074672192335129,vacuum_cleaner,0.05243053287267685
2-81270-A-1.wav,rooster,hen,False,0.5622340440750122,0.5231022238731384,0.03913182020187378,hen,rooster,cow,0.5206668972969055,sheep,0.34384945034980774,crow,0.33779221773147583,pig,0.28029799461364746,crying_baby,0.2696306109428406,clock_alarm,0.2655121386051178,frog,0.2552168071269989,chirping_birds,0.2291235327720642
2-81731-A-10.wav,rain,rain,True,0.4424426555633545,0.284110426902771,0.1583322286605835,rain,crackling_fire,water_drops,0.2631610929965973,clock_tick,0.21891041100025177,clapping,0.20359954237937927,washing_machine,0.2030080258846283,thunderstorm,0.190982848405838,fireworks,0.18930402398109436,engine,0.1741560399532318,brushing_teeth,0.15279167890548706
2-81970-A-7.wav,insects,cow,False,0.32103025913238525,0.2655268907546997,0.05550336837768555,cow,brushing_teeth,hand_saw,0.23922863602638245,sheep,0.23828615248203278,insects,0.2212628722190857,cat,0.21348577737808228,chainsaw,0.20351780951023102,car_horn,0.17718075215816498,crying_baby,0.16099682450294495,frog,0.14977304637432098
2-81970-B-7.wav,insects,cow,False,0.33669334650039673,0.25852715969085693,0.0781661868095398,cow,insects,sheep,0.23456516861915588,brushing_teeth,0.2260781228542328,cat,0.19092735648155212,hand_saw,0.18541285395622253,frog,0.1673067808151245,chainsaw,0.15404291450977325,car_horn,0.1525493562221527,crickets,0.14166724681854248
2-81970-C-7.wav,insects,cow,False,0.28078022599220276,0.24754466116428375,0.033235564827919006,cow,hand_saw,insects,0.21403178572654724,door_wood_creaks,0.19723929464817047,brushing_teeth,0.18191559612751007,sheep,0.17466998100280762,cat,0.15938004851341248,car_horn,0.15339764952659607,frog,0.14720796048641205,rain,0.12543056905269623
2-82071-A-27.wav,brushing_teeth,brushing_teeth,True,0.3730781078338623,0.3134334683418274,0.05964463949203491,brushing_teeth,washing_machine,dog,0.25947311520576477,train,0.2573801279067993,helicopter,0.23668983578681946,engine,0.22034621238708496,hand_saw,0.21940886974334717,clapping,0.2169916033744812,airplane,0.21297255158424377,cat,0.19611312448978424
2-82077-A-7.wav,insects,insects,True,0.30252763628959656,0.2942272424697876,0.00830039381980896,insects,cow,car_horn,0.2836077809333801,chainsaw,0.24502603709697723,crickets,0.2442866414785385,sheep,0.23556317389011383,hand_saw,0.23403716087341309,crow,0.2288031280040741,cat,0.19535091519355774,frog,0.19206592440605164
2-82274-A-5.wav,cat,cat,True,0.6027629375457764,0.33102133870124817,0.2717415988445282,cat,sheep,crying_baby,0.3165919780731201,cow,0.3026719391345978,crow,0.25890588760375977,dog,0.2186846137046814,frog,0.19399283826351166,hen,0.1757328361272812,chirping_birds,0.1747843325138092,vacuum_cleaner,0.13048683106899261
2-82274-B-5.wav,cat,cat,True,0.6413816213607788,0.3335033059120178,0.307878315448761,cat,crying_baby,crow,0.28447920083999634,sheep,0.2758626639842987,cow,0.25592443346977234,dog,0.24376654624938965,frog,0.23694577813148499,hen,0.15476787090301514,chirping_birds,0.15237121284008026,vacuum_cleaner,0.1471065878868103
2-82367-A-10.wav,rain,rain,True,0.4448975920677185,0.2938736081123352,0.1510239839553833,rain,washing_machine,thunderstorm,0.2922549247741699,crackling_fire,0.232635959982872,engine,0.23240622878074646,clock_tick,0.22373124957084656,hen,0.21034763753414154,brushing_teeth,0.18217691779136658,water_drops,0.1507413387298584,pouring_water,0.14954325556755066
2-82455-A-23.wav,breathing,breathing,True,0.46123039722442627,0.2722877860069275,0.18894261121749878,breathing,snoring,drinking_sipping,0.27172422409057617,wind,0.20408141613006592,brushing_teeth,0.17652881145477295,pig,0.16203930974006653,coughing,0.15865424275398254,hand_saw,0.12162516266107559,train,0.1211959719657898,sneezing,0.11303773522377014
2-82538-A-21.wav,sneezing,sneezing,True,0.46051615476608276,0.22465263307094574,0.23586352169513702,sneezing,crow,church_bells,0.17204508185386658,sea_waves,0.16263723373413086,drinking_sipping,0.13567382097244263,crying_baby,0.13277344405651093,coughing,0.12064643949270248,cat,0.11463040113449097,rooster,0.10887805372476578,cow,0.1064285859465599
2-83270-A-13.wav,crickets,crickets,True,0.5754193067550659,0.5021336674690247,0.07328563928604126,crickets,insects,frog,0.46346914768218994,clock_alarm,0.309352308511734,car_horn,0.29799070954322815,cow,0.27080237865448,chirping_birds,0.23657850921154022,siren,0.23470337688922882,crying_baby,0.2196589708328247,water_drops,0.20939843356609344
2-83536-A-27.wav,brushing_teeth,brushing_teeth,True,0.6324177980422974,0.30225396156311035,0.330163836479187,brushing_teeth,drinking_sipping,hand_saw,0.2664678692817688,snoring,0.26570001244544983,pouring_water,0.19623863697052002,breathing,0.18817168474197388,wind,0.180890291929245,can_opening,0.1738782525062561,vacuum_cleaner,0.15477325022220612,crying_baby,0.14711986482143402
2-83667-A-34.wav,can_opening,can_opening,True,0.5385171175003052,0.2104555070400238,0.32806161046028137,can_opening,drinking_sipping,pig,0.12760081887245178,chainsaw,0.10193619132041931,crackling_fire,0.09714864939451218,cat,0.09469341486692429,brushing_teeth,0.08458292484283447,sneezing,0.07175827771425247,crow,0.07036000490188599,dog,0.06740686297416687
2-83688-A-34.wav,can_opening,can_opening,True,0.5709221363067627,0.16119541227817535,0.40972672402858734,can_opening,crackling_fire,drinking_sipping,0.1483498513698578,pouring_water,0.07804330438375473,water_drops,0.07141529768705368,sneezing,0.061071738600730896,airplane,0.03240387886762619,vacuum_cleaner,0.03184553235769272,fireworks,0.016634546220302582,glass_breaking,0.013731703162193298
2-83934-A-5.wav,cat,cat,True,0.501004159450531,0.32505762577056885,0.17594653367996216,cat,dog,cow,0.324903666973114,sheep,0.31613898277282715,crying_baby,0.28935426473617554,hen,0.2737143039703369,crow,0.2665620446205139,rooster,0.2355552315711975,insects,0.20697101950645447,frog,0.1970408856868744
2-83934-B-5.wav,cat,cat,True,0.5732171535491943,0.2879220247268677,0.28529512882232666,cat,sheep,dog,0.2250804305076599,cow,0.22377312183380127,crying_baby,0.21860721707344055,frog,0.17904536426067352,hen,0.16632583737373352,crow,0.15293025970458984,car_horn,0.12430671602487564,chirping_birds,0.11536439508199692
2-84693-A-49.wav,hand_saw,hand_saw,True,0.5963958501815796,0.3093430995941162,0.2870527505874634,hand_saw,brushing_teeth,dog,0.22696639597415924,chainsaw,0.2129853367805481,pig,0.17956286668777466,washing_machine,0.17504210770130157,sheep,0.16978678107261658,rooster,0.15757638216018677,breathing,0.1319681704044342,snoring,0.1202450841665268
2-84943-A-18.wav,toilet_flush,toilet_flush,True,0.4515175223350525,0.27562522888183594,0.17589229345321655,toilet_flush,washing_machine,brushing_teeth,0.2552214562892914,pouring_water,0.2503109574317932,cow,0.11534912139177322,rooster,0.10732066631317139,water_drops,0.09187016636133194,hand_saw,0.07996831834316254,door_wood_knock,0.07490108907222748,door_wood_creaks,0.06499602645635605
2-84965-A-23.wav,breathing,breathing,True,0.3437158763408661,0.3157847225666046,0.027931153774261475,breathing,wind,hand_saw,0.2906120717525482,brushing_teeth,0.25630155205726624,snoring,0.22755283117294312,vacuum_cleaner,0.17615815997123718,drinking_sipping,0.16976746916770935,train,0.1572534292936325,helicopter,0.14590762555599213,chainsaw,0.13266359269618988
2-85139-A-13.wav,crickets,crickets,True,0.4910132884979248,0.4798144996166229,0.01119878888130188,crickets,insects,engine,0.3047036826610565,airplane,0.2747482657432556,helicopter,0.23747920989990234,wind,0.22046975791454315,frog,0.19925649464130402,mouse_click,0.19506600499153137,footsteps,0.17792214453220367,cow,0.175968199968338
2-85292-A-24.wav,coughing,coughing,True,0.592423677444458,0.371525377035141,0.22089830040931702,coughing,sneezing,laughing,0.3407289981842041,breathing,0.32436689734458923,hen,0.3001704216003418,drinking_sipping,0.2636091113090515,fireworks,0.24094995856285095,crying_baby,0.2282705307006836,pig,0.21286413073539734,clock_tick,0.20274598896503448
2-85434-A-27.wav,brushing_teeth,brushing_teeth,True,0.7083561420440674,0.26426899433135986,0.4440871477127075,brushing_teeth,hand_saw,drinking_sipping,0.2270417958498001,snoring,0.18014788627624512,pouring_water,0.15887762606143951,cow,0.12733514606952667,rooster,0.1261429488658905,washing_machine,0.12417326867580414,clapping,0.12407505512237549,chainsaw,0.11571905016899109
2-85471-A-34.wav,can_opening,can_opening,True,0.6274363994598389,0.2015497386455536,0.4258866608142853,can_opening,pouring_water,drinking_sipping,0.1582660675048828,water_drops,0.15080007910728455,brushing_teeth,0.10395580530166626,crackling_fire,0.08226203173398972,sneezing,0.061768364161252975,vacuum_cleaner,0.03617943823337555,laughing,0.03454948961734772,clapping,0.030713340267539024
2-85945-A-18.wav,toilet_flush,toilet_flush,True,0.4458768665790558,0.3091016113758087,0.13677525520324707,toilet_flush,brushing_teeth,pouring_water,0.22464674711227417,washing_machine,0.19288456439971924,cow,0.16732314229011536,hand_saw,0.16387587785720825,sheep,0.09370943903923035,rooster,0.07781266421079636,thunderstorm,0.055087611079216,pig,0.04572964087128639
2-86160-A-27.wav,brushing_teeth,brushing_teeth,True,0.694510817527771,0.2873530387878418,0.4071577787399292,brushing_teeth,drinking_sipping,snoring,0.21784816682338715,cat,0.19105374813079834,clapping,0.1844756007194519,hand_saw,0.1639290452003479,cow,0.1521291732788086,washing_machine,0.13481351733207703,pouring_water,0.13132548332214355,rooster,0.11893075704574585
2-87282-A-34.wav,can_opening,can_opening,True,0.6457490921020508,0.22716748714447021,0.41858160495758057,can_opening,drinking_sipping,pig,0.1521277129650116,pouring_water,0.13480401039123535,brushing_teeth,0.11484507471323013,chainsaw,0.041536472737789154,vacuum_cleaner,0.038387078791856766,crackling_fire,0.03743628039956093,rain,0.023936696350574493,water_drops,0.0170411616563797
2-87412-A-24.wav,coughing,coughing,True,0.5134890079498291,0.384500116109848,0.12898889183998108,coughing,sneezing,hen,0.32594001293182373,rooster,0.26629045605659485,cow,0.2553711235523224,breathing,0.2395935356616974,pig,0.2254454791545868,crying_baby,0.21826639771461487,laughing,0.18362882733345032,drinking_sipping,0.1796737015247345
2-87780-A-33.wav,door_wood_creaks,door_wood_creaks,True,0.5023236274719238,0.19222477078437805,0.3100988566875458,door_wood_creaks,rooster,door_wood_knock,0.19049736857414246,snoring,0.12626010179519653,crow,0.0896599292755127,cat,0.08218735456466675,frog,0.07969281822443008,cow,0.07921892404556274,dog,0.07015169411897659,chirping_birds,0.061124153435230255
2-87781-A-10.wav,rain,rain,True,0.4861353039741516,0.4148178696632385,0.07131743431091309,rain,crackling_fire,engine,0.27703946828842163,water_drops,0.2594141364097595,footsteps,0.24713946878910065,fireworks,0.2266654521226883,thunderstorm,0.22165191173553467,clock_tick,0.2110050469636917,pouring_water,0.18240097165107727,mouse_click,0.1709062159061432
2-87794-A-24.wav,coughing,laughing,False,0.21801620721817017,0.21290618181228638,0.005110025405883789,laughing,rooster,coughing,0.19201025366783142,door_wood_knock,0.18704509735107422,fireworks,0.16688090562820435,sneezing,0.16537664830684662,dog,0.14960117638111115,hen,0.11645302176475525,crackling_fire,0.09912034869194031,clapping,0.09051059186458588
2-87795-A-24.wav,coughing,coughing,True,0.5207428932189941,0.3382457494735718,0.18249714374542236,coughing,sneezing,laughing,0.32667016983032227,hen,0.30805301666259766,breathing,0.2896731495857239,rooster,0.2859385311603546,crying_baby,0.24622519314289093,pig,0.2297176718711853,door_wood_knock,0.22617237269878387,clock_tick,0.21620483696460724
2-87799-A-24.wav,coughing,coughing,True,0.47786563634872437,0.38800668716430664,0.08985894918441772,coughing,sneezing,hen,0.3098638653755188,rooster,0.2931722104549408,pig,0.27109694480895996,crying_baby,0.24121221899986267,drinking_sipping,0.23367056250572205,clock_tick,0.22077703475952148,laughing,0.2197701334953308,cow,0.1969553530216217
2-88724-A-38.wav,clock_tick,clock_tick,True,0.31255042552948,0.2949119210243225,0.01763850450515747,clock_tick,washing_machine,hen,0.2806209325790405,clock_alarm,0.27345019578933716,breathing,0.1818576157093048,hand_saw,0.168237566947937,water_drops,0.15829646587371826,toilet_flush,0.14797505736351013,pig,0.14626657962799072,car_horn,0.14034053683280945
2-89516-A-37.wav,clock_alarm,clock_alarm,True,0.4871724843978882,0.3371233344078064,0.1500491499900818,clock_alarm,rooster,frog,0.3027758300304413,car_horn,0.29870063066482544,hen,0.29403960704803467,door_wood_knock,0.2361816167831421,church_bells,0.21724429726600647,pig,0.17856581509113312,door_wood_creaks,0.166209876537323,cow,0.1617237776517868
2-91912-A-33.wav,door_wood_creaks,door_wood_creaks,True,0.37904176115989685,0.24570351839065552,0.13333824276924133,door_wood_creaks,door_wood_knock,fireworks,0.2098730504512787,water_drops,0.203529492020607,helicopter,0.16799665987491608,chirping_birds,0.15924444794654846,clapping,0.12099148333072662,hen,0.11386173963546753,mouse_click,0.09491322189569473,washing_machine,0.09375797212123871
2-91912-B-33.wav,door_wood_creaks,door_wood_creaks,True,0.425393283367157,0.13164478540420532,0.29374849796295166,door_wood_creaks,door_wood_knock,rooster,0.10323692113161087,car_horn,0.09955869615077972,chirping_birds,0.09429685026407242,washing_machine,0.08766280859708786,hen,0.07601840794086456,cow,0.05941133573651314,dog,0.05442840978503227,crow,0.04905686527490616
2-92627-A-27.wav,brushing_teeth,brushing_teeth,True,0.5260117053985596,0.35137316584587097,0.1746385395526886,brushing_teeth,snoring,drinking_sipping,0.33107030391693115,breathing,0.31505417823791504,pig,0.28505927324295044,dog,0.26629510521888733,wind,0.25743597745895386,hand_saw,0.25615382194519043,rooster,0.2546811103820801,cat,0.2516305446624756
2-92978-A-29.wav,drinking_sipping,pouring_water,False,0.2975396513938904,0.26164984703063965,0.03588980436325073,pouring_water,drinking_sipping,can_opening,0.2492808699607849,washing_machine,0.23262465000152588,door_wood_knock,0.21993175148963928,brushing_teeth,0.19569005072116852,water_drops,0.17161054909229279,dog,0.16168314218521118,toilet_flush,0.1557694673538208,rooster,0.11781661212444305
2-93030-A-21.wav,sneezing,sneezing,True,0.5054450035095215,0.2969391345977783,0.20850586891174316,sneezing,coughing,drinking_sipping,0.21973466873168945,dog,0.21865180134773254,laughing,0.2092036008834839,cow,0.17387905716896057,hen,0.16899937391281128,breathing,0.14225022494792938,cat,0.1179601326584816,pig,0.09572464227676392
2-94230-A-27.wav,brushing_teeth,brushing_teeth,True,0.661178469657898,0.2775660753250122,0.38361239433288574,brushing_teeth,drinking_sipping,hand_saw,0.23824387788772583,snoring,0.23320764303207397,helicopter,0.23137789964675903,vacuum_cleaner,0.14200976490974426,washing_machine,0.137259379029274,breathing,0.1212759017944336,wind,0.12081283330917358,airplane,0.11930245161056519
2-94807-A-29.wav,drinking_sipping,drinking_sipping,True,0.6339040398597717,0.36050981283187866,0.27339422702789307,drinking_sipping,sneezing,snoring,0.3386560082435608,can_opening,0.33751869201660156,breathing,0.30851098895072937,pig,0.29361459612846375,brushing_teeth,0.2854486107826233,pouring_water,0.27142590284347534,coughing,0.2306220978498459,cow,0.1206752210855484
2-95035-A-1.wav,rooster,rooster,True,0.5668408274650574,0.47096890211105347,0.0958719253540039,rooster,hen,cow,0.4354473650455475,crow,0.39698654413223267,chirping_birds,0.3158146142959595,insects,0.2612418234348297,thunderstorm,0.252419650554657,crying_baby,0.2447289079427719,dog,0.23914270102977753,pig,0.22338460385799408
2-95258-A-1.wav,rooster,rooster,True,0.6241577863693237,0.5183703899383545,0.10578739643096924,rooster,hen,cow,0.48152899742126465,crow,0.4192791283130646,frog,0.33188045024871826,thunderstorm,0.3135375380516052,clock_alarm,0.30910590291023254,crying_baby,0.2889273464679718,insects,0.285351037979126,siren,0.2548404335975647
2-95258-B-1.wav,rooster,rooster,True,0.608115553855896,0.5689972043037415,0.03911834955215454,rooster,hen,cow,0.42591702938079834,crow,0.3581855297088623,frog,0.3470148742198944,thunderstorm,0.3016938865184784,clock_alarm,0.29537317156791687,pig,0.2716478407382965,crying_baby,0.26315343379974365,insects,0.24729347229003906
2-95567-A-23.wav,breathing,breathing,True,0.4846082031726837,0.27835825085639954,0.20624995231628418,breathing,laughing,sneezing,0.2740482687950134,cow,0.23969434201717377,drinking_sipping,0.23258265852928162,coughing,0.23233887553215027,hen,0.18636716902256012,crying_baby,0.16726280748844147,pig,0.1661701798439026,snoring,0.1615629494190216
2-96033-A-13.wav,crickets,crickets,True,0.5028908848762512,0.4771983027458191,0.02569258213043213,crickets,insects,airplane,0.3559924364089966,helicopter,0.3536457419395447,engine,0.34521758556365967,wind,0.3238524794578552,dog,0.23605377972126007,train,0.23253120481967926,chirping_birds,0.2218678593635559,crackling_fire,0.21399348974227905
2-96063-A-37.wav,clock_alarm,clock_alarm,True,0.6038600206375122,0.3242224156856537,0.2796376049518585,clock_alarm,hen,clock_tick,0.277914822101593,cow,0.2695310711860657,car_horn,0.24318858981132507,washing_machine,0.2323535680770874,frog,0.20603957772254944,rooster,0.20414762198925018,door_wood_knock,0.19005261361598969,brushing_teeth,0.1867670714855194
2-96460-A-1.wav,rooster,rooster,True,0.6363805532455444,0.5084590911865234,0.127921462059021,rooster,cow,hen,0.4700603187084198,crow,0.4505837559700012,crying_baby,0.3347635567188263,pig,0.3199208378791809,thunderstorm,0.3127042055130005,frog,0.3116566240787506,insects,0.3081651031970978,sheep,0.283344566822052
2-96654-A-47.wav,airplane,airplane,True,0.5167762637138367,0.3578779399394989,0.15889832377433777,airplane,helicopter,train,0.33767589926719666,thunderstorm,0.2764133810997009,vacuum_cleaner,0.23660379648208618,sea_waves,0.21543127298355103,wind,0.2068205624818802,hand_saw,0.19230616092681885,engine,0.19092705845832825,rooster,0.16489335894584656
2-96904-A-27.wav,brushing_teeth,brushing_teeth,True,0.6596523523330688,0.25017285346984863,0.4094794988632202,brushing_teeth,drinking_sipping,cow,0.1587718427181244,hand_saw,0.15483999252319336,snoring,0.14850395917892456,sneezing,0.12409194558858871,helicopter,0.12124871462583542,washing_machine,0.11986862868070602,clapping,0.118110790848732,pouring_water,0.1161918193101883
2-98392-A-23.wav,breathing,breathing,True,0.26348137855529785,0.2396967113018036,0.023784667253494263,breathing,crow,train,0.2327013611793518,wind,0.2023492455482483,crying_baby,0.18477614223957062,crickets,0.17945601046085358,rooster,0.17362487316131592,sneezing,0.16901907324790955,chainsaw,0.13462045788764954,cow,0.13419301807880402
2-98676-A-24.wav,coughing,coughing,True,0.4995662569999695,0.3612365126609802,0.13832974433898926,coughing,hen,sneezing,0.33920055627822876,rooster,0.2558063566684723,cow,0.252341091632843,breathing,0.23837591707706451,pig,0.2326488494873047,clock_tick,0.23227238655090332,laughing,0.1835138499736786,crying_baby,0.18345780670642853
2-98866-A-47.wav,airplane,airplane,True,0.47683748602867126,0.32847458124160767,0.1483629047870636,airplane,helicopter,thunderstorm,0.3257964253425598,engine,0.3078978657722473,train,0.30458515882492065,chainsaw,0.26937222480773926,rooster,0.2516179382801056,wind,0.24564391374588013,hand_saw,0.24335944652557373,chirping_birds,0.24269545078277588
2-99795-A-32.wav,keyboard_typing,keyboard_typing,True,0.4320049285888672,0.2886856198310852,0.14331930875778198,keyboard_typing,mouse_click,airplane,0.15182557702064514,helicopter,0.13889563083648682,rain,0.12613239884376526,brushing_teeth,0.12125036120414734,clapping,0.117803193628788,cat,0.11774124950170517,hen,0.1154661774635315,pouring_water,0.11500201374292374
2-99796-A-32.wav,keyboard_typing,keyboard_typing,True,0.45559221506118774,0.338562548160553,0.11702966690063477,keyboard_typing,mouse_click,water_drops,0.2811991274356842,rain,0.24659252166748047,clapping,0.18725620210170746,helicopter,0.17479076981544495,crackling_fire,0.17338579893112183,pouring_water,0.1729385256767273,cat,0.16120736300945282,hen,0.15852898359298706
2-99955-A-7.wav,insects,door_wood_creaks,False,0.2762082517147064,0.20283082127571106,0.07337743043899536,door_wood_creaks,cat,snoring,0.18303081393241882,insects,0.1790880560874939,frog,0.1557980477809906,cow,0.1419583410024643,chainsaw,0.13408435881137848,brushing_teeth,0.13022521138191223,wind,0.11825001984834671,crickets,0.1157476007938385
2-99955-B-7.wav,insects,door_wood_creaks,False,0.28326043486595154,0.22847437858581543,0.05478605628013611,door_wood_creaks,cow,frog,0.22378675639629364,cat,0.19933560490608215,insects,0.18156182765960693,sheep,0.15133358538150787,car_horn,0.14927081763744354,crickets,0.11574230343103409,door_wood_knock,0.10972197353839874,rooster,0.10959208011627197
2-99955-C-7.wav,insects,door_wood_creaks,False,0.34856942296028137,0.30191731452941895,0.04665210843086243,door_wood_creaks,snoring,chainsaw,0.24669024348258972,cat,0.2146245688199997,cow,0.19315527379512787,hand_saw,0.16581766307353973,rooster,0.14636723697185516,brushing_teeth,0.13912485539913177,vacuum_cleaner,0.1360822170972824,insects,0.1257230043411255
3-100018-A-18.wav,toilet_flush,toilet_flush,True,0.47450241446495056,0.34118545055389404,0.13331696391105652,toilet_flush,brushing_teeth,pouring_water,0.3258254826068878,washing_machine,0.30118656158447266,cow,0.22479671239852905,drinking_sipping,0.18180862069129944,rooster,0.13664022088050842,thunderstorm,0.13549375534057617,door_wood_knock,0.12584206461906433,water_drops,0.11360092461109161
3-100024-A-27.wav,brushing_teeth,brushing_teeth,True,0.5805814862251282,0.27228203415870667,0.3082994520664215,brushing_teeth,drinking_sipping,snoring,0.2420063018798828,cat,0.21680331230163574,clapping,0.14487279951572418,vacuum_cleaner,0.14205771684646606,hand_saw,0.13948751986026764,helicopter,0.13265785574913025,breathing,0.11822311580181122,airplane,0.11426610499620438
3-100024-B-27.wav,brushing_teeth,brushing_teeth,True,0.6911535263061523,0.2521998882293701,0.4389536380767822,brushing_teeth,hand_saw,clapping,0.20199213922023773,drinking_sipping,0.1895560920238495,snoring,0.1628228724002838,vacuum_cleaner,0.1560879796743393,helicopter,0.11753836274147034,crying_baby,0.11581100523471832,chainsaw,0.11380734294652939,airplane,0.11326185613870621
3-101381-A-33.wav,door_wood_creaks,door_wood_creaks,True,0.5411611795425415,0.24784508347511292,0.2933160960674286,door_wood_creaks,frog,door_wood_knock,0.23240810632705688,rooster,0.18870174884796143,clock_tick,0.15599216520786285,crow,0.1555098593235016,fireworks,0.15094271302223206,hen,0.13916638493537903,snoring,0.13897033035755157,cat,0.11430469155311584
3-101381-B-33.wav,door_wood_creaks,door_wood_creaks,True,0.5327296257019043,0.2823200225830078,0.2504096031188965,door_wood_creaks,rooster,door_wood_knock,0.2572365701198578,frog,0.25339949131011963,snoring,0.21121323108673096,crow,0.14760442078113556,fireworks,0.14255394041538239,cat,0.1277172863483429,clock_tick,0.11983676254749298,dog,0.1101166307926178
3-102583-A-49.wav,hand_saw,hand_saw,True,0.5159752368927002,0.23646727204322815,0.27950796484947205,hand_saw,door_wood_creaks,cow,0.20758718252182007,sheep,0.19739189743995667,pig,0.17033740878105164,chainsaw,0.16817724704742432,rooster,0.16000430285930634,brushing_teeth,0.15593555569648743,snoring,0.14770859479904175,washing_machine,0.14617882668972015
3-102583-B-49.wav,hand_saw,hand_saw,True,0.4535289704799652,0.16735374927520752,0.2861752212047577,hand_saw,sheep,chainsaw,0.16352491080760956,dog,0.13397029042243958,pig,0.12207785248756409,door_wood_creaks,0.11914265155792236,can_opening,0.11450276523828506,snoring,0.11081556975841522,car_horn,0.10192590951919556,cow,0.09220682084560394
3-102583-C-49.wav,hand_saw,hand_saw,True,0.4668780565261841,0.15245376527309418,0.3144242912530899,hand_saw,chainsaw,sheep,0.14338552951812744,dog,0.11370208859443665,washing_machine,0.10298056155443192,brushing_teeth,0.0996251031756401,engine,0.09847059845924377,pig,0.0940142571926117,car_horn,0.08352072536945343,can_opening,0.07252803444862366
3-102908-A-4.wav,frog,frog,True,0.4922797679901123,0.27712756395339966,0.21515220403671265,frog,door_wood_creaks,toilet_flush,0.21215195953845978,brushing_teeth,0.21136504411697388,pig,0.20588794350624084,door_wood_knock,0.20350655913352966,hen,0.1784277856349945,rooster,0.1544746309518814,clock_alarm,0.14668866991996765,water_drops,0.13374783098697662
3-103050-A-19.wav,thunderstorm,thunderstorm,True,0.5380592942237854,0.39986613392829895,0.13819316029548645,thunderstorm,fireworks,wind,0.34998640418052673,rain,0.2730584740638733,crackling_fire,0.249635249376297,engine,0.24648091197013855,airplane,0.23146626353263855,rooster,0.21321803331375122,helicopter,0.21034449338912964,train,0.2037542164325714
3-103051-A-19.wav,thunderstorm,thunderstorm,True,0.49709242582321167,0.33446425199508667,0.162628173828125,thunderstorm,wind,fireworks,0.32771533727645874,rain,0.2791023254394531,crow,0.23523806035518646,cow,0.2120465189218521,crackling_fire,0.1994509994983673,airplane,0.19084258377552032,breathing,0.1692638397216797,engine,0.16746209561824799
3-103051-B-19.wav,thunderstorm,thunderstorm,True,0.5360296964645386,0.42909854650497437,0.10693114995956421,thunderstorm,wind,fireworks,0.3630792498588562,airplane,0.30325213074684143,rain,0.28051698207855225,breathing,0.25207528471946716,crackling_fire,0.2503083646297455,snoring,0.24071738123893738,crow,0.24041131138801575,train,0.21176573634147644
3-103051-C-19.wav,thunderstorm,thunderstorm,True,0.530977189540863,0.3819248676300049,0.14905232191085815,thunderstorm,fireworks,wind,0.31300783157348633,rain,0.28414449095726013,crackling_fire,0.24102550745010376,crow,0.230483278632164,airplane,0.21875473856925964,engine,0.19418030977249146,train,0.18219295144081116,cow,0.1820722222328186
3-103401-A-33.wav,door_wood_creaks,door_wood_creaks,True,0.5172955989837646,0.17596220970153809,0.34133338928222656,door_wood_creaks,hen,rooster,0.16342833638191223,crow,0.15227246284484863,door_wood_knock,0.14034384489059448,crying_baby,0.12726247310638428,cat,0.11505796015262604,dog,0.10832370817661285,cow,0.10625935345888138,frog,0.0812508836388588
3-103401-B-33.wav,door_wood_creaks,door_wood_creaks,True,0.5104288458824158,0.21823377907276154,0.29219506680965424,door_wood_creaks,rooster,door_wood_knock,0.13727453351020813,frog,0.10992850363254547,hen,0.05720149725675583,fireworks,0.05402930825948715,cow,0.04663592576980591,dog,0.02665524370968342,crow,0.020879365503787994,rain,0.015477379783987999
3-103401-C-33.wav,door_wood_creaks,door_wood_creaks,True,0.5653235912322998,0.2048090100288391,0.3605145812034607,door_wood_creaks,frog,rooster,0.19811232388019562,door_wood_knock,0.18760442733764648,crow,0.14036791026592255,crying_baby,0.10020608454942703,fireworks,0.09828014671802521,crickets,0.07938273251056671,rain,0.07765096426010132,hen,0.07105246186256409
3-103401-D-33.wav,door_wood_creaks,door_wood_creaks,True,0.5103282928466797,0.18808048963546753,0.32224780321121216,door_wood_creaks,frog,rooster,0.1844911128282547,door_wood_knock,0.15638339519500732,hen,0.1513020396232605,crow,0.11682067811489105,fireworks,0.10950440168380737,cow,0.10167358815670013,car_horn,0.10066328942775726,crying_baby,0.0997501090168953
3-103597-A-25.wav,footsteps,sea_waves,False,0.29938632249832153,0.2576950192451477,0.04169130325317383,sea_waves,rooster,thunderstorm,0.25408145785331726,rain,0.2529831528663635,wind,0.22797057032585144,crow,0.20732381939888,crackling_fire,0.19711320102214813,pouring_water,0.17467550933361053,glass_breaking,0.16346004605293274,footsteps,0.16287514567375183
3-103598-A-25.wav,footsteps,footsteps,True,0.32183223962783813,0.18149049580097198,0.14034174382686615,footsteps,cow,hen,0.15966928005218506,chirping_birds,0.1585342437028885,helicopter,0.15275120735168457,airplane,0.14455731213092804,engine,0.13076622784137726,pig,0.12705940008163452,chainsaw,0.12318500876426697,crickets,0.12256201356649399
3-103599-A-25.wav,footsteps,footsteps,True,0.3565788269042969,0.1609862744808197,0.19559255242347717,footsteps,pouring_water,helicopter,0.1421225666999817,sheep,0.14092764258384705,water_drops,0.13312044739723206,cow,0.13125163316726685,brushing_teeth,0.12574809789657593,engine,0.12345045804977417,dog,0.1199115514755249,drinking_sipping,0.11810345947742462
3-103599-B-25.wav,footsteps,footsteps,True,0.3988116383552551,0.2085386961698532,0.19027294218540192,footsteps,dog,pig,0.19627994298934937,hen,0.18808096647262573,sheep,0.17922455072402954,crackling_fire,0.151507169008255,drinking_sipping,0.1496751606464386,cat,0.1315290927886963,cow,0.13076519966125488,helicopter,0.13013799488544464
3-104632-A-12.wav,crackling_fire,can_opening,False,0.399236798286438,0.3430529236793518,0.05618387460708618,can_opening,crackling_fire,clapping,0.34031885862350464,laughing,0.23472924530506134,mouse_click,0.20806579291820526,fireworks,0.18552295863628387,water_drops,0.17177753150463104,keyboard_typing,0.16723057627677917,cat,0.1381402313709259,siren,0.12663213908672333
3-104761-A-7.wav,insects,insects,True,0.2591940760612488,0.2484869658946991,0.010707110166549683,insects,crickets,cat,0.14586767554283142,sheep,0.14460429549217224,crackling_fire,0.14330951869487762,cow,0.13700176775455475,water_drops,0.09443263709545135,brushing_teeth,0.0816531777381897,frog,0.07916124910116196,rain,0.0772983580827713
3-104761-B-7.wav,insects,insects,True,0.2925925850868225,0.2762618064880371,0.0163307785987854,insects,crickets,cow,0.22779394686222076,sheep,0.20245876908302307,frog,0.16714489459991455,brushing_teeth,0.1612607091665268,chainsaw,0.13092368841171265,cat,0.12823441624641418,hand_saw,0.11660358309745789,water_drops,0.09484647959470749
3-104958-A-12.wav,crackling_fire,crackling_fire,True,0.4322827160358429,0.18242451548576355,0.24985820055007935,crackling_fire,can_opening,crickets,0.17901009321212769,fireworks,0.14641788601875305,insects,0.13232678174972534,rain,0.10711660981178284,hen,0.07401642948389053,pig,0.05397453159093857,water_drops,0.053064655512571335,thunderstorm,0.04457494243979454
3-105235-A-7.wav,insects,insects,True,0.21132811903953552,0.20469534397125244,0.006632775068283081,insects,frog,crow,0.1914563924074173,cow,0.18978269398212433,chirping_birds,0.18083298206329346,crickets,0.15540945529937744,door_wood_creaks,0.15152284502983093,chainsaw,0.14295247197151184,cat,0.13453367352485657,rooster,0.12171115726232529
3-105236-A-7.wav,insects,cow,False,0.276854932308197,0.23704037070274353,0.03981456160545349,cow,insects,chirping_birds,0.2130548357963562,sheep,0.19707027077674866,chainsaw,0.1658431589603424,frog,0.16123397648334503,crow,0.14982405304908752,crickets,0.14514786005020142,airplane,0.12076714634895325,hen,0.1189570501446724
3-107123-A-26.wav,laughing,laughing,True,0.5069080591201782,0.38877224922180176,0.11813580989837646,laughing,hen,dog,0.32379257678985596,crying_baby,0.2906644940376282,cat,0.2687004506587982,rooster,0.23549847304821014,cow,0.20393480360507965,crow,0.167585551738739,sneezing,0.15901120007038116,frog,0.1576913297176361
3-107219-A-1.wav,rooster,rooster,True,0.5737870335578918,0.48975029587745667,0.08403673768043518,rooster,hen,cow,0.41219526529312134,crow,0.35932713747024536,insects,0.2504380941390991,crying_baby,0.2492295205593109,frog,0.24490134418010712,dog,0.22148755192756653,thunderstorm,0.21910354495048523,clock_alarm,0.2133435159921646
3-108160-A-23.wav,breathing,breathing,True,0.5152667760848999,0.25449642539024353,0.26077035069465637,breathing,sneezing,coughing,0.24598895013332367,laughing,0.22595643997192383,brushing_teeth,0.20750632882118225,drinking_sipping,0.19656498730182648,hand_saw,0.17485061287879944,snoring,0.17144793272018433,cow,0.15959107875823975,hen,0.14819875359535217
3-108451-A-17.wav,pouring_water,pouring_water,True,0.4231194257736206,0.2986030578613281,0.12451636791229248,pouring_water,brushing_teeth,drinking_sipping,0.2013189196586609,can_opening,0.18924419581890106,water_drops,0.13748253881931305,rain,0.12147060036659241,washing_machine,0.1171969324350357,toilet_flush,0.1171133890748024,glass_breaking,0.06560897827148438,cow,0.05348785221576691
3-108451-B-17.wav,pouring_water,pouring_water,True,0.4360091984272003,0.33594658970832825,0.10006260871887207,pouring_water,brushing_teeth,can_opening,0.2211250215768814,water_drops,0.18046127259731293,drinking_sipping,0.17581430077552795,rain,0.12403659522533417,toilet_flush,0.07619841396808624,cow,0.07487151771783829,glass_breaking,0.06832005083560944,hand_saw,0.0615466944873333
3-108677-A-18.wav,toilet_flush,toilet_flush,True,0.44900158047676086,0.21422283351421356,0.2347787469625473,toilet_flush,brushing_teeth,washing_machine,0.21193581819534302,pouring_water,0.19289009273052216,cow,0.17286360263824463,rooster,0.08474239706993103,sea_waves,0.08344666659832001,hand_saw,0.08124271035194397,sheep,0.07554294168949127,door_wood_creaks,0.07431362569332123
3-108791-A-18.wav,toilet_flush,toilet_flush,True,0.41341841220855713,0.33058804273605347,0.08283036947250366,toilet_flush,brushing_teeth,pouring_water,0.28659069538116455,washing_machine,0.23095592856407166,drinking_sipping,0.18353426456451416,cow,0.16490566730499268,rooster,0.15705683827400208,hand_saw,0.12005974352359772,door_wood_knock,0.11802124232053757,pig,0.11697648465633392
3-110536-A-26.wav,laughing,laughing,True,0.4450279474258423,0.43456071615219116,0.010467231273651123,laughing,hen,rooster,0.2754615545272827,dog,0.248300701379776,cow,0.22619162499904633,crow,0.18420112133026123,pig,0.18033108115196228,frog,0.16552245616912842,crying_baby,0.1639091521501541,clock_alarm,0.14719422161579132
3-110913-A-7.wav,insects,cow,False,0.27473536133766174,0.21335142850875854,0.0613839328289032,cow,insects,brushing_teeth,0.19858711957931519,cat,0.18916055560112,sheep,0.17478743195533752,door_wood_creaks,0.1518372893333435,thunderstorm,0.1481274962425232,airplane,0.13817301392555237,crickets,0.1345788687467575,frog,0.12824591994285583
3-110913-B-7.wav,insects,cat,False,0.25662946701049805,0.24709543585777283,0.00953403115272522,cat,door_wood_creaks,cow,0.21817004680633545,insects,0.2118261158466339,frog,0.17296229302883148,crying_baby,0.16132937371730804,crickets,0.156875878572464,sheep,0.15223941206932068,thunderstorm,0.13588345050811768,brushing_teeth,0.11729736626148224
3-110913-C-7.wav,insects,cow,False,0.2573906183242798,0.18884462118148804,0.06854599714279175,cow,insects,sheep,0.17313574254512787,brushing_teeth,0.16916751861572266,cat,0.15349754691123962,crickets,0.1160515770316124,chainsaw,0.11038662493228912,hand_saw,0.10041265189647675,frog,0.0965106189250946,door_wood_creaks,0.09451762586832047
3-110913-D-7.wav,insects,cow,False,0.2936696410179138,0.23990300297737122,0.0537666380405426,cow,brushing_teeth,sheep,0.2175154834985733,insects,0.21297216415405273,cat,0.19241538643836975,frog,0.16380144655704498,hen,0.14396147429943085,crying_baby,0.1372614949941635,crickets,0.1356005072593689,door_wood_creaks,0.12591080367565155
3-111102-A-46.wav,church_bells,church_bells,True,0.46696043014526367,0.12383821606636047,0.3431222140789032,church_bells,crying_baby,hen,0.09516547620296478,cow,0.0730653777718544,clock_alarm,0.07045869529247284,coughing,0.06156989187002182,train,0.05325571447610855,glass_breaking,0.03848159685730934,sneezing,0.03539315611124039,breathing,0.005219671875238419
3-111102-B-46.wav,church_bells,church_bells,True,0.46717363595962524,0.20172756910324097,0.2654460668563843,church_bells,crying_baby,hen,0.12104249745607376,glass_breaking,0.10730081051588058,cow,0.10477910190820694,sneezing,0.09715089201927185,train,0.08269012719392776,coughing,0.08205808699131012,clock_alarm,0.05150732770562172,pouring_water,0.0451311431825161
3-112356-A-18.wav,toilet_flush,toilet_flush,True,0.4767480492591858,0.29307717084884644,0.18367087841033936,toilet_flush,brushing_teeth,washing_machine,0.25209206342697144,pouring_water,0.21483123302459717,cow,0.17265349626541138,rooster,0.1394508183002472,hand_saw,0.12688781321048737,thunderstorm,0.11409410834312439,door_wood_knock,0.09943906962871552,helicopter,0.09490175545215607
3-112397-A-9.wav,crow,crow,True,0.5239719152450562,0.2643886208534241,0.2595832943916321,crow,cow,church_bells,0.2570742070674896,airplane,0.2333577275276184,chirping_birds,0.22836364805698395,wind,0.2275802195072174,sheep,0.21846482157707214,thunderstorm,0.21385514736175537,crying_baby,0.20252318680286407,hen,0.17956574261188507
3-112522-A-27.wav,brushing_teeth,brushing_teeth,True,0.7151548862457275,0.2506370544433594,0.46451783180236816,brushing_teeth,snoring,drinking_sipping,0.24051591753959656,cow,0.23915651440620422,hand_saw,0.2054120898246765,crying_baby,0.18817079067230225,rooster,0.18776726722717285,washing_machine,0.18753014504909515,cat,0.18609276413917542,clapping,0.16299547255039215
3-112557-A-23.wav,breathing,breathing,True,0.4390174150466919,0.32189708948135376,0.11712032556533813,breathing,sneezing,laughing,0.2882975935935974,coughing,0.2434653639793396,crying_baby,0.22184233367443085,hen,0.163078173995018,dog,0.14493639767169952,clapping,0.13538551330566406,cow,0.13350294530391693,brushing_teeth,0.11103477329015732
3-112557-B-23.wav,breathing,breathing,True,0.4810124635696411,0.3433937430381775,0.13761872053146362,breathing,sneezing,drinking_sipping,0.2683435082435608,laughing,0.2569314241409302,snoring,0.22657443583011627,cow,0.2201751172542572,coughing,0.21629196405410767,brushing_teeth,0.21239838004112244,dog,0.20750993490219116,hand_saw,0.201394185423851
3-115382-A-44.wav,engine,chainsaw,False,0.39081501960754395,0.3661574125289917,0.024657607078552246,chainsaw,engine,rooster,0.2666475176811218,airplane,0.22598227858543396,helicopter,0.21542313694953918,hand_saw,0.20167750120162964,crackling_fire,0.19563212990760803,dog,0.19000500440597534,cat,0.14373640716075897,washing_machine,0.13474804162979126
3-115387-A-47.wav,airplane,airplane,True,0.6078183650970459,0.533738374710083,0.07407999038696289,airplane,helicopter,engine,0.39018821716308594,chirping_birds,0.34104353189468384,wind,0.3243864178657532,chainsaw,0.32057303190231323,train,0.31634169816970825,vacuum_cleaner,0.3040241599082947,insects,0.2962844967842102,crow,0.29357194900512695
3-115387-B-47.wav,airplane,airplane,True,0.5517314076423645,0.4458419680595398,0.10588943958282471,airplane,helicopter,engine,0.3374364376068115,chainsaw,0.2975139617919922,wind,0.25363174080848694,vacuum_cleaner,0.22316868603229523,train,0.21465007960796356,thunderstorm,0.20072823762893677,dog,0.1858530193567276,crackling_fire,0.17971955239772797
3-115387-C-47.wav,airplane,airplane,True,0.5112800598144531,0.49790477752685547,0.013375282287597656,airplane,helicopter,cat,0.34370678663253784,wind,0.284982830286026,crow,0.2752918601036072,dog,0.26720499992370605,engine,0.2617642283439636,chirping_birds,0.2377370297908783,siren,0.22586601972579956,chainsaw,0.22224603593349457
3-116135-A-1.wav,rooster,hen,False,0.5603914260864258,0.4836341142654419,0.07675731182098389,hen,rooster,cow,0.446772038936615,chirping_birds,0.2970888018608093,crow,0.28205960988998413,pig,0.24095210433006287,dog,0.22968024015426636,sheep,0.22746041417121887,crying_baby,0.2128571718931198,insects,0.20127838850021362
3-117293-A-9.wav,crow,crow,True,0.5831854939460754,0.2140057235956192,0.36917977035045624,crow,cat,cow,0.2039269506931305,chirping_birds,0.20153941214084625,sheep,0.1959189474582672,chainsaw,0.19545471668243408,church_bells,0.18804499506950378,crying_baby,0.18584434688091278,rooster,0.17380738258361816,pig,0.17178818583488464
3-117504-A-16.wav,wind,vacuum_cleaner,False,0.4360320568084717,0.3945043683052063,0.04152768850326538,vacuum_cleaner,wind,airplane,0.37594059109687805,engine,0.3714684545993805,washing_machine,0.30561885237693787,train,0.29432669281959534,toilet_flush,0.28898125886917114,rain,0.24951530992984772,sea_waves,0.23925228416919708,thunderstorm,0.20973579585552216
3-117504-B-16.wav,wind,wind,True,0.4026768207550049,0.37675607204437256,0.025920748710632324,wind,vacuum_cleaner,engine,0.34851786494255066,airplane,0.34644773602485657,rain,0.2936435639858246,toilet_flush,0.291029155254364,sea_waves,0.2908567786216736,train,0.2827325761318207,washing_machine,0.25116556882858276,thunderstorm,0.22227129340171814
3-117793-A-37.wav,clock_alarm,clock_alarm,True,0.5661850571632385,0.33543652296066284,0.23074853420257568,clock_alarm,car_horn,frog,0.3265014588832855,cow,0.3218102753162384,hen,0.32096850872039795,siren,0.26836928725242615,crickets,0.2533371150493622,clock_tick,0.24340954422950745,rooster,0.21639196574687958,insects,0.20317082107067108
3-117883-A-37.wav,clock_alarm,clock_alarm,True,0.6060863733291626,0.32055598497390747,0.2855303883552551,clock_alarm,hen,cow,0.27705931663513184,car_horn,0.2356531172990799,pig,0.22744980454444885,rooster,0.2270934283733368,frog,0.22487708926200867,sheep,0.17741239070892334,clock_tick,0.1748649775981903,brushing_teeth,0.17042836546897888
3-118059-A-18.wav,toilet_flush,toilet_flush,True,0.463139146566391,0.30235451459884644,0.16078463196754456,toilet_flush,washing_machine,brushing_teeth,0.29964035749435425,pouring_water,0.25549182295799255,cow,0.1520105004310608,hand_saw,0.127513125538826,rooster,0.10492582619190216,thunderstorm,0.09556984156370163,sea_waves,0.08281612396240234,helicopter,0.08111122250556946
3-118069-A-27.wav,brushing_teeth,brushing_teeth,True,0.5920783877372742,0.3121274411678314,0.27995094656944275,brushing_teeth,hand_saw,drinking_sipping,0.25625693798065186,snoring,0.1897333562374115,crying_baby,0.15467020869255066,chainsaw,0.15089836716651917,cat,0.14146727323532104,vacuum_cleaner,0.13298165798187256,can_opening,0.13095469772815704,pig,0.1295924186706543
3-118069-B-27.wav,brushing_teeth,brushing_teeth,True,0.617996335029602,0.2929222583770752,0.32507407665252686,brushing_teeth,hand_saw,drinking_sipping,0.2309495508670807,wind,0.22700844705104828,cow,0.19893813133239746,cat,0.18680474162101746,helicopter,0.1697709709405899,washing_machine,0.16756665706634521,snoring,0.16118662059307098,chainsaw,0.15513381361961365
3-118194-A-33.wav,door_wood_creaks,door_wood_creaks,True,0.5154989361763,0.2264426052570343,0.28905633091926575,door_wood_creaks,rooster,crow,0.1739976704120636,frog,0.13162298500537872,door_wood_knock,0.121473029255867,crying_baby,0.1124378889799118,cat,0.10889925062656403,cow,0.09302031993865967,snoring,0.08683285117149353,chirping_birds,0.051550887525081635
3-118487-A-26.wav,laughing,laughing,True,0.37837469577789307,0.2183689922094345,0.16000570356845856,laughing,cat,hen,0.21484559774398804,pig,0.19042544066905975,dog,0.18715660274028778,brushing_teeth,0.18680599331855774,rooster,0.18273228406906128,drinking_sipping,0.14820656180381775,door_wood_creaks,0.1389734148979187,sneezing,0.13860377669334412
3-118656-A-41.wav,chainsaw,chainsaw,True,0.6312328577041626,0.47650426626205444,0.15472859144210815,chainsaw,hand_saw,vacuum_cleaner,0.3827954828739166,cow,0.3308785557746887,sheep,0.3026914596557617,crying_baby,0.24273645877838135,engine,0.22140881419181824,brushing_teeth,0.21060702204704285,snoring,0.20382264256477356,cat,0.19482950866222382
3-118657-A-41.wav,chainsaw,chainsaw,True,0.5954638719558716,0.3567659854888916,0.23869788646697998,chainsaw,hand_saw,sheep,0.2691271901130676,cow,0.2624591886997223,engine,0.23620495200157166,crow,0.18513798713684082,vacuum_cleaner,0.17981910705566406,crying_baby,0.1786758452653885,brushing_teeth,0.1462232768535614,helicopter,0.13402315974235535
3-118657-B-41.wav,chainsaw,chainsaw,True,0.5943864583969116,0.4945836663246155,0.09980279207229614,chainsaw,hand_saw,vacuum_cleaner,0.3978191912174225,engine,0.2875259518623352,cow,0.279748797416687,sheep,0.23249799013137817,airplane,0.2242749184370041,brushing_teeth,0.19868433475494385,wind,0.1751406341791153,crying_baby,0.1673738658428192
3-118658-A-41.wav,chainsaw,chainsaw,True,0.5212998986244202,0.32030564546585083,0.20099425315856934,chainsaw,hand_saw,vacuum_cleaner,0.2670918107032776,brushing_teeth,0.23955760896205902,sheep,0.1771446317434311,engine,0.14875686168670654,snoring,0.13749834895133972,can_opening,0.12186101824045181,cow,0.12146782875061035,crying_baby,0.10738322138786316
3-118658-B-41.wav,chainsaw,chainsaw,True,0.4718482196331024,0.46556439995765686,0.006283819675445557,chainsaw,vacuum_cleaner,hand_saw,0.44022631645202637,brushing_teeth,0.29602131247520447,engine,0.2739239037036896,washing_machine,0.22160622477531433,crying_baby,0.19857096672058105,sheep,0.1815968155860901,cow,0.17204782366752625,rain,0.16209742426872253
3-118972-A-41.wav,chainsaw,chainsaw,True,0.6125732660293579,0.46290123462677,0.1496720314025879,chainsaw,hand_saw,vacuum_cleaner,0.3244386911392212,sheep,0.22923722863197327,crying_baby,0.22388947010040283,brushing_teeth,0.21059724688529968,engine,0.20929858088493347,cow,0.19352824985980988,washing_machine,0.1509580910205841,crow,0.14266416430473328
3-118972-B-41.wav,chainsaw,chainsaw,True,0.6139094233512878,0.39617395401000977,0.21773546934127808,chainsaw,hand_saw,cow,0.22185641527175903,sheep,0.21321764588356018,crow,0.1790844202041626,vacuum_cleaner,0.1542755663394928,crying_baby,0.15265274047851562,engine,0.1460498571395874,rooster,0.14401236176490784,glass_breaking,0.14375311136245728
3-119120-A-48.wav,fireworks,fireworks,True,0.5314065217971802,0.16745342314243317,0.363953098654747,fireworks,helicopter,church_bells,0.13396531343460083,hen,0.12188296765089035,crickets,0.1161564290523529,train,0.1034153401851654,crackling_fire,0.09969490021467209,cow,0.09928774833679199,thunderstorm,0.09260642528533936,insects,0.07838691771030426
3-119120-B-48.wav,fireworks,fireworks,True,0.5152808427810669,0.19630244374275208,0.3189783990383148,fireworks,crackling_fire,helicopter,0.16520828008651733,footsteps,0.1517462432384491,hen,0.1302693784236908,laughing,0.11932718753814697,crickets,0.10275213420391083,water_drops,0.09571149945259094,dog,0.08805032819509506,cow,0.07979299128055573
3-119120-C-48.wav,fireworks,fireworks,True,0.5555040836334229,0.171150803565979,0.38435328006744385,fireworks,helicopter,church_bells,0.1406455785036087,crackling_fire,0.11188492923974991,crickets,0.10178515315055847,train,0.0848894864320755,clock_alarm,0.0844583585858345,hen,0.07885809987783432,footsteps,0.0751466453075409,hand_saw,0.07456723600625992
3-119120-D-48.wav,fireworks,fireworks,True,0.5281027555465698,0.11101575195789337,0.41708700358867645,fireworks,helicopter,crackling_fire,0.10971483588218689,hen,0.10653164237737656,church_bells,0.09994522482156754,hand_saw,0.09650799632072449,crickets,0.09371478110551834,train,0.08353137969970703,cow,0.07628262788057327,breathing,0.07392847537994385
3-119120-E-48.wav,fireworks,fireworks,True,0.5393282771110535,0.2062871754169464,0.33304110169410706,fireworks,crackling_fire,church_bells,0.14534707367420197,crickets,0.13115021586418152,helicopter,0.11667587608098984,thunderstorm,0.11462006717920303,hen,0.11096978187561035,chainsaw,0.08775261789560318,laughing,0.08461328595876694,cow,0.0844995528459549
3-119455-A-44.wav,engine,engine,True,0.3732532262802124,0.3727530241012573,0.0005002021789550781,engine,chainsaw,helicopter,0.3049355745315552,washing_machine,0.2841349244117737,train,0.21850062906742096,airplane,0.2137657105922699,brushing_teeth,0.17785367369651794,hand_saw,0.16923625767230988,cow,0.16670061647891998,rooster,0.15458914637565613
3-119459-A-26.wav,laughing,laughing,True,0.523952305316925,0.32243120670318604,0.201521098613739,laughing,hen,dog,0.17717018723487854,rooster,0.13139674067497253,coughing,0.12346728891134262,cow,0.11545488983392715,pig,0.11386576294898987,washing_machine,0.09617674350738525,sneezing,0.08060985803604126,clapping,0.06597516685724258
3-120526-A-37.wav,clock_alarm,clock_alarm,True,0.4652593731880188,0.29404136538505554,0.17121800780296326,clock_alarm,hen,washing_machine,0.24903376400470734,cow,0.23052659630775452,car_horn,0.22924059629440308,frog,0.22081899642944336,clock_tick,0.20673982799053192,sheep,0.15665753185749054,water_drops,0.12906916439533234,door_wood_knock,0.11959487199783325
3-120526-B-37.wav,clock_alarm,clock_alarm,True,0.5239803791046143,0.3175997734069824,0.20638060569763184,clock_alarm,hen,cow,0.2278628796339035,car_horn,0.2203710675239563,clock_tick,0.17763321101665497,sheep,0.17578086256980896,frog,0.1714775413274765,pig,0.16726817190647125,washing_machine,0.166860431432724,brushing_teeth,0.1294161081314087
3-120644-A-12.wav,crackling_fire,crackling_fire,True,0.583537220954895,0.2916231155395508,0.29191410541534424,crackling_fire,can_opening,wind,0.20433802902698517,glass_breaking,0.19602394104003906,keyboard_typing,0.18797650933265686,mouse_click,0.18004807829856873,fireworks,0.17920643091201782,water_drops,0.17354822158813477,footsteps,0.14763419330120087,washing_machine,0.12993484735488892
3-121348-A-9.wav,crow,crow,True,0.6229754090309143,0.28712061047554016,0.33585479855537415,crow,rooster,pig,0.26993900537490845,cow,0.2634110748767853,chainsaw,0.24901673197746277,cat,0.23586399853229523,sheep,0.2096753716468811,crying_baby,0.20421504974365234,insects,0.1831122636795044,hen,0.17468467354774475
3-122110-A-46.wav,church_bells,church_bells,True,0.5797097682952881,0.23309840261936188,0.3466113656759262,church_bells,crying_baby,hen,0.16881689429283142,glass_breaking,0.13196514546871185,cow,0.13078436255455017,crackling_fire,0.12263759970664978,breathing,0.11254312843084335,crow,0.10730762779712677,pouring_water,0.10596564412117004,coughing,0.0922592505812645
3-123086-A-28.wav,snoring,snoring,True,0.5985889434814453,0.2721392810344696,0.3264496624469757,snoring,chainsaw,drinking_sipping,0.2646021842956543,breathing,0.25313514471054077,cow,0.2407824695110321,pig,0.23030990362167358,rooster,0.22652772068977356,brushing_teeth,0.20472140610218048,hand_saw,0.18807971477508545,church_bells,0.18565329909324646
3-123224-A-19.wav,thunderstorm,thunderstorm,True,0.5823872089385986,0.4018593728542328,0.18052783608436584,thunderstorm,rain,fireworks,0.2847115993499756,crow,0.2423703670501709,wind,0.24071891605854034,cow,0.23874355852603912,rooster,0.21751892566680908,engine,0.19945818185806274,crackling_fire,0.17311407625675201,chainsaw,0.16992533206939697
3-124376-A-3.wav,cow,cow,True,0.6576630473136902,0.5025233030319214,0.1551397442817688,cow,sheep,church_bells,0.3365093469619751,rooster,0.3154441714286804,hen,0.30175507068634033,pig,0.2792104482650757,crying_baby,0.24703052639961243,dog,0.20151056349277496,crow,0.1987064927816391,insects,0.1945611536502838
3-124376-B-3.wav,cow,cow,True,0.6411544680595398,0.49461445212364197,0.14654001593589783,cow,sheep,rooster,0.33912718296051025,hen,0.31278207898139954,church_bells,0.31162816286087036,pig,0.2745368778705597,dog,0.22163906693458557,crying_baby,0.21742424368858337,crickets,0.18338581919670105,crow,0.18214359879493713
3-124600-A-19.wav,thunderstorm,thunderstorm,True,0.5296320915222168,0.40523433685302734,0.12439775466918945,thunderstorm,rain,fireworks,0.22749663889408112,wind,0.2207070291042328,engine,0.21894198656082153,cow,0.17201915383338928,crackling_fire,0.15555064380168915,crow,0.15147779881954193,rooster,0.1416895091533661,airplane,0.12385968118906021
3-124795-A-28.wav,snoring,snoring,True,0.47102153301239014,0.36964285373687744,0.1013786792755127,snoring,chainsaw,rooster,0.3459002375602722,hand_saw,0.33492881059646606,cat,0.2845229208469391,dog,0.278632789850235,crow,0.2640153169631958,pig,0.24761825799942017,brushing_teeth,0.22975333034992218,drinking_sipping,0.21900495886802673
3-124925-A-9.wav,crow,crow,True,0.6036570072174072,0.25616127252578735,0.3474957346916199,crow,cat,rooster,0.25243768095970154,cow,0.2274930477142334,chainsaw,0.21614737808704376,sheep,0.20939961075782776,pig,0.19597622752189636,hen,0.17077386379241943,crying_baby,0.16104665398597717,dog,0.14704611897468567
3-124958-A-28.wav,snoring,snoring,True,0.5102958679199219,0.3166225850582123,0.1936732828617096,snoring,breathing,chainsaw,0.30534106492996216,rooster,0.2312040627002716,drinking_sipping,0.22629064321517944,wind,0.21187029778957367,crow,0.2099616676568985,cow,0.20257070660591125,pig,0.20160454511642456,hand_saw,0.20051009953022003
3-125418-A-24.wav,coughing,coughing,True,0.48510751128196716,0.42011258006095886,0.0649949312210083,coughing,hen,laughing,0.34396833181381226,sneezing,0.3255586624145508,rooster,0.3039313554763794,crying_baby,0.27259668707847595,cow,0.2499375194311142,breathing,0.2435295283794403,pig,0.23459485173225403,clock_tick,0.22728130221366882
3-125548-A-32.wav,keyboard_typing,keyboard_typing,True,0.4445100426673889,0.35273706912994385,0.09177297353744507,keyboard_typing,mouse_click,helicopter,0.23021890223026276,airplane,0.2088422179222107,clapping,0.18676550686359406,chirping_birds,0.1757066696882248,pouring_water,0.1707107424736023,engine,0.16736674308776855,washing_machine,0.15586984157562256,breathing,0.1474475860595703
3-126113-A-26.wav,laughing,laughing,True,0.41542112827301025,0.24520103633403778,0.17022009193897247,laughing,hen,rooster,0.24222728610038757,clock_alarm,0.18205347657203674,dog,0.1512427031993866,siren,0.14677366614341736,pig,0.13245318830013275,frog,0.12799172103405,door_wood_knock,0.11414769291877747,crying_baby,0.10475359112024307
3-126358-A-3.wav,cow,cow,True,0.6547086238861084,0.46161940693855286,0.19308921694755554,cow,sheep,rooster,0.3614078760147095,pig,0.3472309410572052,hen,0.303256630897522,dog,0.25098758935928345,chainsaw,0.22896797955036163,crying_baby,0.20759475231170654,hand_saw,0.1808377504348755,crow,0.1719954013824463
3-126358-B-3.wav,cow,cow,True,0.6813928484916687,0.4682718813419342,0.2131209671497345,cow,sheep,rooster,0.37265709042549133,pig,0.336941659450531,hen,0.30435121059417725,dog,0.2758173942565918,crying_baby,0.25907617807388306,chainsaw,0.25239601731300354,insects,0.22181186079978943,crow,0.19776293635368347
3-126391-A-27.wav,brushing_teeth,brushing_teeth,True,0.6948229074478149,0.26573702692985535,0.4290858805179596,brushing_teeth,drinking_sipping,snoring,0.19973890483379364,hand_saw,0.17897169291973114,cow,0.15199604630470276,rooster,0.13290682435035706,pouring_water,0.11631129682064056,crying_baby,0.11501801013946533,cat,0.11205381155014038,washing_machine,0.10260210186243057
3-126391-B-27.wav,brushing_teeth,brushing_teeth,True,0.6394768953323364,0.28160029649734497,0.35787659883499146,brushing_teeth,drinking_sipping,snoring,0.27538973093032837,hand_saw,0.2041095793247223,vacuum_cleaner,0.15466934442520142,rooster,0.14891493320465088,cow,0.1457579880952835,cat,0.14541390538215637,dog,0.1393243968486786,breathing,0.13274532556533813
3-127874-A-17.wav,pouring_water,pouring_water,True,0.544740617275238,0.29924431443214417,0.24549630284309387,pouring_water,water_drops,brushing_teeth,0.2960870862007141,washing_machine,0.21938708424568176,drinking_sipping,0.21273180842399597,toilet_flush,0.20478543639183044,can_opening,0.1945887804031372,rain,0.15883177518844604,glass_breaking,0.1421584188938141,sea_waves,0.1196981817483902
3-127890-A-9.wav,crow,crow,True,0.5553306341171265,0.22615234553813934,0.3291782885789871,crow,chainsaw,rooster,0.21902024745941162,sheep,0.2132379561662674,cow,0.21260613203048706,pig,0.2083587795495987,hen,0.1722259819507599,crying_baby,0.1669444590806961,cat,0.1659475862979889,church_bells,0.15979623794555664
3-127890-B-9.wav,crow,crow,True,0.5798278450965881,0.24142873287200928,0.33839911222457886,crow,pig,chainsaw,0.22772732377052307,sheep,0.2239348143339157,cow,0.22161507606506348,rooster,0.22046418488025665,hen,0.19374673068523407,church_bells,0.1904769241809845,crying_baby,0.17595581710338593,chirping_birds,0.17233219742774963
3-127890-C-9.wav,crow,crow,True,0.5663714408874512,0.230886772274971,0.33548466861248016,crow,pig,chainsaw,0.22434082627296448,cow,0.22089055180549622,rooster,0.2138676941394806,sheep,0.21000558137893677,hen,0.19659006595611572,church_bells,0.1935884952545166,airplane,0.177153080701828,crying_baby,0.16514375805854797
3-128160-A-44.wav,engine,engine,True,0.36617833375930786,0.3096160292625427,0.05656230449676514,engine,hen,helicopter,0.2946115732192993,washing_machine,0.27262377738952637,airplane,0.23956307768821716,cow,0.2193865031003952,train,0.19098256528377533,laughing,0.189650297164917,siren,0.18367354571819305,car_horn,0.18206804990768433
3-128512-A-47.wav,airplane,airplane,True,0.610110878944397,0.5798512697219849,0.03025960922241211,airplane,helicopter,insects,0.4014914333820343,engine,0.3859490156173706,chirping_birds,0.3752780556678772,thunderstorm,0.36944735050201416,wind,0.35688361525535583,crow,0.3109292984008789,crickets,0.3004874587059021,chainsaw,0.29755622148513794
3-128512-B-47.wav,airplane,engine,False,0.5269433856010437,0.5013089179992676,0.025634467601776123,engine,airplane,wind,0.4061015844345093,helicopter,0.3631870746612549,thunderstorm,0.3177095651626587,vacuum_cleaner,0.3067319393157959,train,0.3055073618888855,rain,0.2984790802001953,insects,0.27893924713134766,crickets,0.2540740668773651
3-129264-A-9.wav,crow,crow,True,0.5260941386222839,0.24147039651870728,0.28462374210357666,crow,pig,rooster,0.2207057923078537,cat,0.21151262521743774,church_bells,0.20477597415447235,train,0.20042797923088074,crying_baby,0.18257586658000946,airplane,0.18041592836380005,wind,0.18007713556289673,chainsaw,0.17588211596012115
3-129338-A-13.wav,crickets,crickets,True,0.5143308043479919,0.4960801303386688,0.01825067400932312,crickets,insects,frog,0.453164666891098,chirping_birds,0.23921571671962738,rain,0.2319624125957489,cow,0.21152569353580475,crow,0.20293378829956055,wind,0.19305948913097382,engine,0.19295033812522888,crying_baby,0.18623396754264832
3-129678-A-13.wav,crickets,crickets,True,0.6388332843780518,0.5904455184936523,0.048387765884399414,crickets,insects,frog,0.3430413007736206,airplane,0.2847445607185364,engine,0.27374809980392456,wind,0.25557634234428406,helicopter,0.2486691027879715,cow,0.23250727355480194,chirping_birds,0.22994303703308105,crow,0.21241259574890137
3-130330-A-22.wav,clapping,clapping,True,0.5354622602462769,0.2210608571767807,0.31440140306949615,clapping,cat,laughing,0.18252256512641907,brushing_teeth,0.1785467267036438,door_wood_knock,0.17377012968063354,rooster,0.17166313529014587,can_opening,0.16213561594486237,sea_waves,0.15573562681674957,siren,0.15272806584835052,frog,0.13556718826293945
3-130998-A-28.wav,snoring,snoring,True,0.4338996708393097,0.3814048767089844,0.05249479413032532,snoring,chainsaw,rooster,0.3117399215698242,hand_saw,0.3089463710784912,washing_machine,0.29141777753829956,vacuum_cleaner,0.27908921241760254,brushing_teeth,0.2526388168334961,cow,0.2416757196187973,pig,0.23377031087875366,engine,0.23004597425460815
3-130998-B-28.wav,snoring,snoring,True,0.4353472888469696,0.3835192918777466,0.05182799696922302,snoring,chainsaw,rooster,0.3716447353363037,pig,0.2801651358604431,cow,0.23827111721038818,hand_saw,0.23787638545036316,brushing_teeth,0.23581944406032562,dog,0.20829445123672485,door_wood_creaks,0.20332768559455872,sheep,0.18141506612300873
3-131943-A-37.wav,clock_alarm,clock_alarm,True,0.5541463494300842,0.2582644820213318,0.29588186740875244,clock_alarm,hen,church_bells,0.22783955931663513,rooster,0.19761553406715393,brushing_teeth,0.16382388770580292,clock_tick,0.16269700229167938,car_horn,0.15638652443885803,siren,0.15011098980903625,pig,0.1426715850830078,cow,0.13839243352413177
3-132340-A-37.wav,clock_alarm,clock_alarm,True,0.6049244403839111,0.33020925521850586,0.2747151851654053,clock_alarm,hen,church_bells,0.3241655230522156,cow,0.29086995124816895,clock_tick,0.22704535722732544,fireworks,0.22085782885551453,siren,0.21532991528511047,pig,0.2102755308151245,crying_baby,0.20390725135803223,car_horn,0.2031521052122116
3-132601-A-24.wav,coughing,coughing,True,0.5318795442581177,0.3856084644794464,0.14627107977867126,coughing,sneezing,hen,0.3253783583641052,breathing,0.2617536187171936,cow,0.2574218213558197,pig,0.24201080203056335,drinking_sipping,0.22158843278884888,laughing,0.21957480907440186,clock_tick,0.1702166348695755,rooster,0.16382049024105072
3-132747-A-26.wav,laughing,laughing,True,0.4496011435985565,0.2839426100254059,0.16565853357315063,laughing,hen,rooster,0.27255111932754517,frog,0.20130884647369385,crying_baby,0.19669285416603088,crow,0.18499179184436798,dog,0.1485038846731186,clock_alarm,0.14306963980197906,chainsaw,0.1407942771911621,cow,0.13972601294517517
3-132830-A-32.wav,keyboard_typing,keyboard_typing,True,0.46644696593284607,0.3487536907196045,0.11769327521324158,keyboard_typing,mouse_click,airplane,0.2533535957336426,chirping_birds,0.246192067861557,pouring_water,0.1989191174507141,helicopter,0.19238296151161194,footsteps,0.1878584921360016,dog,0.18377596139907837,breathing,0.16321739554405212,insects,0.15130092203617096
3-132852-A-10.wav,rain,crackling_fire,False,0.3559435307979584,0.3454102873802185,0.010533243417739868,crackling_fire,engine,rain,0.34146061539649963,thunderstorm,0.2408744990825653,clock_tick,0.21101276576519012,washing_machine,0.2040274441242218,hen,0.19286473095417023,wind,0.19013278186321259,fireworks,0.18522211909294128,airplane,0.16007886826992035
3-133977-A-29.wav,drinking_sipping,drinking_sipping,True,0.2750340700149536,0.22527247667312622,0.04976159334182739,drinking_sipping,sea_waves,rooster,0.21702644228935242,cat,0.2155316025018692,door_wood_creaks,0.21182769536972046,pouring_water,0.20785057544708252,door_wood_knock,0.1951380968093872,snoring,0.1879541277885437,crackling_fire,0.18453773856163025,car_horn,0.15944427251815796
3-134049-A-1.wav,rooster,hen,False,0.5996717810630798,0.529892086982727,0.06977969408035278,hen,rooster,cow,0.45424914360046387,crow,0.4164949059486389,frog,0.3181696832180023,crying_baby,0.2981354296207428,clock_alarm,0.2686680555343628,chirping_birds,0.25978758931159973,sheep,0.2355676293373108,insects,0.2287667840719223
3-134699-A-16.wav,wind,wind,True,0.36700335144996643,0.30358242988586426,0.06342092156410217,wind,chirping_birds,sea_waves,0.23523277044296265,airplane,0.20411056280136108,crow,0.20187942683696747,dog,0.18554241955280304,train,0.17340706288814545,thunderstorm,0.14868071675300598,crackling_fire,0.1419874131679535,hen,0.1357855498790741
3-134699-B-16.wav,wind,wind,True,0.3893723785877228,0.29055285453796387,0.09881952404975891,wind,sea_waves,airplane,0.1835121214389801,thunderstorm,0.17061732709407806,engine,0.16722874343395233,train,0.15470588207244873,coughing,0.14624470472335815,washing_machine,0.1432589888572693,crackling_fire,0.1312451809644699,breathing,0.1233435571193695
3-134699-C-16.wav,wind,wind,True,0.3638916611671448,0.25761711597442627,0.1062745451927185,wind,chirping_birds,crow,0.2077951431274414,airplane,0.1917068064212799,thunderstorm,0.18843279778957367,crackling_fire,0.17910641431808472,train,0.1653778851032257,insects,0.16117408871650696,crickets,0.14130917191505432,door_wood_creaks,0.1346389204263687
3-134802-A-13.wav,crickets,crickets,True,0.5510078072547913,0.487581729888916,0.06342607736587524,crickets,insects,chirping_birds,0.4339677095413208,frog,0.3476819097995758,hen,0.3071542978286743,crow,0.28539586067199707,clock_tick,0.26568907499313354,siren,0.2648830711841583,clapping,0.26204922795295715,helicopter,0.2562393248081207
3-135469-A-35.wav,washing_machine,washing_machine,True,0.5629075169563293,0.3634924292564392,0.19941508769989014,washing_machine,engine,airplane,0.2695886790752411,helicopter,0.24673929810523987,clock_tick,0.22808904945850372,toilet_flush,0.21515107154846191,vacuum_cleaner,0.2054189145565033,crackling_fire,0.19113227725028992,rain,0.16950327157974243,train,0.16669535636901855
3-135650-A-45.wav,train,train,True,0.4677947759628296,0.3945729732513428,0.07322180271148682,train,washing_machine,engine,0.23128056526184082,brushing_teeth,0.22441142797470093,door_wood_knock,0.21945804357528687,coughing,0.2077266424894333,airplane,0.18045449256896973,breathing,0.14621835947036743,vacuum_cleaner,0.13181334733963013,clock_tick,0.12376973032951355
3-135650-B-45.wav,train,train,True,0.347683310508728,0.3011681139469147,0.046515196561813354,train,washing_machine,coughing,0.2399718165397644,breathing,0.17806053161621094,drinking_sipping,0.15762200951576233,brushing_teeth,0.1356286108493805,engine,0.1193031445145607,sneezing,0.11366458237171173,door_wood_knock,0.10307823866605759,footsteps,0.09828384965658188
3-136288-A-0.wav,dog,dog,True,0.5584824085235596,0.3481990694999695,0.2102833390235901,dog,rooster,hen,0.32205265760421753,cow,0.2980637550354004,crow,0.27458420395851135,chirping_birds,0.24427077174186707,cat,0.21949094533920288,vacuum_cleaner,0.19752401113510132,siren,0.19634413719177246,chainsaw,0.1915103942155838
3-136451-A-45.wav,train,train,True,0.5813999176025391,0.27870988845825195,0.3026900291442871,train,engine,airplane,0.23242154717445374,coughing,0.19715090095996857,hen,0.17108571529388428,helicopter,0.1697673797607422,wind,0.1617269366979599,chirping_birds,0.15719391405582428,washing_machine,0.15537139773368835,thunderstorm,0.14483597874641418
3-136608-A-16.wav,wind,wind,True,0.4036475121974945,0.3183056116104126,0.08534190058708191,wind,sea_waves,chirping_birds,0.2727063298225403,thunderstorm,0.19604527950286865,rain,0.18995530903339386,train,0.1813984364271164,crow,0.16304022073745728,crackling_fire,0.15616120398044586,airplane,0.1546548455953598,helicopter,0.1398557722568512
3-137152-A-1.wav,rooster,rooster,True,0.5549843311309814,0.38078612089157104,0.1741982102394104,rooster,crow,cow,0.366149365901947,hen,0.338392972946167,frog,0.25808075070381165,siren,0.24857985973358154,thunderstorm,0.23141664266586304,chirping_birds,0.21288064122200012,clock_alarm,0.18424157798290253,sheep,0.18314450979232788
3-138114-A-22.wav,clapping,clapping,True,0.41958117485046387,0.19347840547561646,0.2261027693748474,clapping,cat,laughing,0.14300230145454407,siren,0.13106104731559753,crying_baby,0.1292332410812378,brushing_teeth,0.11083082854747772,rooster,0.10779428482055664,frog,0.10069820284843445,door_wood_creaks,0.09895473718643188,dog,0.08730431646108627
3-138212-A-45.wav,train,train,True,0.5721218585968018,0.25977444648742676,0.312347412109375,train,engine,airplane,0.22685587406158447,helicopter,0.20633530616760254,chirping_birds,0.15370053052902222,coughing,0.14050531387329102,church_bells,0.12709900736808777,hen,0.11628391593694687,clock_alarm,0.109918013215065,washing_machine,0.10691653192043304
3-139109-A-46.wav,church_bells,church_bells,True,0.4817773103713989,0.21168020367622375,0.27009710669517517,church_bells,crying_baby,hen,0.15582925081253052,cow,0.15144571661949158,sneezing,0.14055445790290833,glass_breaking,0.13057562708854675,cat,0.09357798099517822,pouring_water,0.09013538062572479,coughing,0.08491122722625732,dog,0.0821453332901001
3-139331-A-27.wav,brushing_teeth,brushing_teeth,True,0.5685169696807861,0.19495746493339539,0.37355950474739075,brushing_teeth,hand_saw,cat,0.18732863664627075,rooster,0.1689988672733307,washing_machine,0.1635914295911789,vacuum_cleaner,0.1497805118560791,door_wood_creaks,0.14206194877624512,dog,0.1346544623374939,snoring,0.12407676875591278,clapping,0.11894439160823822
3-139958-A-37.wav,clock_alarm,clock_alarm,True,0.5520623326301575,0.25932562351226807,0.2927367091178894,clock_alarm,church_bells,rooster,0.2564833164215088,cow,0.22030258178710938,hen,0.2049863338470459,pig,0.19797000288963318,frog,0.19646455347537994,fireworks,0.19089087843894958,chainsaw,0.1875838339328766,car_horn,0.1765495389699936
3-140199-A-8.wav,sheep,sheep,True,0.6857110261917114,0.489450067281723,0.1962609589099884,sheep,cow,hen,0.2590826451778412,crying_baby,0.25386184453964233,chainsaw,0.2433759868144989,hand_saw,0.24156460165977478,pig,0.22070375084877014,crow,0.18807967007160187,rooster,0.14700894057750702,car_horn,0.14581453800201416
3-140199-B-8.wav,sheep,sheep,True,0.6644635796546936,0.5051090717315674,0.15935450792312622,sheep,cow,crying_baby,0.29649609327316284,chainsaw,0.27756747603416443,hand_saw,0.25034916400909424,crow,0.24229022860527039,pig,0.23782479763031006,hen,0.22976937890052795,rooster,0.17694953083992004,cat,0.1665465235710144
3-140199-C-8.wav,sheep,sheep,True,0.7055420875549316,0.5225280523300171,0.18301403522491455,sheep,cow,crying_baby,0.3073543310165405,hen,0.2631336450576782,hand_saw,0.26189154386520386,chainsaw,0.24992255866527557,pig,0.24567760527133942,crow,0.22455434501171112,dog,0.18880555033683777,cat,0.18496504426002502
3-140199-D-8.wav,sheep,sheep,True,0.7167783975601196,0.5494853258132935,0.16729307174682617,sheep,cow,crying_baby,0.2923813462257385,chainsaw,0.2887006103992462,hand_saw,0.27601343393325806,pig,0.2587414085865021,crow,0.2587365508079529,hen,0.24125197529792786,rooster,0.21615014970302582,cat,0.19138386845588684
3-140323-A-29.wav,drinking_sipping,drinking_sipping,True,0.37139952182769775,0.29998788237571716,0.07141163945198059,drinking_sipping,pouring_water,door_wood_creaks,0.2360876202583313,coughing,0.23206765949726105,pig,0.2289716601371765,snoring,0.22006849944591522,door_wood_knock,0.21909210085868835,frog,0.18935252726078033,cow,0.1826077103614807,brushing_teeth,0.177727609872818
3-140774-A-10.wav,rain,crackling_fire,False,0.3504570722579956,0.31370389461517334,0.036753177642822266,crackling_fire,washing_machine,engine,0.29620057344436646,clock_tick,0.2901509702205658,train,0.2884342670440674,hen,0.27713125944137573,wind,0.2683617174625397,helicopter,0.2387322336435318,fireworks,0.2117306888103485,thunderstorm,0.1962941288948059
3-141240-A-44.wav,engine,chainsaw,False,0.320540189743042,0.2495378702878952,0.07100231945514679,chainsaw,vacuum_cleaner,engine,0.23843984305858612,cow,0.2199828326702118,washing_machine,0.21956363320350647,hand_saw,0.21024645864963531,insects,0.15899387001991272,chirping_birds,0.1453666388988495,sheep,0.1391891986131668,car_horn,0.10939748585224152
3-141240-B-44.wav,engine,engine,True,0.3383084535598755,0.26848748326301575,0.06982097029685974,engine,washing_machine,chainsaw,0.19058595597743988,hand_saw,0.15658561885356903,vacuum_cleaner,0.13875815272331238,airplane,0.13511992990970612,hen,0.12006069719791412,dog,0.11535909026861191,insects,0.09824984520673752,helicopter,0.09607839584350586
3-141559-A-45.wav,train,train,True,0.5742325186729431,0.2267610877752304,0.3474714308977127,train,airplane,engine,0.22596696019172668,washing_machine,0.19703209400177002,coughing,0.19510996341705322,helicopter,0.17608636617660522,hen,0.15151537954807281,chirping_birds,0.14676731824874878,breathing,0.14593756198883057,clock_alarm,0.11336549371480942
3-141684-A-21.wav,sneezing,sneezing,True,0.5397582650184631,0.218786358833313,0.32097190618515015,sneezing,drinking_sipping,laughing,0.21754467487335205,coughing,0.21648025512695312,hen,0.19841718673706055,cow,0.18448281288146973,cat,0.15232957899570465,dog,0.14750799536705017,crying_baby,0.12561947107315063,breathing,0.11911941319704056
3-142005-A-10.wav,rain,rain,True,0.5336041450500488,0.41217032074928284,0.12143382430076599,rain,thunderstorm,engine,0.2073078453540802,crackling_fire,0.1912238895893097,wind,0.17480668425559998,pouring_water,0.15952950716018677,vacuum_cleaner,0.15686863660812378,fireworks,0.15144917368888855,sea_waves,0.14817187190055847,hen,0.12616118788719177
3-142006-A-10.wav,rain,rain,True,0.5571334958076477,0.40338367223739624,0.15374982357025146,rain,thunderstorm,crackling_fire,0.26011449098587036,engine,0.24140644073486328,wind,0.2293315827846527,sea_waves,0.22254976630210876,clapping,0.20664174854755402,clock_tick,0.15439292788505554,train,0.14522701501846313,hen,0.14200061559677124
3-142349-A-17.wav,pouring_water,pouring_water,True,0.4487811326980591,0.29259535670280457,0.15618577599525452,pouring_water,water_drops,brushing_teeth,0.2656460404396057,rain,0.19487479329109192,washing_machine,0.17705118656158447,drinking_sipping,0.17691904306411743,sea_waves,0.11999239772558212,toilet_flush,0.11838553845882416,can_opening,0.11715972423553467,glass_breaking,0.10378101468086243
3-142593-A-38.wav,clock_tick,clock_tick,True,0.3117481470108032,0.24670962989330292,0.0650385171175003,clock_tick,washing_machine,clock_alarm,0.22319567203521729,hen,0.19016633927822113,engine,0.1882382035255432,helicopter,0.18444538116455078,brushing_teeth,0.14848746359348297,hand_saw,0.13780498504638672,frog,0.13505186140537262,mouse_click,0.1338162124156952
3-142601-A-21.wav,sneezing,sneezing,True,0.5493223071098328,0.2819361984729767,0.2673861086368561,sneezing,drinking_sipping,cow,0.23727981746196747,cat,0.1986539512872696,coughing,0.17853312194347382,sheep,0.16964682936668396,can_opening,0.15452329814434052,breathing,0.14901584386825562,snoring,0.14430305361747742,hen,0.1313048005104065
3-142604-A-24.wav,coughing,coughing,True,0.5703842639923096,0.40972471237182617,0.1606595516204834,coughing,sneezing,breathing,0.31557148694992065,drinking_sipping,0.27942758798599243,laughing,0.27731770277023315,hen,0.26607179641723633,cow,0.18488726019859314,crying_baby,0.17373965680599213,pig,0.1633918285369873,footsteps,0.15419873595237732
3-142605-A-21.wav,sneezing,sneezing,True,0.5583605766296387,0.3934752345085144,0.16488534212112427,sneezing,drinking_sipping,cow,0.23737481236457825,coughing,0.20784702897071838,breathing,0.205150306224823,cat,0.17324937880039215,sheep,0.16911740601062775,mouse_click,0.15237896144390106,snoring,0.14708125591278076,hen,0.14320245385169983
3-143119-A-21.wav,sneezing,sneezing,True,0.5876168608665466,0.31140854954719543,0.2762083113193512,sneezing,coughing,drinking_sipping,0.30017852783203125,cow,0.24780099093914032,breathing,0.21189555525779724,hen,0.1985887885093689,dog,0.15281319618225098,crying_baby,0.14656449854373932,church_bells,0.13128432631492615,cat,0.12096372246742249
3-143560-A-47.wav,airplane,airplane,True,0.5483777523040771,0.3715355098247528,0.17684224247932434,airplane,helicopter,chainsaw,0.24851056933403015,engine,0.2383837103843689,wind,0.20717753469944,thunderstorm,0.20125409960746765,train,0.19683292508125305,vacuum_cleaner,0.17456820607185364,crow,0.1646120846271515,hand_saw,0.152915358543396
3-143562-A-47.wav,airplane,airplane,True,0.5674443244934082,0.4592970013618469,0.10814732313156128,airplane,helicopter,engine,0.26705318689346313,thunderstorm,0.2668267786502838,chirping_birds,0.24507391452789307,wind,0.23444174230098724,clapping,0.2316301465034485,train,0.2298465371131897,laughing,0.19275443255901337,sea_waves,0.19226700067520142
3-143929-A-10.wav,rain,crackling_fire,False,0.47977134585380554,0.3244023025035858,0.15536904335021973,crackling_fire,rain,thunderstorm,0.29382744431495667,engine,0.29232898354530334,wind,0.2469741851091385,airplane,0.196336567401886,washing_machine,0.17977368831634521,fireworks,0.13785146176815033,helicopter,0.1267416775226593,train,0.11620943993330002
3-143933-A-38.wav,clock_tick,clock_tick,True,0.42468908429145813,0.3248853087425232,0.09980377554893494,clock_tick,clock_alarm,hen,0.2969163954257965,cow,0.2641901969909668,rooster,0.1731637716293335,wind,0.15822844207286835,car_horn,0.15657493472099304,crow,0.14951834082603455,helicopter,0.14822854101657867,sheep,0.14520376920700073
3-144028-A-0.wav,dog,dog,True,0.5268477201461792,0.31860411167144775,0.20824360847473145,dog,rooster,hen,0.27611595392227173,laughing,0.15706610679626465,cow,0.15448486804962158,chirping_birds,0.13869714736938477,train,0.11286406219005585,clock_alarm,0.11185683310031891,cat,0.1110600009560585,sheep,0.10918509215116501
3-144106-A-32.wav,keyboard_typing,keyboard_typing,True,0.46916529536247253,0.3763560354709625,0.09280925989151001,keyboard_typing,mouse_click,water_drops,0.21281185746192932,washing_machine,0.1880287528038025,chirping_birds,0.18548059463500977,clock_tick,0.1784769743680954,rain,0.17496153712272644,helicopter,0.16806384921073914,pouring_water,0.14610828459262848,airplane,0.14514823257923126
3-144120-A-32.wav,keyboard_typing,keyboard_typing,True,0.47978904843330383,0.44231337308883667,0.03747567534446716,keyboard_typing,mouse_click,chirping_birds,0.2611384391784668,airplane,0.23527409136295319,water_drops,0.19014164805412292,washing_machine,0.18590831756591797,pouring_water,0.179434671998024,wind,0.1699574589729309,breathing,0.1662309169769287,insects,0.16323129832744598
3-144128-A-23.wav,breathing,breathing,True,0.4214234948158264,0.2974788248538971,0.12394466996192932,breathing,drinking_sipping,sneezing,0.26736927032470703,snoring,0.2464037835597992,brushing_teeth,0.20062901079654694,wind,0.19777001440525055,cow,0.19586709141731262,pig,0.1380506455898285,hand_saw,0.1363437920808792,crying_baby,0.13501475751399994
3-144128-B-23.wav,breathing,breathing,True,0.44221919775009155,0.33937186002731323,0.10284733772277832,breathing,snoring,drinking_sipping,0.2971456050872803,sneezing,0.26386767625808716,cow,0.254569947719574,wind,0.2500442862510681,crow,0.24522599577903748,crying_baby,0.24312540888786316,pig,0.2345709353685379,brushing_teeth,0.18097516894340515
3-144253-A-29.wav,drinking_sipping,drinking_sipping,True,0.6416008472442627,0.3782060742378235,0.2633947730064392,drinking_sipping,pig,sneezing,0.34494441747665405,can_opening,0.3225344717502594,coughing,0.2931881546974182,breathing,0.2748139500617981,snoring,0.25599154829978943,dog,0.21056750416755676,brushing_teeth,0.20523007214069366,cow,0.18126797676086426
3-144259-A-29.wav,drinking_sipping,drinking_sipping,True,0.5210480690002441,0.3429691195487976,0.17807894945144653,drinking_sipping,can_opening,pig,0.2835279107093811,coughing,0.21721401810646057,pouring_water,0.20721998810768127,brushing_teeth,0.20526376366615295,sneezing,0.20349633693695068,breathing,0.17383277416229248,snoring,0.1594703197479248,toilet_flush,0.1451694816350937
3-144510-A-30.wav,door_wood_knock,door_wood_knock,True,0.6932634115219116,0.47726452350616455,0.21599888801574707,door_wood_knock,door_wood_creaks,rooster,0.32993054389953613,frog,0.30698418617248535,clock_alarm,0.24532383680343628,clapping,0.22604922950267792,clock_tick,0.22012978792190552,hen,0.21120992302894592,fireworks,0.1766536831855774,washing_machine,0.17496603727340698
3-144692-A-21.wav,sneezing,sneezing,True,0.5344861745834351,0.2701219618320465,0.26436421275138855,sneezing,drinking_sipping,breathing,0.15794262290000916,coughing,0.15096504986286163,snoring,0.10959632694721222,church_bells,0.10958826541900635,cow,0.1061585396528244,laughing,0.08380649983882904,sheep,0.07538236677646637,cat,0.05890815332531929
3-144827-A-11.wav,sea_waves,sea_waves,True,0.43947744369506836,0.33917587995529175,0.10030156373977661,sea_waves,train,wind,0.3271864354610443,vacuum_cleaner,0.23040030896663666,thunderstorm,0.22389982640743256,airplane,0.19925682246685028,crackling_fire,0.1932278424501419,hand_saw,0.171554297208786,engine,0.17015132308006287,rain,0.16025479137897491
3-144827-B-11.wav,sea_waves,sea_waves,True,0.4390808343887329,0.30067282915115356,0.13840800523757935,sea_waves,train,wind,0.27499181032180786,thunderstorm,0.18798141181468964,airplane,0.17615622282028198,helicopter,0.16508615016937256,crackling_fire,0.1643933355808258,hand_saw,0.1615699678659439,rain,0.15125100314617157,vacuum_cleaner,0.12620064616203308
3-144891-A-19.wav,thunderstorm,thunderstorm,True,0.5310519933700562,0.37248846888542175,0.1585635244846344,thunderstorm,rain,fireworks,0.28076934814453125,wind,0.2375698834657669,crow,0.19813096523284912,cow,0.17741617560386658,crackling_fire,0.17014220356941223,engine,0.1697787642478943,rooster,0.1522211730480194,church_bells,0.1339905560016632
3-144891-B-19.wav,thunderstorm,fireworks,False,0.48553651571273804,0.4652787744998932,0.02025774121284485,fireworks,thunderstorm,rain,0.2924784719944,crackling_fire,0.2641168236732483,crow,0.2147756963968277,wind,0.20849619805812836,church_bells,0.17771904170513153,cow,0.14504621922969818,chainsaw,0.14041848480701447,rooster,0.1328432708978653
3-145382-A-1.wav,rooster,rooster,True,0.5828057527542114,0.420953631401062,0.16185212135314941,rooster,hen,cow,0.38308870792388916,crow,0.3567698001861572,frog,0.2756802439689636,thunderstorm,0.2491300106048584,siren,0.24848265945911407,dog,0.24565425515174866,clock_alarm,0.21874848008155823,insects,0.2148321270942688
3-145387-A-29.wav,drinking_sipping,drinking_sipping,True,0.45866262912750244,0.3460578918457031,0.11260473728179932,drinking_sipping,pouring_water,coughing,0.22500386834144592,snoring,0.22087398171424866,brushing_teeth,0.21543259918689728,pig,0.19726106524467468,cat,0.18453097343444824,water_drops,0.16756510734558105,breathing,0.14144867658615112,cow,0.13139010965824127
3-145487-A-24.wav,coughing,coughing,True,0.4526512324810028,0.3376299738883972,0.11502125859260559,coughing,laughing,sneezing,0.30295830965042114,hen,0.29531875252723694,rooster,0.2803313732147217,pig,0.2510240077972412,dog,0.23371799290180206,crying_baby,0.21857649087905884,breathing,0.2091832160949707,cow,0.20771187543869019
3-145577-A-43.wav,car_horn,car_horn,True,0.4797998368740082,0.27453547716140747,0.2052643597126007,car_horn,clock_alarm,church_bells,0.247663676738739,siren,0.23173505067825317,train,0.21783921122550964,cow,0.2042524814605713,hen,0.2023075520992279,sheep,0.1991730034351349,engine,0.19116726517677307,rooster,0.19021929800510406
3-145719-A-17.wav,pouring_water,pouring_water,True,0.4913690686225891,0.27928426861763,0.2120848000049591,pouring_water,water_drops,brushing_teeth,0.24646368622779846,drinking_sipping,0.20906013250350952,can_opening,0.17001399397850037,glass_breaking,0.1398724913597107,rain,0.10482703149318695,washing_machine,0.09151406586170197,dog,0.06295278668403625,cow,0.05849746614694595
3-145774-A-12.wav,crackling_fire,crackling_fire,True,0.5418952703475952,0.22020888328552246,0.32168638706207275,crackling_fire,water_drops,rain,0.20692582428455353,washing_machine,0.19091013073921204,can_opening,0.16411954164505005,cat,0.1535019725561142,glass_breaking,0.1288539618253708,fireworks,0.12235958129167557,mouse_click,0.10993779450654984,keyboard_typing,0.10723451524972916
3-146033-A-13.wav,crickets,crickets,True,0.5993407368659973,0.503574013710022,0.09576672315597534,crickets,insects,helicopter,0.3038816452026367,frog,0.2850474417209625,chirping_birds,0.26195040345191956,airplane,0.25416719913482666,wind,0.2465098798274994,train,0.23549123108386993,cow,0.229614719748497,engine,0.22635577619075775
3-146186-A-44.wav,engine,engine,True,0.4839034378528595,0.29939162731170654,0.18451181054115295,engine,washing_machine,helicopter,0.28177782893180847,airplane,0.25992560386657715,dog,0.19498996436595917,hen,0.16656947135925293,insects,0.143148735165596,rooster,0.13464495539665222,chainsaw,0.12985607981681824,train,0.12612098455429077
3-146697-A-43.wav,car_horn,engine,False,0.2732110917568207,0.26571884751319885,0.007492244243621826,engine,hand_saw,helicopter,0.25636059045791626,airplane,0.2460538148880005,chirping_birds,0.22424285113811493,sheep,0.21764534711837769,church_bells,0.2069585770368576,cow,0.20687532424926758,mouse_click,0.20524513721466064,train,0.1939155012369156
3-146873-A-24.wav,coughing,coughing,True,0.582364559173584,0.48118454217910767,0.10118001699447632,coughing,hen,sneezing,0.3905549943447113,laughing,0.32657015323638916,cow,0.3090018332004547,breathing,0.2655380368232727,clock_tick,0.2558712363243103,crying_baby,0.2498151659965515,rooster,0.2415328174829483,frog,0.2394675612449646
3-146964-A-5.wav,cat,cat,True,0.5324001908302307,0.2832929491996765,0.2491072416305542,cat,dog,crying_baby,0.20638003945350647,sheep,0.1978948414325714,rooster,0.17365309596061707,cow,0.1703615039587021,frog,0.14731533825397491,vacuum_cleaner,0.13210991024971008,hen,0.126858651638031,snoring,0.11187378317117691
3-146965-A-5.wav,cat,cat,True,0.5008870363235474,0.28603285551071167,0.2148541808128357,cat,dog,sheep,0.2130955457687378,rooster,0.20726484060287476,cow,0.18106897175312042,crying_baby,0.1696563959121704,frog,0.13687968254089355,snoring,0.13378694653511047,vacuum_cleaner,0.11525542289018631,crow,0.09915482997894287
3-146972-A-5.wav,cat,cat,True,0.534933865070343,0.2176392674446106,0.3172945976257324,cat,dog,crying_baby,0.20661163330078125,sheep,0.2034817934036255,rooster,0.1973525732755661,frog,0.18655787408351898,vacuum_cleaner,0.15631741285324097,cow,0.14041399955749512,snoring,0.09830015152692795,crow,0.09698515385389328
3-147342-A-34.wav,can_opening,can_opening,True,0.4158196449279785,0.184735506772995,0.23108413815498352,can_opening,crow,sea_waves,0.1642652451992035,sneezing,0.14477115869522095,train,0.11294573545455933,brushing_teeth,0.10566075891256332,frog,0.10197921842336655,wind,0.09500853717327118,hand_saw,0.09445203840732574,insects,0.09263267368078232
3-147343-A-34.wav,can_opening,can_opening,True,0.5269213914871216,0.19912447035312653,0.32779692113399506,can_opening,sneezing,crow,0.1531268209218979,brushing_teeth,0.11559602618217468,dog,0.10851170867681503,frog,0.10002445429563522,hen,0.08631888031959534,cat,0.07448117434978485,coughing,0.06609483808279037,clock_tick,0.06397025287151337
3-147965-A-12.wav,crackling_fire,crackling_fire,True,0.4626074433326721,0.2136773020029068,0.24893014132976532,crackling_fire,can_opening,toilet_flush,0.21235883235931396,rain,0.17388179898262024,pouring_water,0.1660570204257965,washing_machine,0.16563580930233002,brushing_teeth,0.16038551926612854,crickets,0.14246121048927307,engine,0.1305733621120453,insects,0.11315130442380905
3-148297-A-37.wav,clock_alarm,clock_alarm,True,0.41512370109558105,0.2722690999507904,0.14285460114479065,clock_alarm,clock_tick,water_drops,0.2529155910015106,frog,0.24820326268672943,hen,0.24622760713100433,car_horn,0.24043427407741547,siren,0.19179797172546387,cow,0.16949203610420227,mouse_click,0.16145294904708862,crickets,0.14919152855873108
3-148330-A-21.wav,sneezing,sneezing,True,0.527414083480835,0.23277971148490906,0.2946343719959259,sneezing,drinking_sipping,coughing,0.22595590353012085,cow,0.1909801959991455,hen,0.16428646445274353,crow,0.1599634885787964,pig,0.15854008495807648,breathing,0.13902702927589417,dog,0.11831644922494888,rooster,0.11483824253082275
3-148932-A-34.wav,can_opening,can_opening,True,0.619052529335022,0.1771581470966339,0.44189438223838806,can_opening,pig,drinking_sipping,0.16931365430355072,crow,0.16483350098133087,laughing,0.11517123132944107,breathing,0.0943666622042656,chainsaw,0.09410344064235687,airplane,0.09252403676509857,snoring,0.08847133815288544,sneezing,0.08450698107481003
3-149042-A-24.wav,coughing,coughing,True,0.5041806697845459,0.4245784878730774,0.0796021819114685,coughing,sneezing,rooster,0.38076305389404297,hen,0.338456928730011,cow,0.30203476548194885,breathing,0.29788538813591003,laughing,0.2969551682472229,crying_baby,0.26569220423698425,pig,0.26082682609558105,clock_tick,0.24806994199752808
3-149189-A-1.wav,rooster,rooster,True,0.6091054677963257,0.5593167543411255,0.049788713455200195,rooster,hen,cow,0.5263203978538513,crow,0.4536121189594269,frog,0.37774544954299927,crying_baby,0.3201408386230469,clock_alarm,0.2931268811225891,insects,0.29183393716812134,sheep,0.28671199083328247,pig,0.2829633355140686
3-149448-A-17.wav,pouring_water,pouring_water,True,0.4516027271747589,0.3046754002571106,0.14692732691764832,pouring_water,brushing_teeth,water_drops,0.20719492435455322,toilet_flush,0.1900404989719391,drinking_sipping,0.1773529350757599,can_opening,0.17090991139411926,glass_breaking,0.16979587078094482,rain,0.15742401778697968,washing_machine,0.06062640622258186,vacuum_cleaner,0.03678308427333832
3-149465-A-22.wav,clapping,clapping,True,0.5612677931785583,0.2528430223464966,0.30842477083206177,clapping,laughing,siren,0.2202531099319458,rooster,0.20822764933109283,cat,0.1876036524772644,sea_waves,0.17700564861297607,crying_baby,0.17271788418293,door_wood_knock,0.16482576727867126,crow,0.14444789290428162,door_wood_creaks,0.1426680088043213
3-150231-A-21.wav,sneezing,sneezing,True,0.6239476203918457,0.24361652135849,0.3803310990333557,sneezing,coughing,drinking_sipping,0.2426682710647583,church_bells,0.2107081264257431,cow,0.19757045805454254,crow,0.18122315406799316,hen,0.17682915925979614,breathing,0.1489502191543579,cat,0.14312084019184113,sea_waves,0.14003512263298035
3-150363-A-38.wav,clock_tick,clock_tick,True,0.40253394842147827,0.30752280354499817,0.0950111448764801,clock_tick,clock_alarm,hen,0.2596157193183899,car_horn,0.2574957609176636,water_drops,0.24066120386123657,fireworks,0.212053582072258,chirping_birds,0.20462483167648315,washing_machine,0.19904902577400208,engine,0.19273313879966736,rain,0.1918787956237793
3-150979-A-40.wav,helicopter,airplane,False,0.5174365043640137,0.5157414078712463,0.001695096492767334,airplane,wind,engine,0.42749232053756714,helicopter,0.4166105091571808,sea_waves,0.3530319929122925,thunderstorm,0.31979900598526,vacuum_cleaner,0.31857383251190186,train,0.27654117345809937,crackling_fire,0.236641064286232,washing_machine,0.22244243323802948
3-150979-B-40.wav,helicopter,helicopter,True,0.6373081803321838,0.5309484601020813,0.10635972023010254,helicopter,airplane,engine,0.46732521057128906,train,0.31396228075027466,washing_machine,0.30907291173934937,chirping_birds,0.2966419756412506,chainsaw,0.2776103615760803,wind,0.23963318765163422,insects,0.22887706756591797,vacuum_cleaner,0.2168760895729065
3-150979-C-40.wav,helicopter,engine,False,0.4549413025379181,0.4520936608314514,0.002847641706466675,engine,airplane,helicopter,0.38900408148765564,vacuum_cleaner,0.29955658316612244,cat,0.28588801622390747,wind,0.26087599992752075,rooster,0.25102490186691284,sea_waves,0.24673427641391754,washing_machine,0.23560212552547455,chainsaw,0.2181335836648941
3-151080-A-20.wav,crying_baby,crying_baby,True,0.6591777205467224,0.37374112010002136,0.28543660044670105,crying_baby,coughing,hen,0.33124732971191406,cow,0.3002595901489258,cat,0.2900077700614929,laughing,0.286626398563385,sneezing,0.27735626697540283,sheep,0.2371232956647873,crow,0.2214488387107849,breathing,0.21767812967300415
3-151081-A-20.wav,crying_baby,crying_baby,True,0.6484159827232361,0.3182160258293152,0.3301999568939209,crying_baby,coughing,cow,0.29427996277809143,sneezing,0.26381123065948486,breathing,0.26062726974487305,sheep,0.2568708658218384,cat,0.24985459446907043,church_bells,0.23184791207313538,hen,0.23150599002838135,crow,0.2202504426240921
3-151081-B-20.wav,crying_baby,crying_baby,True,0.6447881460189819,0.36958441138267517,0.27520373463630676,crying_baby,laughing,coughing,0.33364251255989075,cow,0.3149026036262512,sneezing,0.3127932548522949,cat,0.3101213872432709,breathing,0.28005945682525635,crow,0.26838093996047974,dog,0.25980228185653687,sheep,0.23900625109672546
3-151089-A-30.wav,door_wood_knock,door_wood_knock,True,0.562053918838501,0.3006010055541992,0.26145291328430176,door_wood_knock,clapping,door_wood_creaks,0.2991633415222168,clock_tick,0.2488461136817932,frog,0.23472732305526733,hen,0.23376770317554474,water_drops,0.2333693653345108,washing_machine,0.2272924780845642,mouse_click,0.2204650491476059,rooster,0.21422630548477173
3-151206-A-23.wav,breathing,breathing,True,0.5172668695449829,0.24716679751873016,0.27010007202625275,breathing,sneezing,coughing,0.22758929431438446,drinking_sipping,0.21830101311206818,snoring,0.21223701536655426,laughing,0.1994968205690384,helicopter,0.15993914008140564,cow,0.12699276208877563,airplane,0.12301363050937653,wind,0.11581116169691086
3-151212-A-24.wav,coughing,coughing,True,0.6208587884902954,0.45153945684432983,0.16931933164596558,coughing,sneezing,hen,0.440004825592041,laughing,0.35315585136413574,cow,0.3166157901287079,crying_baby,0.29355546832084656,breathing,0.2819802761077881,clock_tick,0.2530580461025238,crow,0.23213529586791992,clapping,0.22807210683822632
3-151213-A-24.wav,coughing,coughing,True,0.5600732564926147,0.49682965874671936,0.06324359774589539,coughing,sneezing,hen,0.44940319657325745,laughing,0.3254730701446533,crying_baby,0.3211313784122467,cow,0.32027214765548706,crow,0.30415111780166626,rooster,0.25730329751968384,pig,0.24851959943771362,frog,0.24187755584716797
3-151255-A-28.wav,snoring,snoring,True,0.5695114135742188,0.36957284808158875,0.19993856549263,snoring,breathing,drinking_sipping,0.2718014717102051,sneezing,0.22265899181365967,hand_saw,0.20857450366020203,chainsaw,0.20067313313484192,brushing_teeth,0.1978093981742859,cow,0.1947844922542572,crow,0.19148069620132446,pig,0.1847086399793625
3-151269-A-35.wav,washing_machine,washing_machine,True,0.6153416633605957,0.3700578510761261,0.2452838122844696,washing_machine,engine,toilet_flush,0.3090187907218933,vacuum_cleaner,0.28672218322753906,brushing_teeth,0.269725501537323,hand_saw,0.2176794409751892,rain,0.13851529359817505,helicopter,0.12707863748073578,door_wood_knock,0.1260530650615692,coughing,0.11708807945251465
3-151273-A-35.wav,washing_machine,washing_machine,True,0.5809378623962402,0.3934585154056549,0.18747934699058533,washing_machine,toilet_flush,engine,0.36665967106819153,brushing_teeth,0.3418079614639282,vacuum_cleaner,0.298842191696167,hand_saw,0.2217084765434265,pouring_water,0.22108019888401031,rain,0.1960517168045044,rooster,0.16911092400550842,helicopter,0.16266129910945892
3-151557-A-28.wav,snoring,snoring,True,0.6128014922142029,0.28177976608276367,0.3310217261314392,snoring,drinking_sipping,chainsaw,0.2733573913574219,rooster,0.26410043239593506,breathing,0.24495771527290344,pig,0.2384583055973053,crow,0.21935752034187317,cow,0.2022724598646164,airplane,0.19608074426651,thunderstorm,0.18380558490753174
3-151557-B-28.wav,snoring,snoring,True,0.5525261163711548,0.28471940755844116,0.2678067088127136,snoring,drinking_sipping,breathing,0.2819024920463562,chainsaw,0.26016271114349365,brushing_teeth,0.23309294879436493,rooster,0.2212703824043274,church_bells,0.18340736627578735,pig,0.18256667256355286,hand_saw,0.18226605653762817,thunderstorm,0.17625869810581207
3-152007-A-20.wav,crying_baby,crying_baby,True,0.7043927907943726,0.3661814033985138,0.33821138739585876,crying_baby,cat,cow,0.3148222267627716,crow,0.289370596408844,sneezing,0.25908753275871277,rooster,0.2535005807876587,laughing,0.250261127948761,sheep,0.22345758974552155,coughing,0.21777509152889252,siren,0.21652495861053467
3-152007-B-20.wav,crying_baby,crying_baby,True,0.6555617451667786,0.3012479543685913,0.35431379079818726,crying_baby,laughing,coughing,0.293735533952713,cow,0.2593688368797302,crow,0.25765085220336914,breathing,0.24556568264961243,sneezing,0.2433544099330902,cat,0.2269473671913147,clapping,0.2120341956615448,church_bells,0.2101118564605713
3-152007-C-20.wav,crying_baby,crying_baby,True,0.634049117565155,0.3458253741264343,0.2882237434387207,crying_baby,cat,cow,0.23586978018283844,sheep,0.2296721339225769,sneezing,0.2275962382555008,laughing,0.2224413901567459,dog,0.2081335484981537,crow,0.20425425469875336,coughing,0.19986885786056519,vacuum_cleaner,0.1891486942768097
3-152007-D-20.wav,crying_baby,crying_baby,True,0.6759334802627563,0.30412477254867554,0.3718087077140808,crying_baby,cat,laughing,0.2890094518661499,crow,0.28554490208625793,cow,0.2840275764465332,sheep,0.24200265109539032,church_bells,0.21644899249076843,hen,0.2107986956834793,sneezing,0.20804058015346527,breathing,0.2066825032234192
3-152007-E-20.wav,crying_baby,crying_baby,True,0.6871621608734131,0.35892894864082336,0.3282332122325897,crying_baby,laughing,cat,0.3075445294380188,coughing,0.2878469228744507,cow,0.27132803201675415,clapping,0.26920294761657715,crow,0.2597324252128601,breathing,0.2449110746383667,church_bells,0.24090233445167542,siren,0.22652080655097961
3-152020-A-36.wav,vacuum_cleaner,vacuum_cleaner,True,0.4963868260383606,0.34583157300949097,0.15055525302886963,vacuum_cleaner,chainsaw,hand_saw,0.3377940356731415,brushing_teeth,0.30631816387176514,washing_machine,0.3009665608406067,cat,0.25194236636161804,engine,0.21209408342838287,crying_baby,0.19688521325588226,rooster,0.1571463793516159,snoring,0.15208417177200317
3-152020-B-36.wav,vacuum_cleaner,vacuum_cleaner,True,0.47463732957839966,0.45629778504371643,0.018339544534683228,vacuum_cleaner,hand_saw,chainsaw,0.3789249658584595,engine,0.35907211899757385,brushing_teeth,0.2954789400100708,washing_machine,0.29160618782043457,airplane,0.21253520250320435,cat,0.1835220754146576,crying_baby,0.18101567029953003,rain,0.1735481321811676
3-152020-C-36.wav,vacuum_cleaner,vacuum_cleaner,True,0.5258121490478516,0.39770978689193726,0.1281023621559143,vacuum_cleaner,washing_machine,chainsaw,0.3598388433456421,hand_saw,0.34091657400131226,brushing_teeth,0.29781514406204224,crying_baby,0.268593430519104,engine,0.26225072145462036,cat,0.21258637309074402,airplane,0.20732498168945312,wind,0.18574362993240356
3-152039-A-3.wav,cow,cow,True,0.6279027462005615,0.5283714532852173,0.09953129291534424,cow,sheep,pig,0.32049795985221863,rooster,0.31885725259780884,crying_baby,0.2996930480003357,crow,0.2649564743041992,hen,0.22316566109657288,chainsaw,0.21038922667503357,dog,0.20721477270126343,car_horn,0.18384505808353424
3-152039-B-3.wav,cow,cow,True,0.5677049160003662,0.43684303760528564,0.13086187839508057,cow,sheep,pig,0.31643128395080566,hen,0.2899447977542877,rooster,0.2822170555591583,car_horn,0.25448042154312134,crying_baby,0.2524365484714508,crow,0.22637604176998138,dog,0.18042795360088348,door_wood_creaks,0.17691899836063385
3-152594-A-30.wav,door_wood_knock,door_wood_knock,True,0.6799331307411194,0.4326658546924591,0.24726727604866028,door_wood_knock,door_wood_creaks,clock_tick,0.3571401834487915,rooster,0.35690176486968994,washing_machine,0.29072755575180054,clock_alarm,0.24360600113868713,hen,0.23042678833007812,clapping,0.2246583104133606,engine,0.21807095408439636,frog,0.21730056405067444
3-152912-A-26.wav,laughing,laughing,True,0.4922885298728943,0.34929507970809937,0.14299345016479492,laughing,hen,dog,0.2798274755477905,crying_baby,0.25175604224205017,rooster,0.224270761013031,cat,0.19218741357326508,cow,0.1644681692123413,helicopter,0.15832966566085815,coughing,0.15049055218696594,sneezing,0.14809057116508484
3-152997-A-26.wav,laughing,laughing,True,0.4054466784000397,0.30273014307022095,0.10271653532981873,laughing,dog,hen,0.27648085355758667,sneezing,0.18596652150154114,sheep,0.12439873069524765,cat,0.10612625628709793,can_opening,0.10289482027292252,car_horn,0.09913159906864166,coughing,0.09400518238544464,pig,0.06318879872560501
3-153057-A-43.wav,car_horn,car_horn,True,0.5172795057296753,0.2831679880619049,0.23411151766777039,car_horn,siren,clock_alarm,0.25961655378341675,hen,0.25798457860946655,cow,0.2548958957195282,church_bells,0.2515681982040405,train,0.2422906458377838,sheep,0.2340247631072998,crow,0.22317135334014893,sea_waves,0.20666471123695374
3-153444-A-32.wav,keyboard_typing,keyboard_typing,True,0.45595091581344604,0.31447094678878784,0.1414799690246582,keyboard_typing,mouse_click,airplane,0.23452924191951752,helicopter,0.1901838481426239,pouring_water,0.18453951179981232,chirping_birds,0.18110916018486023,washing_machine,0.1758124977350235,dog,0.17475351691246033,rain,0.17148065567016602,water_drops,0.15885016322135925
3-154378-A-30.wav,door_wood_knock,door_wood_knock,True,0.5887933969497681,0.39174216985702515,0.19705122709274292,door_wood_knock,door_wood_creaks,rooster,0.31032267212867737,water_drops,0.26959937810897827,clock_tick,0.2570122480392456,washing_machine,0.24527141451835632,frog,0.23410633206367493,engine,0.20336928963661194,pouring_water,0.18929484486579895,dog,0.18115870654582977
3-154439-A-17.wav,pouring_water,pouring_water,True,0.47120773792266846,0.24030566215515137,0.2309020757675171,pouring_water,water_drops,brushing_teeth,0.15524283051490784,drinking_sipping,0.11144182831048965,can_opening,0.10832701623439789,rain,0.08728013932704926,glass_breaking,0.0832323357462883,washing_machine,0.048014335334300995,toilet_flush,0.046439576894044876,dog,0.011145444586873055
3-154758-A-44.wav,engine,engine,True,0.4502190053462982,0.3845129609107971,0.0657060444355011,engine,washing_machine,helicopter,0.2864148020744324,hen,0.2775725722312927,airplane,0.2592819929122925,chainsaw,0.20418347418308258,cow,0.19595515727996826,clock_tick,0.1829904317855835,hand_saw,0.18213188648223877,laughing,0.17721432447433472
3-154781-A-32.wav,keyboard_typing,keyboard_typing,True,0.48683029413223267,0.3655473291873932,0.12128296494483948,keyboard_typing,mouse_click,pouring_water,0.23939552903175354,washing_machine,0.23898911476135254,airplane,0.23688927292823792,helicopter,0.18272751569747925,water_drops,0.179056316614151,chirping_birds,0.1562986671924591,engine,0.15529558062553406,rain,0.13169291615486145
3-154926-A-40.wav,helicopter,chainsaw,False,0.4711149334907532,0.4404257535934448,0.03068917989730835,chainsaw,rooster,helicopter,0.3501715660095215,airplane,0.3305370807647705,engine,0.3232174515724182,frog,0.2939528822898865,vacuum_cleaner,0.2920535206794739,crow,0.29035258293151855,cow,0.28760048747062683,cat,0.27211859822273254
3-154926-B-40.wav,helicopter,airplane,False,0.6047836542129517,0.49267613887786865,0.11210751533508301,airplane,helicopter,thunderstorm,0.3262311518192291,chirping_birds,0.32320570945739746,engine,0.29603344202041626,wind,0.28293442726135254,crow,0.2817000150680542,train,0.26344922184944153,clapping,0.2597486972808838,cow,0.25536155700683594
3-154957-A-1.wav,rooster,rooster,True,0.573814868927002,0.5263604521751404,0.04745441675186157,rooster,hen,cow,0.5032262206077576,crow,0.37200987339019775,frog,0.30550798773765564,crying_baby,0.26571357250213623,pig,0.2629885673522949,clock_alarm,0.2561953365802765,sheep,0.2523666024208069,chainsaw,0.23435218632221222
3-155130-A-43.wav,car_horn,car_horn,True,0.47319766879081726,0.19383031129837036,0.2793673574924469,car_horn,church_bells,door_wood_knock,0.1840868592262268,rooster,0.1752614825963974,hen,0.16901017725467682,crow,0.16437213122844696,sea_waves,0.1639346182346344,train,0.16382339596748352,airplane,0.16082143783569336,dog,0.1504397988319397
3-155234-A-43.wav,car_horn,car_horn,True,0.38113686442375183,0.1879580020904541,0.19317886233329773,car_horn,siren,clock_alarm,0.17158158123493195,church_bells,0.1634538471698761,train,0.15532484650611877,clapping,0.15427999198436737,can_opening,0.13550375401973724,mouse_click,0.1338234841823578,engine,0.1326889991760254,cow,0.1241704672574997
3-155312-A-0.wav,dog,dog,True,0.5504692196846008,0.2884388566017151,0.26203036308288574,dog,rooster,hen,0.18265299499034882,cat,0.16995179653167725,cow,0.16077423095703125,chirping_birds,0.1576036512851715,clock_alarm,0.14045646786689758,vacuum_cleaner,0.13746041059494019,car_horn,0.13174757361412048,chainsaw,0.13064494729042053
3-155556-A-31.wav,mouse_click,mouse_click,True,0.34735843539237976,0.3212306499481201,0.026127785444259644,mouse_click,chirping_birds,clock_tick,0.29613029956817627,keyboard_typing,0.2900390625,water_drops,0.2840941548347473,door_wood_knock,0.2818489074707031,insects,0.2620788812637329,door_wood_creaks,0.23790153861045837,frog,0.23763015866279602,rooster,0.23437188565731049
3-155568-A-32.wav,keyboard_typing,keyboard_typing,True,0.4576129615306854,0.34286102652549744,0.11475193500518799,keyboard_typing,mouse_click,helicopter,0.22985824942588806,washing_machine,0.22897517681121826,chirping_birds,0.22130975127220154,engine,0.20098179578781128,airplane,0.19621515274047852,pouring_water,0.19203242659568787,clapping,0.18712812662124634,clock_tick,0.18632914125919342
3-155570-A-32.wav,keyboard_typing,keyboard_typing,True,0.3706074357032776,0.30210769176483154,0.06849974393844604,keyboard_typing,mouse_click,water_drops,0.2374095469713211,airplane,0.14676901698112488,rain,0.14623171091079712,helicopter,0.13172024488449097,hand_saw,0.12968797981739044,brushing_teeth,0.10933462530374527,insects,0.10916857421398163,pouring_water,0.1066485047340393
3-155577-A-14.wav,chirping_birds,chirping_birds,True,0.36526501178741455,0.1807025671005249,0.18456244468688965,chirping_birds,hen,crow,0.1372997909784317,sea_waves,0.13018907606601715,dog,0.11869913339614868,wind,0.10883674025535583,cow,0.10834081470966339,rain,0.10034732520580292,rooster,0.08366479724645615,train,0.07980147004127502
3-155578-A-14.wav,chirping_birds,chirping_birds,True,0.30153241753578186,0.29885056614875793,0.0026818513870239258,chirping_birds,crow,hen,0.2043338119983673,cow,0.14854182302951813,pig,0.13756239414215088,dog,0.10840655863285065,church_bells,0.10779938101768494,frog,0.10297951102256775,can_opening,0.09184011816978455,sheep,0.07610303908586502
3-155579-A-14.wav,chirping_birds,chirping_birds,True,0.3867463171482086,0.18578022718429565,0.20096608996391296,chirping_birds,hen,frog,0.1402529776096344,crow,0.13991600275039673,airplane,0.11106584966182709,rooster,0.10135709494352341,chainsaw,0.10027863830327988,insects,0.07746998965740204,rain,0.07549567520618439,cow,0.06905421614646912
3-155583-A-14.wav,chirping_birds,chirping_birds,True,0.42174848914146423,0.29878008365631104,0.1229684054851532,chirping_birds,hen,crow,0.2809169292449951,pig,0.27306288480758667,cow,0.2543197274208069,airplane,0.250888466835022,dog,0.22618991136550903,train,0.21663177013397217,rooster,0.1992228776216507,sheep,0.19217738509178162
3-155584-A-14.wav,chirping_birds,chirping_birds,True,0.4926612377166748,0.3237103819847107,0.1689508557319641,chirping_birds,crow,airplane,0.287110835313797,dog,0.2694627046585083,wind,0.24746093153953552,thunderstorm,0.22740787267684937,hen,0.21990671753883362,train,0.21211105585098267,insects,0.20922809839248657,church_bells,0.1972343623638153
3-155642-A-11.wav,sea_waves,sea_waves,True,0.3605134189128876,0.2858251929283142,0.07468822598457336,sea_waves,wind,thunderstorm,0.19076542556285858,train,0.12167471647262573,crackling_fire,0.11291854083538055,coughing,0.1022818386554718,airplane,0.08974500745534897,engine,0.08871293067932129,rain,0.08330564200878143,dog,0.07037947326898575
3-155642-B-11.wav,sea_waves,sea_waves,True,0.4868347644805908,0.2583279609680176,0.22850680351257324,sea_waves,thunderstorm,wind,0.2484743893146515,coughing,0.13687105476856232,pouring_water,0.135335773229599,glass_breaking,0.11393195390701294,crackling_fire,0.0955277681350708,crying_baby,0.09073536098003387,toilet_flush,0.0902962014079094,train,0.08928969502449036
3-155659-A-34.wav,can_opening,can_opening,True,0.5536215305328369,0.19545067846775055,0.35817085206508636,can_opening,pouring_water,brushing_teeth,0.18881650269031525,vacuum_cleaner,0.18497608602046967,drinking_sipping,0.16272522509098053,washing_machine,0.1568114459514618,water_drops,0.15587621927261353,crackling_fire,0.13231737911701202,cat,0.10618261992931366,frog,0.07375568896532059
3-155766-A-13.wav,crickets,crickets,True,0.5717844367027283,0.504565417766571,0.06721901893615723,crickets,frog,insects,0.4879527986049652,chirping_birds,0.33181488513946533,wind,0.2956286072731018,train,0.2673572897911072,engine,0.22764192521572113,helicopter,0.2263719141483307,hen,0.22454583644866943,crow,0.21437714993953705
3-156391-A-35.wav,washing_machine,washing_machine,True,0.4958958029747009,0.41759008169174194,0.07830572128295898,washing_machine,engine,helicopter,0.36815446615219116,vacuum_cleaner,0.34840014576911926,airplane,0.3285195231437683,toilet_flush,0.2176191508769989,insects,0.21415847539901733,water_drops,0.17090216279029846,crickets,0.17014028131961823,dog,0.16403955221176147
3-156393-A-35.wav,washing_machine,helicopter,False,0.49170514941215515,0.4271032214164734,0.06460192799568176,helicopter,washing_machine,engine,0.4188019633293152,airplane,0.35378581285476685,vacuum_cleaner,0.1999213993549347,train,0.1335025131702423,insects,0.11586708575487137,dog,0.1118173599243164,water_drops,0.11045629531145096,hen,0.10969319939613342
3-156558-A-21.wav,sneezing,sneezing,True,0.3055632710456848,0.2227187305688858,0.08284454047679901,sneezing,laughing,coughing,0.19637036323547363,breathing,0.185340017080307,rooster,0.13040292263031006,sea_waves,0.12774349749088287,crow,0.11052076518535614,cow,0.0940546914935112,church_bells,0.07613065838813782,drinking_sipping,0.07487746328115463
3-156581-A-14.wav,chirping_birds,chirping_birds,True,0.31519487500190735,0.17193922400474548,0.14325565099716187,chirping_birds,crow,hen,0.10418644547462463,insects,0.10273511707782745,frog,0.09843724966049194,church_bells,0.06825319677591324,crickets,0.05490380898118019,chainsaw,0.04881412535905838,cow,0.04456476494669914,rain,0.0415533110499382
3-156581-B-14.wav,chirping_birds,chirping_birds,True,0.3332740068435669,0.19810840487480164,0.13516560196876526,chirping_birds,crow,chainsaw,0.11534307897090912,hen,0.1068284660577774,frog,0.09548525512218475,insects,0.08742997795343399,airplane,0.07755342125892639,rooster,0.06803712993860245,church_bells,0.0654255673289299,cow,0.05762556195259094
3-156907-A-15.wav,water_drops,water_drops,True,0.3217906057834625,0.22081208229064941,0.10097852349281311,water_drops,door_wood_knock,sea_waves,0.2184755504131317,frog,0.21040138602256775,washing_machine,0.20611247420310974,pouring_water,0.1790202558040619,can_opening,0.16252660751342773,rain,0.16215503215789795,cat,0.1505458801984787,clapping,0.13538758456707
3-157149-A-10.wav,rain,rain,True,0.4125218987464905,0.2941470742225647,0.11837482452392578,rain,crackling_fire,thunderstorm,0.18023377656936646,hen,0.1588759869337082,pouring_water,0.1482318490743637,wind,0.14772483706474304,engine,0.13473019003868103,vacuum_cleaner,0.12683303654193878,toilet_flush,0.11875557899475098,water_drops,0.10515022277832031
3-157187-A-12.wav,crackling_fire,crackling_fire,True,0.5844230055809021,0.3153836131095886,0.2690393924713135,crackling_fire,water_drops,rain,0.313379168510437,keyboard_typing,0.2636926770210266,wind,0.2578454613685608,mouse_click,0.253425657749176,insects,0.23682619631290436,can_opening,0.23468436300754547,thunderstorm,0.22080771625041962,footsteps,0.21503983438014984
3-157487-A-10.wav,rain,rain,True,0.4834080636501312,0.3671363890171051,0.11627167463302612,rain,crackling_fire,engine,0.33516836166381836,thunderstorm,0.24839049577713013,pouring_water,0.2080044001340866,washing_machine,0.17370769381523132,water_drops,0.1679534763097763,airplane,0.1480495035648346,wind,0.1458699107170105,train,0.12611523270606995
3-157492-A-45.wav,train,train,True,0.400459885597229,0.22721803188323975,0.17324185371398926,train,coughing,door_wood_knock,0.18716150522232056,washing_machine,0.16996848583221436,engine,0.1573580503463745,hen,0.1278477907180786,can_opening,0.0940004512667656,car_horn,0.08407960832118988,door_wood_creaks,0.07386332005262375,sneezing,0.07325650006532669
3-157615-A-10.wav,rain,rain,True,0.49427205324172974,0.2777235805988312,0.21654847264289856,rain,thunderstorm,engine,0.2139359414577484,chainsaw,0.17656543850898743,toilet_flush,0.1725778728723526,vacuum_cleaner,0.1663195639848709,pouring_water,0.159397691488266,crackling_fire,0.15406624972820282,brushing_teeth,0.1534578502178192,hen,0.15235328674316406
3-157695-A-0.wav,dog,dog,True,0.5581468343734741,0.37465184926986694,0.18349498510360718,dog,hen,rooster,0.3225279152393341,laughing,0.3048311471939087,cow,0.22046412527561188,car_horn,0.21208012104034424,clock_alarm,0.20211486518383026,door_wood_knock,0.19533869624137878,pig,0.17776323854923248,crow,0.17702452838420868
3-158056-A-31.wav,mouse_click,mouse_click,True,0.36937621235847473,0.25881364941596985,0.11056256294250488,mouse_click,keyboard_typing,can_opening,0.22855199873447418,water_drops,0.204274982213974,chirping_birds,0.1744261234998703,clock_tick,0.12989479303359985,crackling_fire,0.12850837409496307,insects,0.11476272344589233,rain,0.1110771894454956,airplane,0.09231829643249512
3-158056-B-31.wav,mouse_click,mouse_click,True,0.36882346868515015,0.255366712808609,0.11345675587654114,mouse_click,water_drops,keyboard_typing,0.25263285636901855,clock_tick,0.2249550223350525,can_opening,0.20618993043899536,chirping_birds,0.19850528240203857,insects,0.13645119965076447,crackling_fire,0.13431040942668915,wind,0.13279882073402405,frog,0.12529078125953674
3-158476-A-12.wav,crackling_fire,crackling_fire,True,0.5701966881752014,0.33039215207099915,0.23980453610420227,crackling_fire,can_opening,fireworks,0.28561899065971375,water_drops,0.2434835284948349,glass_breaking,0.2107430100440979,footsteps,0.17331606149673462,wind,0.1689433604478836,rain,0.16473078727722168,crickets,0.15103121101856232,hen,0.12808305025100708
3-159346-A-36.wav,vacuum_cleaner,vacuum_cleaner,True,0.4338269829750061,0.3065168857574463,0.12731009721755981,vacuum_cleaner,engine,washing_machine,0.28140270709991455,airplane,0.2781829237937927,toilet_flush,0.21098995208740234,crackling_fire,0.21006470918655396,wind,0.20715059340000153,dog,0.17513982951641083,helicopter,0.1693003624677658,train,0.1660843938589096
3-159346-B-36.wav,vacuum_cleaner,vacuum_cleaner,True,0.4464031755924225,0.3125555217266083,0.1338476538658142,vacuum_cleaner,hand_saw,washing_machine,0.25971370935440063,engine,0.24181385338306427,crying_baby,0.23911485075950623,brushing_teeth,0.23902548849582672,chainsaw,0.2209283411502838,toilet_flush,0.21682524681091309,wind,0.20686358213424683,dog,0.20033839344978333
3-159347-A-36.wav,vacuum_cleaner,hand_saw,False,0.3823244869709015,0.3544330298900604,0.027891457080841064,hand_saw,vacuum_cleaner,brushing_teeth,0.33595943450927734,washing_machine,0.3015277683734894,crackling_fire,0.2311735451221466,crying_baby,0.2212388813495636,chainsaw,0.21956554055213928,toilet_flush,0.21823319792747498,engine,0.21710306406021118,wind,0.2101495862007141
3-159347-B-36.wav,vacuum_cleaner,vacuum_cleaner,True,0.5226975679397583,0.2518593668937683,0.27083820104599,vacuum_cleaner,washing_machine,engine,0.24125462770462036,hand_saw,0.19855165481567383,siren,0.18873953819274902,chainsaw,0.17576462030410767,wind,0.16883401572704315,airplane,0.15985026955604553,crying_baby,0.14561472833156586,sea_waves,0.12758365273475647
3-159348-A-36.wav,vacuum_cleaner,vacuum_cleaner,True,0.6415324807167053,0.3516157269477844,0.2899167537689209,vacuum_cleaner,washing_machine,airplane,0.3131938576698303,hand_saw,0.2898891568183899,engine,0.2567411959171295,toilet_flush,0.19352567195892334,train,0.1905893236398697,helicopter,0.18751634657382965,wind,0.18183712661266327,chainsaw,0.17896053194999695
3-159445-A-45.wav,train,train,True,0.5519251823425293,0.27127134799957275,0.28065383434295654,train,wind,airplane,0.25842782855033875,hand_saw,0.20528599619865417,thunderstorm,0.1995205134153366,engine,0.19757243990898132,vacuum_cleaner,0.15850830078125,chirping_birds,0.15542273223400116,rooster,0.15221045911312103,fireworks,0.1381549835205078
3-159445-B-45.wav,train,train,True,0.5994199514389038,0.30703169107437134,0.29238826036453247,train,airplane,engine,0.2327072024345398,wind,0.2104978859424591,helicopter,0.2000029981136322,chirping_birds,0.16386689245700836,fireworks,0.16225214302539825,thunderstorm,0.15681540966033936,breathing,0.11955389380455017,hand_saw,0.11795712262392044
3-160119-A-15.wav,water_drops,water_drops,True,0.3947925269603729,0.369698703289032,0.025093823671340942,water_drops,pouring_water,can_opening,0.23760852217674255,toilet_flush,0.14283965528011322,sea_waves,0.09542391449213028,frog,0.09070698171854019,rain,0.06841839849948883,engine,0.04957690089941025,washing_machine,0.03571870177984238,brushing_teeth,0.03196083754301071
3-160993-A-3.wav,cow,cow,True,0.6208012104034424,0.46971145272254944,0.15108975768089294,cow,sheep,rooster,0.3812022805213928,pig,0.3011482357978821,dog,0.27398473024368286,crying_baby,0.26769042015075684,chainsaw,0.2576383352279663,hen,0.2398068606853485,hand_saw,0.23025530576705933,brushing_teeth,0.19235067069530487
3-161010-A-43.wav,car_horn,car_horn,True,0.32950884103775024,0.2366494983434677,0.09285934269428253,car_horn,church_bells,engine,0.20713987946510315,cow,0.1966286301612854,train,0.17561911046504974,rain,0.16919730603694916,glass_breaking,0.16832304000854492,sheep,0.1435747593641281,clock_tick,0.12989787757396698,hen,0.12946057319641113
3-161500-A-17.wav,pouring_water,pouring_water,True,0.4020397961139679,0.3942844569683075,0.0077553391456604,pouring_water,brushing_teeth,drinking_sipping,0.20418064296245575,rain,0.14718884229660034,can_opening,0.14610175788402557,hand_saw,0.1388784795999527,toilet_flush,0.09983738511800766,snoring,0.09051442891359329,chainsaw,0.08850611001253128,water_drops,0.08658695220947266
3-162786-A-13.wav,crickets,crickets,True,0.4960434138774872,0.39479154348373413,0.10125187039375305,crickets,insects,frog,0.37425127625465393,car_horn,0.2519245147705078,cow,0.24067988991737366,sheep,0.22642922401428223,hen,0.2169613242149353,chirping_birds,0.19970321655273438,clock_tick,0.1709061563014984,water_drops,0.1533072292804718
3-163288-A-1.wav,rooster,rooster,True,0.590808093547821,0.550495982170105,0.040312111377716064,rooster,hen,cow,0.4637739956378937,crow,0.41178449988365173,dog,0.3431210517883301,frog,0.278703510761261,crying_baby,0.2782498002052307,sheep,0.2741395831108093,chirping_birds,0.23098085820674896,pig,0.23005136847496033
3-163459-A-0.wav,dog,dog,True,0.5461616516113281,0.41585007309913635,0.13031157851219177,dog,rooster,crow,0.35309702157974243,hen,0.3181154429912567,frog,0.3043476939201355,cat,0.29826271533966064,cow,0.24779891967773438,chirping_birds,0.21726974844932556,insects,0.21236483752727509,train,0.2008427083492279
3-163607-A-13.wav,crickets,wind,False,0.37353450059890747,0.34237390756607056,0.031160593032836914,wind,insects,crickets,0.33358195424079895,train,0.290450781583786,helicopter,0.2614712119102478,airplane,0.2552574872970581,sea_waves,0.22803273797035217,engine,0.2160331904888153,chirping_birds,0.17890533804893494,clock_tick,0.15521277487277985
3-163607-B-13.wav,crickets,insects,False,0.45109355449676514,0.4298957884311676,0.021197766065597534,insects,crickets,wind,0.31539487838745117,helicopter,0.29905515909194946,crackling_fire,0.2499440610408783,fireworks,0.24083903431892395,airplane,0.23484358191490173,train,0.19185099005699158,engine,0.18854600191116333,chirping_birds,0.18058840930461884
3-163727-A-3.wav,cow,cow,True,0.6612392067909241,0.4362108111381531,0.225028395652771,cow,rooster,sheep,0.4045758843421936,pig,0.359912246465683,crickets,0.29721322655677795,hen,0.2939484715461731,insects,0.28817564249038696,crow,0.2635602355003357,crying_baby,0.2101137787103653,frog,0.2082735002040863
3-164120-A-11.wav,sea_waves,sea_waves,True,0.3948177993297577,0.1213027611374855,0.2735150381922722,sea_waves,wind,train,0.1158122792840004,dog,0.09531863033771515,thunderstorm,0.07578268647193909,pouring_water,0.06190531700849533,vacuum_cleaner,0.054613981395959854,airplane,0.052503641694784164,hand_saw,0.045279696583747864,engine,0.04171707481145859
3-164216-A-6.wav,hen,hen,True,0.6530055999755859,0.4382500648498535,0.21475553512573242,hen,rooster,cow,0.40038228034973145,frog,0.31124863028526306,pig,0.27110329270362854,sheep,0.26626700162887573,clock_alarm,0.2592630386352539,dog,0.24819621443748474,chirping_birds,0.23820975422859192,crow,0.22354263067245483
3-164216-B-6.wav,hen,hen,True,0.6613007187843323,0.4346856474876404,0.2266150712966919,hen,cow,rooster,0.43182846903800964,frog,0.31942737102508545,sheep,0.31816133856773376,dog,0.30086004734039307,crow,0.2610158920288086,pig,0.25131604075431824,chirping_birds,0.24595126509666443,car_horn,0.2205745279788971
3-164216-C-6.wav,hen,hen,True,0.6681258678436279,0.4094153642654419,0.25871050357818604,hen,rooster,cow,0.4087600111961365,sheep,0.29216545820236206,dog,0.28984957933425903,chirping_birds,0.2771183252334595,pig,0.2676171064376831,frog,0.2667917311191559,crow,0.25436291098594666,clock_alarm,0.17564141750335693
3-164592-A-15.wav,water_drops,pouring_water,False,0.34668952226638794,0.29772621393203735,0.048963308334350586,pouring_water,water_drops,sea_waves,0.17741544544696808,can_opening,0.12974202632904053,toilet_flush,0.09183114022016525,engine,0.08487820625305176,frog,0.07167133688926697,washing_machine,0.03407285362482071,rain,0.03203557804226875,dog,0.02241816744208336
3-164593-A-15.wav,water_drops,water_drops,True,0.3830011487007141,0.3767222762107849,0.006278872489929199,water_drops,pouring_water,can_opening,0.2487119734287262,sea_waves,0.14734503626823425,toilet_flush,0.0779612809419632,footsteps,0.061004381626844406,frog,0.049479126930236816,engine,0.04870802164077759,drinking_sipping,0.027237659320235252,door_wood_knock,-0.012535208836197853
3-164594-A-15.wav,water_drops,water_drops,True,0.3484163284301758,0.34468477964401245,0.00373154878616333,water_drops,pouring_water,sea_waves,0.17597399652004242,can_opening,0.17297837138175964,frog,0.13618692755699158,toilet_flush,0.09135404974222183,crow,0.08396890759468079,cat,0.06381899118423462,dog,0.03906413912773132,washing_machine,0.02947280742228031
3-164595-A-15.wav,water_drops,pouring_water,False,0.378938764333725,0.3570871353149414,0.02185162901878357,pouring_water,sea_waves,water_drops,0.27758151292800903,washing_machine,0.15112489461898804,frog,0.14112280309200287,wind,0.14030241966247559,dog,0.13413535058498383,cat,0.1287836879491806,toilet_flush,0.12302730232477188,brushing_teeth,0.11593014746904373
3-164630-A-11.wav,sea_waves,sea_waves,True,0.28803324699401855,0.1758071780204773,0.11222606897354126,sea_waves,pouring_water,engine,0.16476327180862427,dog,0.12137128412723541,helicopter,0.11326071619987488,train,0.09816744178533554,brushing_teeth,0.08711591362953186,chirping_birds,0.08671189844608307,hen,0.08051414787769318,washing_machine,0.07744517922401428
3-164688-A-38.wav,clock_tick,clock_tick,True,0.45494645833969116,0.4335131347179413,0.021433323621749878,clock_tick,clock_alarm,hen,0.3091147840023041,door_wood_knock,0.24053236842155457,car_horn,0.22352780401706696,rooster,0.19912980496883392,helicopter,0.18745020031929016,engine,0.17867614328861237,fireworks,0.16044881939888,church_bells,0.15147310495376587
3-165856-A-41.wav,chainsaw,chainsaw,True,0.63731849193573,0.4565727710723877,0.18074572086334229,chainsaw,hand_saw,vacuum_cleaner,0.4021749496459961,cow,0.35093700885772705,crying_baby,0.2930472493171692,crow,0.28355297446250916,sheep,0.2829562723636627,brushing_teeth,0.20517772436141968,cat,0.205128014087677,wind,0.204626202583313
3-166125-A-23.wav,breathing,breathing,True,0.5824683904647827,0.37601467967033386,0.20645371079444885,breathing,laughing,coughing,0.3244094252586365,sneezing,0.31436407566070557,drinking_sipping,0.2985406517982483,snoring,0.20780786871910095,dog,0.19318851828575134,pig,0.18625681102275848,hen,0.182854562997818,fireworks,0.17745861411094666
3-166125-B-23.wav,breathing,breathing,True,0.511232316493988,0.373670756816864,0.13756155967712402,breathing,drinking_sipping,sneezing,0.37277230620384216,laughing,0.2730167508125305,snoring,0.26675689220428467,coughing,0.21459004282951355,can_opening,0.1533086597919464,cow,0.1490073949098587,pig,0.14391829073429108,wind,0.1406993567943573
3-166324-A-15.wav,water_drops,clock_tick,False,0.34705084562301636,0.2880806624889374,0.05897018313407898,clock_tick,water_drops,frog,0.27267491817474365,can_opening,0.26293352246284485,cow,0.2169894278049469,hen,0.19061756134033203,insects,0.1849924772977829,pig,0.17031720280647278,crickets,0.15532734990119934,washing_machine,0.14714747667312622
3-166326-A-15.wav,water_drops,water_drops,True,0.3587663173675537,0.2896875739097595,0.06907874345779419,water_drops,frog,pouring_water,0.2804068326950073,toilet_flush,0.25279998779296875,brushing_teeth,0.1894865483045578,crying_baby,0.15314608812332153,clock_alarm,0.15233482420444489,hen,0.15177875757217407,clock_tick,0.14110490679740906,door_wood_creaks,0.12242506444454193
3-166422-A-11.wav,sea_waves,sea_waves,True,0.504818320274353,0.20901013910770416,0.29580818116664886,sea_waves,thunderstorm,wind,0.1604490876197815,rain,0.15891340374946594,train,0.13680243492126465,toilet_flush,0.1342611014842987,pouring_water,0.1297992765903473,crying_baby,0.12371505796909332,vacuum_cleaner,0.09399592876434326,dog,0.08532284200191498
3-166546-A-34.wav,can_opening,can_opening,True,0.7084986567497253,0.21717239916324615,0.4913262575864792,can_opening,pouring_water,drinking_sipping,0.1863018274307251,water_drops,0.14095604419708252,brushing_teeth,0.1158134788274765,crackling_fire,0.09320811927318573,glass_breaking,0.050596099346876144,toilet_flush,0.036662135273218155,pig,0.026627501472830772,coughing,0.02259959653019905
3-166546-B-34.wav,can_opening,can_opening,True,0.6967717409133911,0.2236476093530655,0.4731241315603256,can_opening,drinking_sipping,pouring_water,0.14683349430561066,pig,0.14306917786598206,dog,0.12410160154104233,crackling_fire,0.11707118153572083,sneezing,0.11193311214447021,water_drops,0.10320132970809937,brushing_teeth,0.10268288105726242,crow,0.09968993067741394
3-167096-A-31.wav,mouse_click,mouse_click,True,0.45555126667022705,0.33565157651901245,0.1198996901512146,mouse_click,keyboard_typing,water_drops,0.2857078015804291,can_opening,0.23258298635482788,clock_tick,0.1855868697166443,insects,0.1840021163225174,chirping_birds,0.18010693788528442,brushing_teeth,0.17426371574401855,dog,0.16400016844272614,crickets,0.16234292089939117
3-169907-A-29.wav,drinking_sipping,drinking_sipping,True,0.4608018696308136,0.37821486592292786,0.08258700370788574,drinking_sipping,pig,can_opening,0.28717389702796936,sheep,0.23862308263778687,brushing_teeth,0.22728568315505981,sneezing,0.17068257927894592,cow,0.16216281056404114,coughing,0.15768878161907196,dog,0.13138684630393982,breathing,0.12722685933113098
3-170002-A-34.wav,can_opening,can_opening,True,0.5928759574890137,0.15038280189037323,0.44249315559864044,can_opening,drinking_sipping,vacuum_cleaner,0.12270170450210571,crackling_fire,0.12003546953201294,brushing_teeth,0.11727599054574966,pouring_water,0.09465974569320679,sea_waves,0.08522860705852509,washing_machine,0.07243045419454575,dog,0.06938193738460541,sneezing,0.0680060088634491
3-170015-A-0.wav,dog,dog,True,0.5054692029953003,0.20426557958126068,0.3012036234140396,dog,rooster,cow,0.178144633769989,hen,0.17229852080345154,cat,0.15431851148605347,mouse_click,0.15009747445583344,door_wood_knock,0.14645802974700928,can_opening,0.138606995344162,vacuum_cleaner,0.12433582544326782,train,0.10914842784404755
3-170312-A-31.wav,mouse_click,mouse_click,True,0.3744601905345917,0.2936830520629883,0.0807771384716034,mouse_click,keyboard_typing,chainsaw,0.23923996090888977,wind,0.23139458894729614,can_opening,0.2224692553281784,chirping_birds,0.19946199655532837,insects,0.18195050954818726,washing_machine,0.17350506782531738,airplane,0.1645582914352417,rain,0.15887019038200378
3-170377-A-38.wav,clock_tick,clock_tick,True,0.5029409527778625,0.3638140559196472,0.13912689685821533,clock_tick,clock_alarm,hen,0.31569722294807434,cow,0.23482206463813782,rooster,0.2179088443517685,car_horn,0.18049392104148865,frog,0.16426247358322144,crow,0.16229937970638275,door_wood_knock,0.1502317488193512,crickets,0.14705616235733032
3-170383-A-38.wav,clock_tick,clock_tick,True,0.4596913456916809,0.3897278904914856,0.06996345520019531,clock_tick,clock_alarm,hen,0.3545442819595337,car_horn,0.269895076751709,cow,0.2658523917198181,washing_machine,0.23204194009304047,water_drops,0.22618432343006134,door_wood_knock,0.2153785228729248,fireworks,0.21410813927650452,sheep,0.2103387713432312
3-170574-A-30.wav,door_wood_knock,door_wood_knock,True,0.657355010509491,0.382726788520813,0.274628221988678,door_wood_knock,door_wood_creaks,clapping,0.34813159704208374,water_drops,0.29454484581947327,frog,0.28031420707702637,clock_tick,0.2791684865951538,sea_waves,0.2750668227672577,rooster,0.25068461894989014,washing_machine,0.24521401524543762,clock_alarm,0.2362511307001114
3-170851-A-31.wav,mouse_click,door_wood_creaks,False,0.2493884116411209,0.21271653473377228,0.03667187690734863,door_wood_creaks,chainsaw,clapping,0.20911818742752075,hand_saw,0.2052195966243744,brushing_teeth,0.1958799660205841,snoring,0.19470317661762238,can_opening,0.17892876267433167,mouse_click,0.14966043829917908,airplane,0.1336159110069275,frog,0.12532851099967957
3-171012-A-38.wav,clock_tick,clock_tick,True,0.488564670085907,0.33392107486724854,0.15464359521865845,clock_tick,clock_alarm,hen,0.25989973545074463,door_wood_knock,0.19415324926376343,rooster,0.18088889122009277,helicopter,0.17536383867263794,chirping_birds,0.1697966456413269,fireworks,0.16696855425834656,crickets,0.1641421914100647,hand_saw,0.16333667933940887
3-171041-A-38.wav,clock_tick,clock_tick,True,0.37200111150741577,0.2934184670448303,0.07858264446258545,clock_tick,clock_alarm,washing_machine,0.25515908002853394,engine,0.237951397895813,hen,0.22694076597690582,helicopter,0.17384855449199677,door_wood_knock,0.12722346186637878,pig,0.12382683157920837,mouse_click,0.10865138471126556,car_horn,0.10348784178495407
3-171281-A-6.wav,hen,hen,True,0.5600702166557312,0.4347359538078308,0.1253342628479004,hen,crow,cow,0.39112389087677,sheep,0.33260393142700195,rooster,0.3042755424976349,pig,0.29376912117004395,chirping_birds,0.26006174087524414,crying_baby,0.24401545524597168,frog,0.22931650280952454,cat,0.20855861902236938
3-171937-A-34.wav,can_opening,can_opening,True,0.5453200340270996,0.19121050834655762,0.354109525680542,can_opening,drinking_sipping,brushing_teeth,0.17489679157733917,pouring_water,0.13638581335544586,vacuum_cleaner,0.11198291182518005,sneezing,0.10098573565483093,water_drops,0.08552797883749008,snoring,0.08394786715507507,rain,0.07440344989299774,pig,0.07308317720890045
3-172179-A-31.wav,mouse_click,mouse_click,True,0.368712842464447,0.3254437744617462,0.043269068002700806,mouse_click,keyboard_typing,water_drops,0.3225780129432678,frog,0.2275673747062683,clock_tick,0.19928663969039917,rain,0.19702652096748352,door_wood_knock,0.17975397408008575,can_opening,0.17653316259384155,insects,0.16094599664211273,chirping_birds,0.1588318943977356
3-172881-A-48.wav,fireworks,fireworks,True,0.5651063919067383,0.2021004557609558,0.36300593614578247,fireworks,crackling_fire,helicopter,0.1776423156261444,church_bells,0.15457783639431,laughing,0.1507965326309204,hen,0.1495233029127121,crickets,0.1355115920305252,clock_alarm,0.12729622423648834,thunderstorm,0.10622932016849518,crow,0.09139841794967651
3-172922-A-48.wav,fireworks,fireworks,True,0.5040412545204163,0.20985162258148193,0.2941896319389343,fireworks,helicopter,crackling_fire,0.16890104115009308,thunderstorm,0.15981286764144897,airplane,0.15166176855564117,hen,0.13959935307502747,church_bells,0.1191258504986763,train,0.11559388041496277,crow,0.11416836827993393,footsteps,0.107805535197258
3-174840-A-43.wav,car_horn,car_horn,True,0.47371649742126465,0.3313964009284973,0.14232009649276733,car_horn,clock_alarm,siren,0.26487624645233154,church_bells,0.20063385367393494,hen,0.1955936998128891,cow,0.1818731725215912,frog,0.17444737255573273,rooster,0.1488744169473648,sheep,0.13929933309555054,sea_waves,0.12117309868335724
3-174866-A-29.wav,drinking_sipping,drinking_sipping,True,0.4002627730369568,0.31165438890457153,0.08860838413238525,drinking_sipping,footsteps,pouring_water,0.27368295192718506,dog,0.2723277807235718,pig,0.259144127368927,crackling_fire,0.22740821540355682,water_drops,0.22110936045646667,clock_tick,0.21656833589076996,can_opening,0.20090538263320923,washing_machine,0.19807782769203186
3-177082-A-22.wav,clapping,clapping,True,0.4958364963531494,0.21426048874855042,0.281576007604599,clapping,laughing,cat,0.1463213860988617,siren,0.12678182125091553,crying_baby,0.12186778336763382,sea_waves,0.08796005696058273,hen,0.07790002971887589,rooster,0.0770605206489563,clock_tick,0.06850668787956238,door_wood_creaks,0.06313279271125793
3-177083-A-22.wav,clapping,clapping,True,0.49819353222846985,0.17884373664855957,0.3193497955799103,clapping,laughing,siren,0.1472179889678955,rooster,0.14448128640651703,cat,0.1411157101392746,door_wood_creaks,0.13746598362922668,door_wood_knock,0.10110559314489365,crow,0.08801998198032379,sea_waves,0.08702528476715088,crying_baby,0.08202037960290909
3-178096-A-6.wav,hen,hen,True,0.5262084007263184,0.4471854567527771,0.07902294397354126,hen,dog,rooster,0.4320288896560669,crow,0.41561421751976013,crying_baby,0.38858187198638916,laughing,0.386613667011261,cow,0.3863309919834137,pig,0.3852970600128174,cat,0.3022446632385254,sheep,0.296076238155365
3-180147-A-30.wav,door_wood_knock,door_wood_knock,True,0.45547783374786377,0.35468775033950806,0.10079008340835571,door_wood_knock,door_wood_creaks,washing_machine,0.19696122407913208,engine,0.16723164916038513,hen,0.15301135182380676,clock_tick,0.13842901587486267,footsteps,0.1324939727783203,helicopter,0.12789736688137054,rooster,0.1268567591905594,water_drops,0.12651684880256653
3-180256-A-0.wav,dog,dog,True,0.5194553136825562,0.4145304560661316,0.10492485761642456,dog,rooster,cow,0.33103182911872864,hen,0.31520017981529236,crow,0.3149995803833008,laughing,0.2474379539489746,car_horn,0.2415454238653183,chirping_birds,0.22446390986442566,cat,0.2063550353050232,sheep,0.20408260822296143
3-180977-A-0.wav,dog,dog,True,0.5459141135215759,0.2728186547756195,0.2730954587459564,dog,rooster,train,0.16543862223625183,hen,0.162815123796463,laughing,0.14935819804668427,cow,0.1386355757713318,chirping_birds,0.1164308488368988,breathing,0.1155468076467514,fireworks,0.11477863043546677,vacuum_cleaner,0.10956145823001862
3-181132-A-14.wav,chirping_birds,chirping_birds,True,0.5917799472808838,0.2673528790473938,0.32442706823349,chirping_birds,crow,airplane,0.26473650336265564,dog,0.26212677359580994,insects,0.2589181959629059,train,0.224469393491745,hen,0.19339914619922638,frog,0.17496788501739502,rooster,0.1725093424320221,helicopter,0.1719808131456375
3-181278-A-22.wav,clapping,clapping,True,0.40663909912109375,0.17934632301330566,0.22729277610778809,clapping,laughing,cat,0.10072056204080582,door_wood_creaks,0.07213754951953888,hen,0.05491159111261368,cow,0.040013208985328674,crying_baby,0.034768979996442795,crow,0.03466666862368584,brushing_teeth,0.030858522281050682,can_opening,0.030189959332346916
3-182023-A-30.wav,door_wood_knock,door_wood_knock,True,0.6689858436584473,0.5148826837539673,0.15410315990447998,door_wood_knock,door_wood_creaks,rooster,0.3762246370315552,frog,0.3272984027862549,clock_tick,0.32284265756607056,clock_alarm,0.21046380698680878,hen,0.20468458533287048,washing_machine,0.20365959405899048,engine,0.19924388825893402,dog,0.19676156342029572
3-182025-A-30.wav,door_wood_knock,door_wood_knock,True,0.6718689799308777,0.564348578453064,0.10752040147781372,door_wood_knock,door_wood_creaks,rooster,0.43343040347099304,frog,0.3743152618408203,clock_tick,0.3220544457435608,helicopter,0.22968722879886627,clock_alarm,0.22273558378219604,dog,0.20897750556468964,engine,0.20793849229812622,cat,0.2052035927772522
3-182710-A-35.wav,washing_machine,washing_machine,True,0.5319366455078125,0.36361753940582275,0.16831910610198975,washing_machine,engine,hand_saw,0.29269343614578247,vacuum_cleaner,0.2649894654750824,brushing_teeth,0.26279300451278687,toilet_flush,0.24526144564151764,rooster,0.2034403383731842,rain,0.14953111112117767,airplane,0.1386992335319519,thunderstorm,0.13816191256046295
3-182710-B-35.wav,washing_machine,washing_machine,True,0.4547327756881714,0.3859739601612091,0.06875881552696228,washing_machine,vacuum_cleaner,hand_saw,0.26567941904067993,brushing_teeth,0.21509310603141785,chainsaw,0.21258902549743652,door_wood_creaks,0.20346972346305847,engine,0.19177037477493286,toilet_flush,0.16541360318660736,rooster,0.1576305627822876,rain,0.150218203663826
3-185313-A-31.wav,mouse_click,mouse_click,True,0.377571702003479,0.359516978263855,0.018054723739624023,mouse_click,keyboard_typing,washing_machine,0.27270594239234924,airplane,0.23655658960342407,breathing,0.23182299733161926,vacuum_cleaner,0.17147879302501678,clock_tick,0.17127008736133575,wind,0.1678868532180786,engine,0.16778230667114258,water_drops,0.1643320471048355
3-185456-A-29.wav,drinking_sipping,drinking_sipping,True,0.6162431836128235,0.36552292108535767,0.2507202625274658,drinking_sipping,pouring_water,brushing_teeth,0.3274279236793518,breathing,0.27299240231513977,pig,0.268381804227829,can_opening,0.2673461437225342,coughing,0.2475023865699768,sneezing,0.22902369499206543,snoring,0.22655266523361206,washing_machine,0.16869069635868073
3-187549-A-6.wav,hen,hen,True,0.5592972636222839,0.411824107170105,0.14747315645217896,hen,rooster,cow,0.3555724322795868,chirping_birds,0.2962537109851837,crow,0.2812672555446625,thunderstorm,0.22293949127197266,pig,0.20817424356937408,sheep,0.1925937682390213,frog,0.17329655587673187,dog,0.17221085727214813
3-187549-B-6.wav,hen,hen,True,0.654706597328186,0.44776299595832825,0.2069436013698578,hen,rooster,cow,0.40940144658088684,crow,0.31236910820007324,pig,0.3115369975566864,frog,0.3078186511993408,chirping_birds,0.24196210503578186,sheep,0.23961418867111206,clock_alarm,0.23172304034233093,dog,0.2112877368927002
3-187710-A-11.wav,sea_waves,sea_waves,True,0.6171649694442749,0.29624879360198975,0.32091617584228516,sea_waves,wind,thunderstorm,0.20950628817081451,train,0.18742913007736206,pouring_water,0.12507927417755127,crow,0.11612503230571747,rooster,0.1157357394695282,clapping,0.09959961473941803,chirping_birds,0.09426704794168472,airplane,0.08279772102832794
3-188390-A-6.wav,hen,hen,True,0.5476453304290771,0.4376418888568878,0.11000344157218933,hen,rooster,crow,0.33894872665405273,chirping_birds,0.3342147469520569,cow,0.3266499638557434,pig,0.248534694314003,frog,0.23062460124492645,dog,0.2254476249217987,laughing,0.22082145512104034,insects,0.1895611733198166
3-188726-A-35.wav,washing_machine,engine,False,0.5026392936706543,0.3668080270290375,0.13583126664161682,engine,washing_machine,helicopter,0.28115683794021606,airplane,0.2527509927749634,train,0.2206733524799347,clock_tick,0.1746286004781723,chainsaw,0.15197142958641052,hen,0.15181376039981842,rooster,0.15085068345069885,dog,0.1383533924818039
3-193767-A-47.wav,airplane,airplane,True,0.4568609297275543,0.3899492919445038,0.06691163778305054,airplane,engine,helicopter,0.38458725810050964,train,0.2829701900482178,vacuum_cleaner,0.24652144312858582,chainsaw,0.2378092259168625,wind,0.2069651335477829,washing_machine,0.1563008576631546,hand_saw,0.1501430869102478,church_bells,0.14529269933700562
3-197408-A-8.wav,sheep,sheep,True,0.6771613955497742,0.48499181866645813,0.19216957688331604,sheep,cow,pig,0.27233797311782837,hen,0.27053239941596985,hand_saw,0.27026036381721497,crying_baby,0.2624846398830414,chainsaw,0.22591453790664673,crow,0.18090739846229553,rooster,0.17372342944145203,dog,0.15368732810020447
3-197408-B-8.wav,sheep,sheep,True,0.6719114780426025,0.4660564959049225,0.20585498213768005,sheep,cow,hen,0.2839312255382538,hand_saw,0.26781660318374634,pig,0.2627426087856293,crying_baby,0.2588755488395691,chainsaw,0.22886799275875092,dog,0.18079185485839844,crow,0.17205488681793213,rooster,0.16022759675979614
3-197408-C-8.wav,sheep,sheep,True,0.6582573652267456,0.42956113815307617,0.22869622707366943,sheep,cow,crying_baby,0.2704924941062927,hand_saw,0.25435328483581543,chainsaw,0.24595080316066742,pig,0.2053661346435547,crow,0.17617741227149963,car_horn,0.17412564158439636,glass_breaking,0.15536051988601685,rooster,0.1521415114402771
3-197435-A-22.wav,clapping,clapping,True,0.41591960191726685,0.16953015327453613,0.2463894486427307,clapping,can_opening,laughing,0.13045790791511536,siren,0.1269489824771881,hen,0.11876730620861053,frog,0.11110550165176392,car_horn,0.10983161628246307,sea_waves,0.09651729464530945,cat,0.09332019090652466,clock_alarm,0.08632703870534897
3-197435-B-22.wav,clapping,clapping,True,0.4374651610851288,0.2198537290096283,0.2176114320755005,clapping,can_opening,laughing,0.15416604280471802,siren,0.1442040503025055,car_horn,0.13046252727508545,hen,0.12178173661231995,frog,0.11071468144655228,door_wood_knock,0.08662515133619308,cat,0.08234000205993652,clock_alarm,0.07804884761571884
3-203371-A-39.wav,glass_breaking,glass_breaking,True,0.4615728557109833,0.283340722322464,0.1782321333885193,glass_breaking,pouring_water,water_drops,0.14457908272743225,keyboard_typing,0.13349412381649017,crackling_fire,0.12718194723129272,sheep,0.12097395211458206,crow,0.11261868476867676,can_opening,0.10701122879981995,washing_machine,0.10426890105009079,toilet_flush,0.10401289165019989
3-203373-A-39.wav,glass_breaking,glass_breaking,True,0.5486122965812683,0.2395963966846466,0.3090158998966217,glass_breaking,can_opening,pouring_water,0.19698041677474976,keyboard_typing,0.1267908662557602,crow,0.12273099273443222,water_drops,0.12201017141342163,mouse_click,0.09395388513803482,dog,0.08431659638881683,sheep,0.07929965108633041,church_bells,0.06497955322265625
3-203374-A-39.wav,glass_breaking,glass_breaking,True,0.5321378707885742,0.19129976630210876,0.34083810448646545,glass_breaking,can_opening,pouring_water,0.14315663278102875,keyboard_typing,0.10148154944181442,crow,0.09214485436677933,dog,0.06258946657180786,mouse_click,0.05834883078932762,sneezing,0.04893121123313904,church_bells,0.030735984444618225,chainsaw,0.027662498876452446
3-203375-A-39.wav,glass_breaking,glass_breaking,True,0.5580911040306091,0.2044101506471634,0.35368095338344574,glass_breaking,pouring_water,can_opening,0.19085104763507843,keyboard_typing,0.10120472311973572,crow,0.09793494641780853,water_drops,0.09245042502880096,mouse_click,0.07359719276428223,sheep,0.06909281760454178,sneezing,0.017461832612752914,crying_baby,0.014896250329911709
3-203377-A-39.wav,glass_breaking,glass_breaking,True,0.5799620747566223,0.21297243237495422,0.3669896423816681,glass_breaking,can_opening,pouring_water,0.1854628324508667,keyboard_typing,0.13843482732772827,water_drops,0.11858555674552917,crow,0.10931462049484253,mouse_click,0.09578452259302139,crackling_fire,0.06792456656694412,church_bells,0.05120033770799637,dog,0.04432680457830429
3-20861-A-8.wav,sheep,sheep,True,0.5858021974563599,0.45736247301101685,0.12843972444534302,sheep,cow,pig,0.318220853805542,hand_saw,0.3147011697292328,rooster,0.3076857030391693,crying_baby,0.3032495379447937,chainsaw,0.27951082587242126,dog,0.23362241685390472,hen,0.21197645366191864,cat,0.18990367650985718
3-208820-A-49.wav,hand_saw,hand_saw,True,0.3798106610774994,0.2647273540496826,0.11508330702781677,hand_saw,crying_baby,cow,0.24336418509483337,sheep,0.23347154259681702,chainsaw,0.23096677660942078,engine,0.21830560266971588,rooster,0.2156795859336853,pig,0.19465015828609467,glass_breaking,0.16924190521240234,crow,0.1656496822834015
3-216280-A-39.wav,glass_breaking,glass_breaking,True,0.4918859899044037,0.22232426702976227,0.2695617228746414,glass_breaking,can_opening,crow,0.17395983636379242,sneezing,0.1523132026195526,pouring_water,0.14183305203914642,dog,0.13768154382705688,mouse_click,0.13017156720161438,water_drops,0.1276058554649353,keyboard_typing,0.116974376142025,church_bells,0.11507256329059601
3-216281-A-39.wav,glass_breaking,glass_breaking,True,0.5555804371833801,0.24246299266815186,0.31311744451522827,glass_breaking,can_opening,pouring_water,0.16967034339904785,water_drops,0.16713878512382507,crow,0.16045895218849182,mouse_click,0.08101795613765717,keyboard_typing,0.08058158308267593,sea_waves,0.07685265690088272,coughing,0.06655369699001312,church_bells,0.059439767152071
3-216284-A-39.wav,glass_breaking,glass_breaking,True,0.4856293201446533,0.2927483320236206,0.19288098812103271,glass_breaking,can_opening,pouring_water,0.1513970047235489,water_drops,0.14408865571022034,crow,0.1384519785642624,coughing,0.10523925721645355,sea_waves,0.10437507927417755,sneezing,0.10364337265491486,dog,0.09702147543430328,church_bells,0.08668754994869232
3-233151-A-2.wav,pig,pig,True,0.5564175844192505,0.4488056004047394,0.10761198401451111,pig,rooster,crow,0.3483433723449707,cow,0.3044840097427368,crying_baby,0.2724069058895111,hen,0.2652430832386017,sheep,0.22813370823860168,door_wood_creaks,0.221055269241333,thunderstorm,0.20131340622901917,frog,0.194667786359787
3-243726-A-43.wav,car_horn,car_horn,True,0.3760148882865906,0.30146124958992004,0.07455363869667053,car_horn,train,clapping,0.2692008316516876,church_bells,0.21269547939300537,rain,0.21034649014472961,siren,0.18773698806762695,clock_tick,0.18400710821151733,chirping_birds,0.1827380508184433,clock_alarm,0.16584578156471252,mouse_click,0.15843667089939117
3-246513-A-16.wav,wind,wind,True,0.5900843143463135,0.2729761600494385,0.317108154296875,wind,thunderstorm,crackling_fire,0.2726007103919983,sea_waves,0.2486914098262787,train,0.2328794002532959,breathing,0.22780567407608032,crying_baby,0.19129307568073273,hand_saw,0.16850095987319946,vacuum_cleaner,0.1628747433423996,fireworks,0.1409413069486618
3-246513-B-16.wav,wind,wind,True,0.5937892198562622,0.2925090789794922,0.30128014087677,wind,thunderstorm,train,0.2763479948043823,sea_waves,0.24570700526237488,breathing,0.22187213599681854,crying_baby,0.206831157207489,rain,0.19146040081977844,crackling_fire,0.1838119626045227,vacuum_cleaner,0.1693711280822754,hand_saw,0.15513747930526733
3-249913-A-25.wav,footsteps,footsteps,True,0.37158724665641785,0.26159995794296265,0.1099872887134552,footsteps,dog,chirping_birds,0.21946091949939728,helicopter,0.20565161108970642,hen,0.18964174389839172,fireworks,0.18555811047554016,engine,0.17672628164291382,airplane,0.17625877261161804,door_wood_knock,0.1668740063905716,water_drops,0.16333433985710144
3-251617-A-48.wav,fireworks,fireworks,True,0.4923092722892761,0.1408078372478485,0.3515014350414276,fireworks,helicopter,church_bells,0.13811710476875305,train,0.11947847902774811,crow,0.0954044759273529,airplane,0.09055577218532562,thunderstorm,0.08447478711605072,crackling_fire,0.07338026165962219,chirping_birds,0.07089585065841675,hen,0.06249441206455231
3-253081-A-2.wav,pig,pig,True,0.447780966758728,0.2951256334781647,0.15265533328056335,pig,dog,drinking_sipping,0.216466024518013,cow,0.21213428676128387,sheep,0.20694400370121002,washing_machine,0.1950870156288147,rooster,0.1759634166955948,hen,0.13656669855117798,coughing,0.1295330673456192,brushing_teeth,0.11892397701740265
3-253084-A-2.wav,pig,pig,True,0.5844758749008179,0.3544635772705078,0.23001229763031006,pig,hen,cow,0.2982850670814514,sheep,0.2771463990211487,dog,0.2639811635017395,rooster,0.23750142753124237,crow,0.21150021255016327,drinking_sipping,0.182473286986351,coughing,0.14292669296264648,crying_baby,0.1424054205417633
3-253084-B-2.wav,pig,pig,True,0.6070071458816528,0.2779080271720886,0.3290991187095642,pig,hen,rooster,0.27053606510162354,cow,0.25415775179862976,dog,0.2434699684381485,crow,0.2428816854953766,sheep,0.22371788322925568,drinking_sipping,0.16843031346797943,laughing,0.16029900312423706,crying_baby,0.1562146097421646
3-253084-C-2.wav,pig,pig,True,0.64154052734375,0.36223286390304565,0.27930766344070435,pig,cow,hen,0.3620718717575073,sheep,0.30294543504714966,rooster,0.2960990071296692,dog,0.27847540378570557,crow,0.23445166647434235,drinking_sipping,0.17646671831607819,snoring,0.16735729575157166,laughing,0.16308531165122986
3-253084-D-2.wav,pig,pig,True,0.5966285467147827,0.32608145475387573,0.270547091960907,pig,cow,sheep,0.3203945755958557,hen,0.29098087549209595,rooster,0.22930477559566498,crow,0.2281981110572815,crying_baby,0.220521941781044,dog,0.22003839910030365,drinking_sipping,0.20372052490711212,brushing_teeth,0.19461993873119354
3-253084-E-2.wav,pig,pig,True,0.6302918195724487,0.30823418498039246,0.3220576345920563,pig,hen,cow,0.3020435571670532,rooster,0.2808956503868103,sheep,0.2675057649612427,dog,0.24285894632339478,crow,0.24273183941841125,drinking_sipping,0.22458110749721527,crying_baby,0.19371986389160156,laughing,0.18824388086795807
3-257858-A-2.wav,pig,pig,True,0.5794916749000549,0.3553309440612793,0.22416073083877563,pig,cow,sheep,0.3114165663719177,hen,0.2985210418701172,rooster,0.2664671242237091,dog,0.24433663487434387,drinking_sipping,0.18473315238952637,brushing_teeth,0.18306949734687805,coughing,0.14276403188705444,crow,0.13793957233428955
3-259622-A-44.wav,engine,engine,True,0.42334815859794617,0.33106353878974915,0.09228461980819702,engine,washing_machine,chainsaw,0.30109867453575134,hen,0.25110912322998047,helicopter,0.24626599252223969,hand_saw,0.24114155769348145,clock_tick,0.21332481503486633,airplane,0.20319801568984985,laughing,0.18989485502243042,clapping,0.17273305356502533
3-51376-A-42.wav,siren,siren,True,0.3995716869831085,0.27103692293167114,0.12853476405143738,siren,chainsaw,cow,0.22965508699417114,vacuum_cleaner,0.21814027428627014,car_horn,0.20971395075321198,crying_baby,0.20686975121498108,rain,0.18315951526165009,thunderstorm,0.1819075644016266,rooster,0.16045907139778137,crackling_fire,0.15599215030670166
3-51731-A-42.wav,siren,siren,True,0.4231635332107544,0.3177412152290344,0.10542231798171997,siren,car_horn,crying_baby,0.26883208751678467,cow,0.25448355078697205,engine,0.23371033370494843,vacuum_cleaner,0.2298557460308075,cat,0.2130465805530548,hen,0.20875921845436096,chainsaw,0.20540721714496613,helicopter,0.19853778183460236
3-51731-B-42.wav,siren,siren,True,0.41832640767097473,0.27075833082199097,0.14756807684898376,siren,car_horn,crying_baby,0.25843942165374756,chainsaw,0.2479400783777237,train,0.22378389537334442,cat,0.19582930207252502,cow,0.19423213601112366,vacuum_cleaner,0.18898330628871918,engine,0.18507832288742065,church_bells,0.1845235526561737
3-51909-A-42.wav,siren,siren,True,0.3959779143333435,0.28327953815460205,0.11269837617874146,siren,car_horn,chainsaw,0.2770930528640747,cow,0.2129218727350235,crow,0.18580196797847748,vacuum_cleaner,0.183186873793602,airplane,0.1822279989719391,train,0.17511935532093048,helicopter,0.17284691333770752,clock_alarm,0.17081114649772644
3-51909-B-42.wav,siren,siren,True,0.40124866366386414,0.28532344102859497,0.11592522263526917,siren,chainsaw,car_horn,0.2558286786079407,hand_saw,0.18747864663600922,dog,0.17802762985229492,rooster,0.17153674364089966,crow,0.1695880889892578,vacuum_cleaner,0.15836882591247559,crackling_fire,0.15164533257484436,cow,0.1471129059791565
3-58772-A-42.wav,siren,siren,True,0.4242931604385376,0.26999297738075256,0.15430018305778503,siren,chainsaw,vacuum_cleaner,0.245848149061203,car_horn,0.24186456203460693,cow,0.20477309823036194,crying_baby,0.2002183347940445,hand_saw,0.18290697038173676,cat,0.17976203560829163,sheep,0.16661639511585236,train,0.1638573259115219
3-62878-A-42.wav,siren,siren,True,0.5891597270965576,0.3088192343711853,0.2803404927253723,siren,car_horn,chainsaw,0.2900221049785614,clapping,0.2522594630718231,vacuum_cleaner,0.23810148239135742,dog,0.2340785264968872,cat,0.18647602200508118,laughing,0.17195437848567963,crying_baby,0.17107918858528137,cow,0.16229325532913208
3-62878-B-42.wav,siren,siren,True,0.5074963569641113,0.24710851907730103,0.2603878378868103,siren,car_horn,dog,0.22629648447036743,vacuum_cleaner,0.21903930604457855,chainsaw,0.21488237380981445,clock_alarm,0.14368487894535065,hen,0.1124265044927597,crying_baby,0.10847307741641998,clapping,0.10773922502994537,crackling_fire,0.10685063153505325
3-65748-A-12.wav,crackling_fire,crackling_fire,True,0.4179312586784363,0.30537474155426025,0.11255651712417603,crackling_fire,can_opening,washing_machine,0.18420138955116272,drinking_sipping,0.13273000717163086,laughing,0.12682485580444336,vacuum_cleaner,0.12573282420635223,rain,0.11924441158771515,toilet_flush,0.11603257805109024,water_drops,0.11008067429065704,pouring_water,0.10121549665927887
3-68630-A-40.wav,helicopter,helicopter,True,0.4442327618598938,0.27814584970474243,0.16608691215515137,helicopter,engine,airplane,0.23687714338302612,train,0.22003379464149475,vacuum_cleaner,0.1663365662097931,hand_saw,0.16118288040161133,washing_machine,0.1355065256357193,hen,0.12560783326625824,crickets,0.10859846323728561,clock_tick,0.10756602883338928
3-68630-B-40.wav,helicopter,helicopter,True,0.5535419583320618,0.43147310614585876,0.122068852186203,helicopter,airplane,engine,0.377424955368042,train,0.3124410808086395,hand_saw,0.25782638788223267,vacuum_cleaner,0.2566171884536743,washing_machine,0.24683508276939392,chainsaw,0.2376737743616104,chirping_birds,0.15408915281295776,rooster,0.13933385908603668
3-68630-C-40.wav,helicopter,helicopter,True,0.4409768283367157,0.34649765491485596,0.09447917342185974,helicopter,airplane,train,0.2317933887243271,hand_saw,0.2214479148387909,engine,0.2126983106136322,wind,0.09554146975278854,chainsaw,0.08544865250587463,rooster,0.08453521132469177,brushing_teeth,0.06787782907485962,church_bells,0.06776022911071777
3-70962-A-4.wav,frog,frog,True,0.5721758604049683,0.2805195450782776,0.2916563153266907,frog,pig,cat,0.27870410680770874,hen,0.26596784591674805,crickets,0.2474430799484253,rooster,0.22133836150169373,insects,0.21958112716674805,chirping_birds,0.19920487701892853,door_wood_creaks,0.19811514019966125,cow,0.18610435724258423
3-70962-B-4.wav,frog,frog,True,0.5779159069061279,0.3363778591156006,0.24153804779052734,frog,hen,pig,0.3149866461753845,crickets,0.3049326539039612,cat,0.2788776159286499,cow,0.2697839140892029,insects,0.25013455748558044,crying_baby,0.24777941405773163,rooster,0.23938800394535065,door_wood_creaks,0.2008725255727768
3-70962-C-4.wav,frog,frog,True,0.5326888561248779,0.3081803023815155,0.22450855374336243,frog,pig,hen,0.2819506824016571,crickets,0.2606477737426758,crying_baby,0.25862279534339905,rooster,0.2467033714056015,cat,0.23617339134216309,door_wood_creaks,0.21143943071365356,engine,0.20416882634162903,insects,0.2008589655160904
3-71964-A-4.wav,frog,frog,True,0.6415113806724548,0.3680379390716553,0.27347344160079956,frog,door_wood_knock,rooster,0.34664008021354675,clock_alarm,0.34156543016433716,pig,0.3385431170463562,hen,0.3337724506855011,crickets,0.32346048951148987,door_wood_creaks,0.3127893805503845,cat,0.29625213146209717,cow,0.2910004258155823
3-71964-B-4.wav,frog,frog,True,0.6281337141990662,0.3617704212665558,0.2663632929325104,frog,hen,pig,0.33101725578308105,rooster,0.32831311225891113,door_wood_creaks,0.3074365258216858,door_wood_knock,0.30736279487609863,crickets,0.2862148880958557,cat,0.2774677276611328,cow,0.2728364169597626,clock_alarm,0.2726067006587982
3-71964-C-4.wav,frog,frog,True,0.6333643198013306,0.3534977436065674,0.2798665761947632,frog,hen,pig,0.3400231599807739,door_wood_knock,0.33840739727020264,rooster,0.32942089438438416,clock_alarm,0.31256964802742004,door_wood_creaks,0.307877779006958,crickets,0.30562490224838257,cat,0.27241772413253784,cow,0.2665444016456604
3-83527-A-4.wav,frog,frog,True,0.5859131217002869,0.34122782945632935,0.24468529224395752,frog,hen,crickets,0.32306909561157227,rooster,0.32234135270118713,pig,0.3172495365142822,insects,0.2813384234905243,cow,0.2590990960597992,cat,0.2526755630970001,door_wood_creaks,0.24613459408283234,sheep,0.21918416023254395
3-87936-A-46.wav,church_bells,church_bells,True,0.5543376207351685,0.1734306663274765,0.38090695440769196,church_bells,cow,crying_baby,0.1677515208721161,cat,0.1172664538025856,crow,0.11459770798683167,glass_breaking,0.11443598568439484,hen,0.10072995722293854,clock_alarm,0.09970162808895111,pouring_water,0.07815984636545181,snoring,0.07245790958404541
3-87936-B-46.wav,church_bells,church_bells,True,0.5259916186332703,0.19305013120174408,0.3329414874315262,church_bells,crying_baby,cow,0.16680602729320526,dog,0.13107198476791382,sneezing,0.12906208634376526,hen,0.11204759031534195,pouring_water,0.10561715066432953,helicopter,0.10159439593553543,glass_breaking,0.0932973250746727,crow,0.09101647883653641
3-92637-A-18.wav,toilet_flush,toilet_flush,True,0.4581012427806854,0.26647937297821045,0.19162186980247498,toilet_flush,brushing_teeth,washing_machine,0.252942830324173,pouring_water,0.19836531579494476,rooster,0.1758447289466858,hand_saw,0.15546393394470215,cow,0.15268057584762573,thunderstorm,0.11862440407276154,door_wood_creaks,0.10726229846477509,helicopter,0.09161415696144104
3-93010-A-18.wav,toilet_flush,toilet_flush,True,0.46918588876724243,0.24317768216133118,0.22600820660591125,toilet_flush,brushing_teeth,washing_machine,0.1789826601743698,cow,0.15948042273521423,rooster,0.1540113091468811,pouring_water,0.12618154287338257,hand_saw,0.12153821438550949,thunderstorm,0.11408878862857819,helicopter,0.0807519182562828,sheep,0.07563747465610504
3-94342-A-25.wav,footsteps,footsteps,True,0.23305785655975342,0.22403904795646667,0.009018808603286743,footsteps,cow,brushing_teeth,0.22170372307300568,hand_saw,0.19857585430145264,sheep,0.17289508879184723,chainsaw,0.16080120205879211,dog,0.13292692601680756,pig,0.12658140063285828,crackling_fire,0.1258014440536499,pouring_water,0.11746300756931305
3-94343-A-25.wav,footsteps,footsteps,True,0.4015861749649048,0.24047254025936127,0.16111363470554352,footsteps,helicopter,dog,0.20663678646087646,engine,0.20449845492839813,water_drops,0.16177131235599518,cow,0.15756574273109436,sheep,0.1499943733215332,hen,0.14445503056049347,airplane,0.1352466344833374,church_bells,0.13265103101730347
3-94344-A-25.wav,footsteps,footsteps,True,0.25634223222732544,0.19316884875297546,0.06317338347434998,footsteps,hand_saw,brushing_teeth,0.1757298856973648,dog,0.1655450463294983,pig,0.15649491548538208,cow,0.15635409951210022,chainsaw,0.14046379923820496,church_bells,0.1341821253299713,airplane,0.12487524747848511,crackling_fire,0.12186632305383682
3-94355-A-33.wav,door_wood_creaks,door_wood_creaks,True,0.5624295473098755,0.22467875480651855,0.33775079250335693,door_wood_creaks,crow,rooster,0.19539190828800201,door_wood_knock,0.15864920616149902,frog,0.13802418112754822,crying_baby,0.13232538104057312,snoring,0.11073067784309387,cat,0.11003156006336212,cow,0.08168762177228928,sheep,0.03852028772234917
3-95694-A-5.wav,cat,cat,True,0.6220870018005371,0.2508792281150818,0.3712077736854553,cat,crying_baby,sheep,0.22959211468696594,cow,0.19194236397743225,frog,0.1887165606021881,crow,0.18344855308532715,dog,0.1808435320854187,vacuum_cleaner,0.12125086784362793,hen,0.10370055586099625,chirping_birds,0.0911230519413948
3-95695-A-5.wav,cat,cat,True,0.5706319808959961,0.27674129605293274,0.29389068484306335,cat,crying_baby,dog,0.2243347465991974,sheep,0.20574021339416504,crow,0.19616180658340454,siren,0.18310965597629547,cow,0.18246592581272125,frog,0.17128610610961914,hen,0.1662905216217041,vacuum_cleaner,0.14259874820709229
3-95695-B-5.wav,cat,cat,True,0.597912609577179,0.30265897512435913,0.2952536344528198,cat,crying_baby,dog,0.26003026962280273,sheep,0.20423287153244019,crow,0.1843203902244568,cow,0.1827872395515442,frog,0.14810340106487274,hen,0.1394757628440857,vacuum_cleaner,0.11396364122629166,rooster,0.11324252188205719
3-95697-A-5.wav,cat,cat,True,0.5132168531417847,0.16269317269325256,0.3505236804485321,cat,frog,crying_baby,0.16253507137298584,crow,0.12431582808494568,vacuum_cleaner,0.11839562654495239,rooster,0.11179561913013458,dog,0.10348343104124069,sheep,0.10259371995925903,cow,0.09148018062114716,sea_waves,0.05365707352757454
3-95698-A-5.wav,cat,cat,True,0.5898772478103638,0.25364184379577637,0.3362354040145874,cat,frog,dog,0.242037832736969,crying_baby,0.21715863049030304,crow,0.2037513703107834,rooster,0.16582180559635162,sheep,0.14153072237968445,vacuum_cleaner,0.12949052453041077,cow,0.12542717158794403,chirping_birds,0.10884886980056763
3-96606-A-49.wav,hand_saw,hand_saw,True,0.593542218208313,0.32298406958580017,0.2705581486225128,hand_saw,chainsaw,sheep,0.1856100857257843,rooster,0.18458613753318787,brushing_teeth,0.17138198018074036,crow,0.16652876138687134,dog,0.1560441553592682,cow,0.1477760225534439,crying_baby,0.13243964314460754,pig,0.10883624851703644
3-96606-B-49.wav,hand_saw,hand_saw,True,0.5683509111404419,0.27368593215942383,0.29466497898101807,hand_saw,chainsaw,rooster,0.22425949573516846,brushing_teeth,0.21395596861839294,cow,0.17562085390090942,sheep,0.16378387808799744,crying_baby,0.13255995512008667,crow,0.13215041160583496,pig,0.097675621509552,dog,0.08091762661933899
3-97909-A-49.wav,hand_saw,hand_saw,True,0.6030144691467285,0.32623404264450073,0.2767804265022278,hand_saw,chainsaw,dog,0.2011735737323761,sheep,0.17193062603473663,engine,0.1564008891582489,rooster,0.1373225301504135,pig,0.12571613490581512,vacuum_cleaner,0.11416324973106384,brushing_teeth,0.10873321443796158,washing_machine,0.0921940803527832
3-97909-B-49.wav,hand_saw,hand_saw,True,0.489924818277359,0.2609185576438904,0.22900626063346863,hand_saw,chainsaw,sheep,0.2458069622516632,dog,0.16619174182415009,pig,0.14300614595413208,washing_machine,0.1305728554725647,engine,0.09538669884204865,door_wood_creaks,0.08134642243385315,cow,0.07614260911941528,vacuum_cleaner,0.05782763287425041
3-98193-A-46.wav,church_bells,church_bells,True,0.6412796378135681,0.24954603612422943,0.3917336016893387,church_bells,cow,crow,0.2394181191921234,crying_baby,0.18212464451789856,chirping_birds,0.1750471591949463,hen,0.16509157419204712,sheep,0.13982775807380676,clock_alarm,0.12340764701366425,car_horn,0.11599621176719666,train,0.08798129856586456
3-98771-A-18.wav,toilet_flush,toilet_flush,True,0.4577621817588806,0.2888334393501282,0.16892874240875244,toilet_flush,pouring_water,brushing_teeth,0.25218135118484497,washing_machine,0.17363357543945312,pig,0.08525574207305908,cow,0.07685455679893494,rooster,0.07618856430053711,engine,0.07228486239910126,hand_saw,0.07106281816959381,door_wood_knock,0.05716286599636078
3-98869-A-46.wav,church_bells,church_bells,True,0.5825623869895935,0.35214704275131226,0.23041534423828125,church_bells,crying_baby,glass_breaking,0.2772780954837799,clapping,0.20914119482040405,siren,0.19528798758983612,crow,0.191691592335701,laughing,0.1863802969455719,breathing,0.1862771213054657,coughing,0.18528181314468384,sneezing,0.17755407094955444
4-102844-A-49.wav,hand_saw,hand_saw,True,0.62680983543396,0.2150912582874298,0.41171857714653015,hand_saw,chainsaw,rooster,0.19962911307811737,brushing_teeth,0.1844334900379181,sheep,0.15615490078926086,pig,0.13822580873966217,toilet_flush,0.12847989797592163,cow,0.1255263239145279,engine,0.11834002286195755,dog,0.10615124553442001
4-102844-B-49.wav,hand_saw,hand_saw,True,0.6400022506713867,0.23388391733169556,0.40611833333969116,hand_saw,rooster,brushing_teeth,0.21265114843845367,chainsaw,0.20229919254779816,sheep,0.17818297445774078,cow,0.17186863720417023,pig,0.15861763060092926,toilet_flush,0.13466203212738037,crying_baby,0.11815394461154938,crow,0.1052076518535614
4-102844-C-49.wav,hand_saw,hand_saw,True,0.6402271389961243,0.24176070094108582,0.39846643805503845,hand_saw,chainsaw,rooster,0.23600029945373535,brushing_teeth,0.21999356150627136,sheep,0.1781240701675415,cow,0.17812302708625793,pig,0.15898433327674866,dog,0.14295585453510284,crow,0.11773242056369781,toilet_flush,0.11360792070627213
4-102871-A-42.wav,siren,siren,True,0.4667271077632904,0.3007774353027344,0.16594967246055603,siren,crying_baby,car_horn,0.2940586805343628,cow,0.26176339387893677,vacuum_cleaner,0.23915620148181915,cat,0.23790444433689117,chainsaw,0.22577396035194397,hen,0.20667481422424316,church_bells,0.18700918555259705,crackling_fire,0.1727675497531891
4-107117-A-33.wav,door_wood_creaks,door_wood_creaks,True,0.5794271230697632,0.20234426856040955,0.37708285450935364,door_wood_creaks,door_wood_knock,rooster,0.14173996448516846,crow,0.1341545283794403,crying_baby,0.10472646355628967,frog,0.09846411645412445,car_horn,0.05205764248967171,hen,0.045103657990694046,siren,0.030635710805654526,snoring,0.01851678267121315
4-107120-A-33.wav,door_wood_creaks,door_wood_creaks,True,0.5371414422988892,0.28323090076446533,0.25391054153442383,door_wood_creaks,rooster,frog,0.2389167696237564,door_wood_knock,0.23556256294250488,crow,0.2248247116804123,crying_baby,0.2206072360277176,cat,0.20611600577831268,cow,0.15586407482624054,pig,0.11672518402338028,snoring,0.11345060169696808
4-107122-A-33.wav,door_wood_creaks,door_wood_creaks,True,0.5237431526184082,0.20638398826122284,0.31735916435718536,door_wood_creaks,rooster,door_wood_knock,0.19225557148456573,crow,0.17031055688858032,crying_baby,0.15675607323646545,cat,0.14988069236278534,frog,0.13769739866256714,siren,0.09534946829080582,snoring,0.08078216761350632,car_horn,0.054954979568719864
4-108352-A-33.wav,door_wood_creaks,door_wood_creaks,True,0.330940842628479,0.0928245261311531,0.2381163164973259,door_wood_creaks,cow,cat,0.07627744972705841,sheep,0.06690515577793121,crying_baby,0.06311392784118652,crow,0.04936527460813522,rooster,0.04764904826879501,chirping_birds,0.031045272946357727,dog,0.030821848660707474,frog,0.02510233037173748
4-111671-A-42.wav,siren,siren,True,0.5076912641525269,0.2642781138420105,0.24341315031051636,siren,vacuum_cleaner,car_horn,0.23910823464393616,clapping,0.22441405057907104,crying_baby,0.22352223098278046,dog,0.22279895842075348,chainsaw,0.22160997986793518,cat,0.2136457860469818,door_wood_creaks,0.15040531754493713,cow,0.1450785994529724
4-111671-B-42.wav,siren,siren,True,0.509382426738739,0.29686570167541504,0.21251672506332397,siren,car_horn,clock_alarm,0.27689826488494873,hen,0.25537243485450745,crying_baby,0.24522316455841064,chainsaw,0.2412574291229248,cow,0.20365716516971588,dog,0.20307251811027527,cat,0.19267922639846802,laughing,0.184548020362854
4-117627-A-25.wav,footsteps,footsteps,True,0.35415101051330566,0.21868331730365753,0.13546769320964813,footsteps,pig,sheep,0.20608331263065338,drinking_sipping,0.18722274899482727,cow,0.17578411102294922,can_opening,0.16476114094257355,hen,0.16225609183311462,church_bells,0.1326962113380432,helicopter,0.12198018282651901,crow,0.11940781772136688
4-117630-A-25.wav,footsteps,footsteps,True,0.41583192348480225,0.19005641341209412,0.22577551007270813,footsteps,hen,dog,0.1701681911945343,pig,0.14819572865962982,helicopter,0.14462825655937195,sheep,0.1373538374900818,cow,0.12759001553058624,airplane,0.09674591571092606,crow,0.0805717408657074,train,0.08055351674556732
4-119647-A-48.wav,fireworks,fireworks,True,0.5094730854034424,0.14498314261436462,0.36448994278907776,fireworks,crackling_fire,breathing,0.10576704889535904,helicopter,0.10058709233999252,hand_saw,0.09187544882297516,footsteps,0.08383719623088837,crow,0.07741737365722656,cow,0.07421617209911346,church_bells,0.07180506736040115,water_drops,0.0716351717710495
4-119647-B-48.wav,fireworks,fireworks,True,0.5633735656738281,0.16650518774986267,0.39686837792396545,fireworks,helicopter,crackling_fire,0.14903877675533295,crickets,0.11749235540628433,footsteps,0.10468146204948425,church_bells,0.09999004006385803,hand_saw,0.09321675449609756,breathing,0.08814725279808044,cow,0.08560247719287872,hen,0.0855967104434967
4-119647-C-48.wav,fireworks,fireworks,True,0.5275118350982666,0.1847495436668396,0.342762291431427,fireworks,helicopter,crackling_fire,0.1663506031036377,hen,0.14064790308475494,footsteps,0.11836378276348114,church_bells,0.1139926090836525,crickets,0.10918949544429779,hand_saw,0.0885353833436966,cow,0.08567576110363007,train,0.08191059529781342
4-119647-D-48.wav,fireworks,fireworks,True,0.5335907340049744,0.1755588948726654,0.35803183913230896,fireworks,crackling_fire,helicopter,0.1546163409948349,church_bells,0.12893424928188324,hen,0.11044549942016602,thunderstorm,0.10056717693805695,crickets,0.09182961285114288,laughing,0.08794253319501877,crow,0.07949671149253845,clock_alarm,0.07690554857254028
4-119648-A-48.wav,fireworks,fireworks,True,0.540594756603241,0.16299308836460114,0.37760166823863983,fireworks,helicopter,crackling_fire,0.13861003518104553,hen,0.12287835776805878,clock_alarm,0.11627401411533356,laughing,0.10998983681201935,hand_saw,0.10696612298488617,door_wood_knock,0.09800390899181366,church_bells,0.07216119021177292,thunderstorm,0.06592319905757904
4-119648-B-48.wav,fireworks,fireworks,True,0.5462915897369385,0.19256547093391418,0.3537261188030243,fireworks,helicopter,crackling_fire,0.1563630998134613,clock_alarm,0.1364046335220337,hen,0.1341426968574524,church_bells,0.11786298453807831,crickets,0.10334847122430801,laughing,0.09339229762554169,hand_saw,0.09287780523300171,train,0.08214761316776276
4-119648-C-48.wav,fireworks,fireworks,True,0.5300378799438477,0.16259358823299408,0.3674442917108536,fireworks,helicopter,crackling_fire,0.13480260968208313,hen,0.1239328607916832,footsteps,0.103990837931633,church_bells,0.10343493521213531,clock_alarm,0.09958095103502274,hand_saw,0.09936065971851349,crickets,0.07267480343580246,dog,0.07076001167297363
4-119648-D-48.wav,fireworks,fireworks,True,0.5434911251068115,0.16762864589691162,0.3758624792098999,fireworks,crackling_fire,helicopter,0.1534070521593094,church_bells,0.1313067227602005,crickets,0.128449484705925,hen,0.0871976912021637,hand_saw,0.07947850227355957,thunderstorm,0.06995492428541183,insects,0.06764748692512512,train,0.06171313673257828
4-119720-A-18.wav,toilet_flush,toilet_flush,True,0.42659100890159607,0.3293837308883667,0.09720727801322937,toilet_flush,brushing_teeth,pouring_water,0.22145500779151917,washing_machine,0.1838819980621338,cow,0.17285147309303284,hand_saw,0.17258331179618835,rooster,0.1292496621608734,sheep,0.0880371481180191,thunderstorm,0.0846773236989975,pig,0.05962882936000824
4-120160-A-5.wav,cat,cat,True,0.6534867286682129,0.3544905483722687,0.2989961802959442,cat,frog,crying_baby,0.3234085142612457,crow,0.28299999237060547,rooster,0.26273593306541443,hen,0.22663447260856628,dog,0.2162168025970459,vacuum_cleaner,0.19582724571228027,cow,0.17917343974113464,sheep,0.169843852519989
4-121532-A-42.wav,siren,siren,True,0.4253672957420349,0.2915213704109192,0.13384592533111572,siren,chainsaw,car_horn,0.27193787693977356,cow,0.25727108120918274,vacuum_cleaner,0.24698063731193542,clock_alarm,0.24022617936134338,crow,0.20993027091026306,hand_saw,0.20165029168128967,crying_baby,0.19834566116333008,airplane,0.18469010293483734
4-123680-A-18.wav,toilet_flush,toilet_flush,True,0.5216094255447388,0.2644296884536743,0.25717973709106445,toilet_flush,brushing_teeth,washing_machine,0.1935161054134369,pouring_water,0.18700982630252838,cow,0.16733647882938385,rooster,0.14269986748695374,hand_saw,0.1240353137254715,vacuum_cleaner,0.1028531864285469,hen,0.0954064428806305,pig,0.09174665808677673
4-125070-A-19.wav,thunderstorm,thunderstorm,True,0.5242406129837036,0.3301202356815338,0.1941203773021698,thunderstorm,fireworks,rain,0.30821871757507324,crow,0.21932795643806458,wind,0.21304133534431458,crackling_fire,0.20234927535057068,cow,0.18962636590003967,rooster,0.18860581517219543,engine,0.18196254968643188,chainsaw,0.13624078035354614
4-125071-A-19.wav,thunderstorm,thunderstorm,True,0.584286093711853,0.4213077425956726,0.16297835111618042,thunderstorm,wind,fireworks,0.36927860975265503,rain,0.3347600996494293,crow,0.2954900562763214,airplane,0.2758834958076477,engine,0.26291704177856445,train,0.24096530675888062,crackling_fire,0.23453320562839508,breathing,0.23223036527633667
4-125072-A-19.wav,thunderstorm,thunderstorm,True,0.49470919370651245,0.36480772495269775,0.1299014687538147,thunderstorm,fireworks,rain,0.24472150206565857,crackling_fire,0.230417400598526,wind,0.21912026405334473,crow,0.19285333156585693,engine,0.1855546534061432,rooster,0.1698761284351349,train,0.16977423429489136,hen,0.14418545365333557
4-125072-B-19.wav,thunderstorm,thunderstorm,True,0.4848269820213318,0.3716030716896057,0.11322391033172607,thunderstorm,fireworks,wind,0.31438350677490234,crow,0.24460899829864502,crackling_fire,0.23229582607746124,rain,0.20495188236236572,rooster,0.19724448025226593,train,0.17640197277069092,cow,0.17330001294612885,breathing,0.16930070519447327
4-125825-A-46.wav,church_bells,church_bells,True,0.4640738368034363,0.35980403423309326,0.10426980257034302,church_bells,clock_alarm,crying_baby,0.2908361852169037,crow,0.2716888189315796,clapping,0.2580254375934601,cow,0.25552383065223694,chirping_birds,0.24036628007888794,siren,0.23564189672470093,rain,0.20269662141799927,chainsaw,0.19731760025024414
4-125825-B-46.wav,church_bells,church_bells,True,0.5098850131034851,0.3275184631347656,0.18236654996871948,church_bells,clock_alarm,crow,0.28139668703079224,crying_baby,0.24284550547599792,cow,0.21299348771572113,door_wood_knock,0.18806801736354828,chirping_birds,0.18729832768440247,car_horn,0.18472860753536224,siren,0.18126483261585236,rain,0.17435744404792786
4-125929-A-40.wav,helicopter,helicopter,True,0.5600194931030273,0.4116255044937134,0.14839398860931396,helicopter,airplane,engine,0.33774885535240173,train,0.24849748611450195,washing_machine,0.22231565415859222,hand_saw,0.18488535284996033,hen,0.16626399755477905,chainsaw,0.1189529299736023,chirping_birds,0.1140538677573204,vacuum_cleaner,0.10026690363883972
4-126046-A-18.wav,toilet_flush,toilet_flush,True,0.4251704514026642,0.32271644473075867,0.10245400667190552,toilet_flush,brushing_teeth,washing_machine,0.24060006439685822,hand_saw,0.20769180357456207,cow,0.19772247970104218,pouring_water,0.19325637817382812,rooster,0.18537646532058716,sheep,0.10802163183689117,vacuum_cleaner,0.08971816301345825,thunderstorm,0.08155389875173569
4-126532-A-18.wav,toilet_flush,toilet_flush,True,0.40147173404693604,0.3053768277168274,0.09609490633010864,toilet_flush,brushing_teeth,rooster,0.23591311275959015,thunderstorm,0.18333543837070465,washing_machine,0.18312384188175201,hand_saw,0.16666418313980103,cow,0.16127774119377136,pouring_water,0.14469102025032043,sheep,0.11843932420015335,crackling_fire,0.09041985869407654
4-128659-A-33.wav,door_wood_creaks,door_wood_creaks,True,0.4086575210094452,0.11693287640810013,0.29172464460134506,door_wood_creaks,hen,fireworks,0.10657604038715363,frog,0.08473969250917435,water_drops,0.07364042848348618,car_horn,0.0713389590382576,mouse_click,0.06775796413421631,chainsaw,0.0627410039305687,chirping_birds,0.05436970293521881,door_wood_knock,0.047403447329998016
4-130584-A-4.wav,frog,frog,True,0.5980050563812256,0.3498344123363495,0.2481706440448761,frog,door_wood_creaks,door_wood_knock,0.33004292845726013,rooster,0.3237895369529724,crickets,0.29949086904525757,pig,0.25107303261756897,insects,0.21627730131149292,clock_alarm,0.21106883883476257,cat,0.21017900109291077,sheep,0.20820723474025726
4-130891-A-7.wav,insects,cow,False,0.30382147431373596,0.22700390219688416,0.0768175721168518,cow,brushing_teeth,cat,0.21306397020816803,door_wood_creaks,0.21051301062107086,sea_waves,0.19992008805274963,door_wood_knock,0.19972193241119385,car_horn,0.1996709704399109,hen,0.1947261393070221,sneezing,0.1707790344953537,frog,0.16550707817077637
4-132383-A-2.wav,pig,pig,True,0.6298679113388062,0.3762824535369873,0.25358545780181885,pig,cow,hen,0.3136143386363983,sheep,0.2952687740325928,rooster,0.27497151494026184,crow,0.2456386685371399,dog,0.2254147231578827,thunderstorm,0.18923690915107727,church_bells,0.18289335072040558,drinking_sipping,0.17698203027248383
4-132383-B-2.wav,pig,pig,True,0.5334413647651672,0.279999315738678,0.25344204902648926,pig,cow,crow,0.2780665159225464,cat,0.2531014680862427,dog,0.25270986557006836,rooster,0.23207154870033264,drinking_sipping,0.22596348822116852,crying_baby,0.2188522219657898,hen,0.21856896579265594,sheep,0.21726587414741516
4-132803-A-26.wav,laughing,laughing,True,0.4584617018699646,0.28252464532852173,0.17593705654144287,laughing,rooster,hen,0.26040470600128174,crying_baby,0.19088223576545715,crow,0.1898088902235031,frog,0.18844307959079742,dog,0.15814778208732605,cow,0.15677115321159363,clock_alarm,0.15128980576992035,chainsaw,0.14249002933502197
4-132810-A-26.wav,laughing,laughing,True,0.49669981002807617,0.36702969670295715,0.12967011332511902,laughing,crying_baby,crow,0.3016931414604187,rooster,0.30071431398391724,hen,0.27637195587158203,cat,0.24898581206798553,dog,0.2134728580713272,siren,0.203884094953537,chainsaw,0.2031630277633667,frog,0.1945365071296692
4-132816-A-26.wav,laughing,laughing,True,0.4989462196826935,0.3142400085926056,0.1847062110900879,laughing,crying_baby,hen,0.2929184138774872,dog,0.2637024521827698,cat,0.23185217380523682,rooster,0.21572627127170563,car_horn,0.17516249418258667,siren,0.17470821738243103,sheep,0.16155530512332916,chainsaw,0.15310610830783844
4-132839-A-33.wav,door_wood_creaks,door_wood_creaks,True,0.49106842279434204,0.19693119823932648,0.29413722455501556,door_wood_creaks,crow,rooster,0.1763468086719513,car_horn,0.1590203493833542,door_wood_knock,0.11620411276817322,crying_baby,0.10866263508796692,chainsaw,0.10244651883840561,hand_saw,0.09511019289493561,sheep,0.08984394371509552,hen,0.07988235354423523
4-133047-A-5.wav,cat,cat,True,0.537594199180603,0.31367844343185425,0.22391575574874878,cat,sheep,dog,0.25600045919418335,cow,0.21450597047805786,crying_baby,0.20272308588027954,hen,0.11897002160549164,vacuum_cleaner,0.1024719774723053,frog,0.09890902042388916,crow,0.08601243793964386,car_horn,0.0792185366153717
4-133047-B-5.wav,cat,cat,True,0.5546857118606567,0.4558752179145813,0.09881049394607544,cat,dog,sheep,0.35400480031967163,crying_baby,0.33932697772979736,cow,0.2903256416320801,crow,0.23881790041923523,hen,0.22712379693984985,pig,0.20809638500213623,rooster,0.18556319177150726,sneezing,0.17899802327156067
4-133047-C-5.wav,cat,cat,True,0.5559016466140747,0.3122902512550354,0.2436113953590393,cat,dog,sheep,0.3049077093601227,crying_baby,0.2850244641304016,cow,0.22038814425468445,crow,0.151333287358284,snoring,0.13928529620170593,vacuum_cleaner,0.12504521012306213,door_wood_creaks,0.12436320632696152,hen,0.12422072887420654
4-133674-A-26.wav,laughing,laughing,True,0.35531455278396606,0.22723406553268433,0.12808048725128174,laughing,rooster,chainsaw,0.16704615950584412,hen,0.13155129551887512,hand_saw,0.1287306249141693,crying_baby,0.11628184467554092,dog,0.11075440794229507,pig,0.10863729566335678,siren,0.10413004457950592,cow,0.09751200675964355
4-133895-A-7.wav,insects,brushing_teeth,False,0.32508742809295654,0.23264777660369873,0.09243965148925781,brushing_teeth,cow,cat,0.22520723938941956,dog,0.1819547414779663,sheep,0.17438405752182007,rooster,0.16972696781158447,insects,0.1677411049604416,can_opening,0.16216318309307098,hen,0.15855643153190613,hand_saw,0.1370515525341034
4-135439-A-18.wav,toilet_flush,toilet_flush,True,0.4590637683868408,0.28930485248565674,0.16975891590118408,toilet_flush,pouring_water,brushing_teeth,0.2738475799560547,washing_machine,0.1885739415884018,hand_saw,0.1395147442817688,rooster,0.1266409456729889,cow,0.12611669301986694,thunderstorm,0.09784244745969772,helicopter,0.09617595374584198,pig,0.08054497838020325
4-136381-A-9.wav,crow,crow,True,0.567424476146698,0.29037100076675415,0.27705347537994385,crow,cow,sheep,0.2832796573638916,cat,0.283109188079834,rooster,0.2818489074707031,chainsaw,0.27427393198013306,crying_baby,0.2478325366973877,pig,0.18418000638484955,hand_saw,0.16401265561580658,dog,0.1637270152568817
4-138344-A-9.wav,crow,crow,True,0.5407226085662842,0.23558148741722107,0.3051411211490631,crow,chirping_birds,cow,0.20881706476211548,rooster,0.20028288662433624,chainsaw,0.19995707273483276,airplane,0.19962923228740692,pig,0.19719797372817993,church_bells,0.1789119392633438,hen,0.16444618999958038,sheep,0.15380516648292542
4-140034-A-46.wav,church_bells,church_bells,True,0.5650961995124817,0.19192180037498474,0.37317439913749695,church_bells,cow,hen,0.1671854853630066,crying_baby,0.1601858139038086,sneezing,0.13875636458396912,crow,0.13387815654277802,clock_alarm,0.13380956649780273,car_horn,0.11379597336053848,chirping_birds,0.10863178968429565,helicopter,0.09557490050792694
4-141365-A-18.wav,toilet_flush,toilet_flush,True,0.49396681785583496,0.3041001260280609,0.18986669182777405,toilet_flush,brushing_teeth,washing_machine,0.22491316497325897,pouring_water,0.2175389975309372,cow,0.13413402438163757,hand_saw,0.12841622531414032,rooster,0.11780168116092682,hen,0.09361375868320465,thunderstorm,0.08975565433502197,sheep,0.07225407660007477
4-143118-A-7.wav,insects,door_wood_creaks,False,0.34742143750190735,0.20300017297267914,0.1444212645292282,door_wood_creaks,fireworks,door_wood_knock,0.18561743199825287,cat,0.13802802562713623,wind,0.12076850980520248,cow,0.09854895621538162,brushing_teeth,0.09849970787763596,footsteps,0.0947900041937828,water_drops,0.09431535005569458,airplane,0.0878896564245224
4-143118-B-7.wav,insects,door_wood_creaks,False,0.3669862747192383,0.2557746469974518,0.1112116277217865,door_wood_creaks,wind,cow,0.21880082786083221,brushing_teeth,0.195378839969635,fireworks,0.186293825507164,cat,0.17676517367362976,door_wood_knock,0.17584820091724396,car_horn,0.16863465309143066,water_drops,0.16002430021762848,keyboard_typing,0.14700591564178467
4-144083-A-16.wav,wind,wind,True,0.3992648124694824,0.35655462741851807,0.042710185050964355,wind,airplane,vacuum_cleaner,0.27768614888191223,train,0.24112457036972046,siren,0.23652663826942444,dog,0.20360533893108368,helicopter,0.19707530736923218,fireworks,0.19194462895393372,sea_waves,0.19153249263763428,thunderstorm,0.18838423490524292
4-144083-B-16.wav,wind,wind,True,0.48318031430244446,0.3784135580062866,0.10476675629615784,wind,airplane,thunderstorm,0.3681492507457733,chirping_birds,0.2983345091342926,crow,0.289345383644104,train,0.2888450026512146,siren,0.27434587478637695,chainsaw,0.24752062559127808,helicopter,0.246770441532135,rooster,0.23563921451568604
4-144083-C-16.wav,wind,wind,True,0.4773375988006592,0.36799368262290955,0.10934391617774963,wind,siren,thunderstorm,0.3422889709472656,airplane,0.33708685636520386,vacuum_cleaner,0.32145464420318604,chainsaw,0.3102167248725891,cat,0.2601870894432068,crow,0.25159114599227905,crying_baby,0.25077205896377563,train,0.24352899193763733
4-144085-A-16.wav,wind,siren,False,0.4600622057914734,0.44004112482070923,0.02002108097076416,siren,wind,thunderstorm,0.3596537113189697,cow,0.33041730523109436,crying_baby,0.3267979919910431,vacuum_cleaner,0.3223167657852173,chainsaw,0.31791940331459045,airplane,0.314031183719635,cat,0.30097702145576477,crow,0.29930543899536133
4-144468-A-27.wav,brushing_teeth,brushing_teeth,True,0.6889240741729736,0.20039771497249603,0.4885263592004776,brushing_teeth,hand_saw,clapping,0.1853213608264923,vacuum_cleaner,0.1623113453388214,drinking_sipping,0.14819630980491638,cat,0.12394898384809494,crying_baby,0.11000734567642212,snoring,0.10012252628803253,can_opening,0.09134306758642197,chainsaw,0.0878043994307518
4-144468-B-27.wav,brushing_teeth,brushing_teeth,True,0.6383559703826904,0.2232552170753479,0.41510075330734253,brushing_teeth,drinking_sipping,pouring_water,0.18343234062194824,can_opening,0.181851327419281,cow,0.15978194773197174,washing_machine,0.143838569521904,hand_saw,0.1430073082447052,snoring,0.1133018508553505,cat,0.10800782591104507,clapping,0.09699232131242752
4-145006-A-18.wav,toilet_flush,toilet_flush,True,0.44667428731918335,0.23455238342285156,0.2121219038963318,toilet_flush,brushing_teeth,washing_machine,0.21331705152988434,pouring_water,0.1741587072610855,hand_saw,0.12368632853031158,rooster,0.10838906466960907,cow,0.09260538220405579,vacuum_cleaner,0.09152603894472122,engine,0.06118221580982208,thunderstorm,0.06049184873700142
4-145081-A-9.wav,crow,crow,True,0.5643066167831421,0.22669470310211182,0.3376119136810303,crow,pig,cow,0.21644216775894165,church_bells,0.20256277918815613,rooster,0.1986256241798401,sheep,0.18988408148288727,cat,0.17962464690208435,chainsaw,0.17918001115322113,airplane,0.17780324816703796,crying_baby,0.1645548939704895
4-146200-A-36.wav,vacuum_cleaner,vacuum_cleaner,True,0.5378556847572327,0.3438660502433777,0.19398963451385498,vacuum_cleaner,washing_machine,engine,0.3085717558860779,hand_saw,0.2760125398635864,brushing_teeth,0.229294091463089,airplane,0.22543549537658691,chainsaw,0.19542473554611206,train,0.1952877640724182,wind,0.18174882233142853,rain,0.16811254620552063
4-147240-A-2.wav,pig,pig,True,0.617538332939148,0.3830638825893402,0.23447445034980774,pig,cow,sheep,0.36791685223579407,hen,0.3298972249031067,crow,0.20416288077831268,dog,0.18831580877304077,rooster,0.18210002779960632,drinking_sipping,0.17784267663955688,snoring,0.14520275592803955,church_bells,0.14232076704502106
4-147240-B-2.wav,pig,pig,True,0.602030873298645,0.31412917375564575,0.28790169954299927,pig,cow,hen,0.29062169790267944,crow,0.2836284041404724,sheep,0.27457520365715027,rooster,0.23526383936405182,dog,0.2146247774362564,drinking_sipping,0.2076006531715393,snoring,0.19176365435123444,thunderstorm,0.18712107837200165
4-147657-A-46.wav,church_bells,church_bells,True,0.4348852336406708,0.20057062804698944,0.23431460559368134,church_bells,car_horn,cow,0.11894448101520538,hen,0.11664825677871704,train,0.11296121776103973,crying_baby,0.1129043698310852,sheep,0.10962846130132675,glass_breaking,0.10253697633743286,sneezing,0.09689965844154358,chirping_birds,0.09448427706956863
4-147658-A-46.wav,church_bells,church_bells,True,0.5610644817352295,0.24075119197368622,0.3203132897615433,church_bells,crying_baby,glass_breaking,0.2038908749818802,sneezing,0.16755834221839905,cow,0.1472187638282776,coughing,0.11853182315826416,hen,0.10984960198402405,pouring_water,0.1019820123910904,clock_alarm,0.0947282537817955,breathing,0.09353232383728027
4-149294-A-41.wav,chainsaw,chainsaw,True,0.5047202110290527,0.4647694528102875,0.03995075821876526,chainsaw,hand_saw,vacuum_cleaner,0.3862750232219696,brushing_teeth,0.3608144521713257,sheep,0.2152749001979828,snoring,0.187929168343544,engine,0.18152128159999847,train,0.17796699702739716,cow,0.1771579086780548,crying_baby,0.16923263669013977
4-149294-B-41.wav,chainsaw,chainsaw,True,0.5038197040557861,0.42050981521606445,0.08330988883972168,chainsaw,hand_saw,sheep,0.31271204352378845,brushing_teeth,0.31177446246147156,vacuum_cleaner,0.286181777715683,cow,0.23523318767547607,rooster,0.21276767551898956,dog,0.18685775995254517,crying_baby,0.1828477680683136,train,0.1434905230998993
4-149940-A-5.wav,cat,cat,True,0.6261992454528809,0.38661348819732666,0.2395857572555542,cat,dog,crying_baby,0.28676316142082214,frog,0.22381265461444855,sheep,0.21541047096252441,cow,0.18902179598808289,vacuum_cleaner,0.1825815737247467,rooster,0.17697229981422424,hen,0.17642128467559814,crow,0.159508615732193
4-149940-B-5.wav,cat,cat,True,0.6212068200111389,0.2961788475513458,0.3250279724597931,cat,sheep,cow,0.26719629764556885,crying_baby,0.2636144757270813,dog,0.23753666877746582,vacuum_cleaner,0.15606766939163208,frog,0.14908906817436218,crow,0.148377925157547,hen,0.1430102288722992,rooster,0.10214739292860031
4-150364-A-46.wav,church_bells,church_bells,True,0.5829078555107117,0.28222984075546265,0.300678014755249,church_bells,crying_baby,clock_alarm,0.20478126406669617,glass_breaking,0.20216207206249237,hen,0.18835070729255676,cat,0.17378544807434082,cow,0.16332590579986572,sneezing,0.1375453621149063,crow,0.13391676545143127,siren,0.1261543184518814
4-150364-B-46.wav,church_bells,church_bells,True,0.63371342420578,0.30865639448165894,0.3250570297241211,church_bells,crying_baby,glass_breaking,0.25350549817085266,crow,0.21030506491661072,siren,0.19056382775306702,clock_alarm,0.1864713430404663,cow,0.18486858904361725,hen,0.16596250236034393,cat,0.16525161266326904,sneezing,0.16067533195018768
4-151242-A-37.wav,clock_alarm,clock_alarm,True,0.6452526450157166,0.2806309461593628,0.36462169885635376,clock_alarm,hen,car_horn,0.2790643572807312,frog,0.22687694430351257,clock_tick,0.21397387981414795,rooster,0.21353240311145782,cow,0.20321032404899597,brushing_teeth,0.18692417442798615,door_wood_knock,0.18324686586856842,siren,0.180307537317276
4-152958-A-18.wav,toilet_flush,toilet_flush,True,0.45219141244888306,0.28428924083709717,0.1679021716117859,toilet_flush,brushing_teeth,washing_machine,0.2589617967605591,pouring_water,0.2013043314218521,cow,0.16834565997123718,rooster,0.16143357753753662,hand_saw,0.14425310492515564,vacuum_cleaner,0.10957637429237366,sheep,0.08139929920434952,sea_waves,0.07103745639324188
4-152995-A-24.wav,coughing,coughing,True,0.5528751015663147,0.3951760530471802,0.15769904851913452,coughing,sneezing,hen,0.3530574440956116,breathing,0.33839982748031616,drinking_sipping,0.273712694644928,clock_tick,0.2693256139755249,pig,0.26915988326072693,cow,0.26875224709510803,rooster,0.2415168136358261,laughing,0.23180362582206726
4-154405-A-27.wav,brushing_teeth,brushing_teeth,True,0.6659416556358337,0.3022618293762207,0.36367982625961304,brushing_teeth,drinking_sipping,snoring,0.24552865326404572,hand_saw,0.19844552874565125,can_opening,0.18028457462787628,pig,0.17513087391853333,cow,0.17177969217300415,wind,0.1713159680366516,cat,0.16427528858184814,crying_baby,0.14003504812717438
4-154405-B-27.wav,brushing_teeth,brushing_teeth,True,0.6710259914398193,0.3474094569683075,0.32361653447151184,brushing_teeth,drinking_sipping,snoring,0.24876278638839722,wind,0.18181118369102478,cow,0.17668959498405457,pouring_water,0.17423711717128754,pig,0.16417071223258972,breathing,0.1583220511674881,cat,0.15178552269935608,can_opening,0.15119002759456635
4-154443-A-24.wav,coughing,sneezing,False,0.4336411952972412,0.3983834981918335,0.035257697105407715,sneezing,coughing,pig,0.30651167035102844,drinking_sipping,0.3055484890937805,rooster,0.2878603935241699,hen,0.25901490449905396,dog,0.25283414125442505,cow,0.23736782371997833,crying_baby,0.22568273544311523,laughing,0.2142089605331421
4-154793-A-4.wav,frog,frog,True,0.5579296350479126,0.3096417784690857,0.2482878565788269,frog,hen,crickets,0.3041073977947235,rooster,0.30330806970596313,door_wood_creaks,0.3017820417881012,pig,0.29962292313575745,cow,0.29157036542892456,crying_baby,0.27967673540115356,cat,0.27405619621276855,door_wood_knock,0.2541680335998535
4-155650-A-24.wav,coughing,coughing,True,0.5926913022994995,0.3744265139102936,0.21826478838920593,coughing,sneezing,hen,0.367098867893219,breathing,0.27032315731048584,laughing,0.25408750772476196,cow,0.24777808785438538,crying_baby,0.23174360394477844,drinking_sipping,0.1969253271818161,fireworks,0.19301092624664307,clock_tick,0.1903899759054184
4-155650-B-24.wav,coughing,coughing,True,0.4301535487174988,0.32415494322776794,0.10599860548973083,coughing,sneezing,rooster,0.2841451168060303,crying_baby,0.24488617479801178,hen,0.22617074847221375,laughing,0.2176264077425003,cow,0.19430479407310486,breathing,0.18742424249649048,cat,0.17955660820007324,train,0.16067498922348022
4-155670-A-26.wav,laughing,laughing,True,0.4571227431297302,0.27597957849502563,0.1811431646347046,laughing,crying_baby,hen,0.23446887731552124,brushing_teeth,0.20104146003723145,cat,0.20073378086090088,cow,0.18042272329330444,dog,0.16740946471691132,clapping,0.16628707945346832,rooster,0.12078619748353958,pig,0.10735013335943222
4-156227-A-9.wav,crow,crow,True,0.5822668075561523,0.2602102756500244,0.32205653190612793,crow,cow,chirping_birds,0.2555147409439087,cat,0.24103006720542908,wind,0.23667305707931519,crying_baby,0.23092147707939148,insects,0.2272910475730896,church_bells,0.22672998905181885,sheep,0.21863055229187012,airplane,0.21834099292755127
4-156827-A-46.wav,church_bells,church_bells,True,0.5782453417778015,0.32234084606170654,0.25590449571609497,church_bells,crying_baby,glass_breaking,0.258597731590271,crow,0.22935239970684052,coughing,0.20374396443367004,breathing,0.19732731580734253,clapping,0.18954284489154816,clock_alarm,0.18674981594085693,laughing,0.18520942330360413,cow,0.180277019739151
4-156843-A-21.wav,sneezing,sneezing,True,0.5648204684257507,0.4320181608200073,0.1328023076057434,sneezing,coughing,cow,0.33364641666412354,hen,0.3199726939201355,laughing,0.3111613988876343,drinking_sipping,0.2765966057777405,breathing,0.26951950788497925,crow,0.24519237875938416,cat,0.22149555385112762,crying_baby,0.20590215921401978
4-156844-A-21.wav,sneezing,sneezing,True,0.6266806125640869,0.2988819181919098,0.3277986943721771,sneezing,coughing,drinking_sipping,0.22265967726707458,hen,0.2095162272453308,breathing,0.1775895655155182,cow,0.17049671709537506,laughing,0.1489320546388626,church_bells,0.13858574628829956,crying_baby,0.1185552328824997,sheep,0.09698034822940826
4-156993-A-19.wav,thunderstorm,thunderstorm,True,0.5335770845413208,0.37949085235595703,0.15408623218536377,thunderstorm,rain,fireworks,0.27549874782562256,wind,0.20329876244068146,crow,0.19393740594387054,rooster,0.1892760694026947,cow,0.17784208059310913,crackling_fire,0.17658959329128265,chainsaw,0.14919668436050415,engine,0.14480160176753998
4-157296-A-24.wav,coughing,coughing,True,0.5988306999206543,0.38123399019241333,0.21759670972824097,coughing,sneezing,hen,0.3472748100757599,laughing,0.2993834316730499,pig,0.2772955894470215,breathing,0.27483469247817993,drinking_sipping,0.2265228033065796,dog,0.20704160630702972,crying_baby,0.19741514325141907,cow,0.18287605047225952
4-157297-A-21.wav,sneezing,sneezing,True,0.45280176401138306,0.1135200634598732,0.33928170055150986,sneezing,drinking_sipping,cow,0.10484595596790314,coughing,0.09717760235071182,dog,0.09634463489055634,can_opening,0.0954519510269165,hen,0.07981355488300323,sheep,0.06967368721961975,church_bells,0.05857151001691818,crow,0.05445341765880585
4-157611-A-41.wav,chainsaw,chainsaw,True,0.4023113548755646,0.3823239803314209,0.019987374544143677,chainsaw,engine,washing_machine,0.31888508796691895,vacuum_cleaner,0.30759453773498535,hand_saw,0.2958611845970154,sheep,0.26845866441726685,cow,0.2592597007751465,rooster,0.21108630299568176,brushing_teeth,0.2022361159324646,crying_baby,0.16944460570812225
4-157611-B-41.wav,chainsaw,chainsaw,True,0.41211768984794617,0.35460585355758667,0.0575118362903595,chainsaw,engine,hand_saw,0.34421831369400024,washing_machine,0.25650790333747864,vacuum_cleaner,0.25440189242362976,brushing_teeth,0.2100515514612198,helicopter,0.1743917018175125,airplane,0.16637258231639862,sheep,0.15730419754981995,cow,0.13404814898967743
4-158653-A-32.wav,keyboard_typing,keyboard_typing,True,0.47878244519233704,0.35431280732154846,0.12446963787078857,keyboard_typing,mouse_click,water_drops,0.17733709514141083,pouring_water,0.16453251242637634,airplane,0.15365535020828247,rain,0.1352004110813141,chirping_birds,0.1341622918844223,helicopter,0.10441124439239502,footsteps,0.09417536109685898,cat,0.09081891179084778
4-159426-A-9.wav,crow,crow,True,0.5960859060287476,0.28706687688827515,0.3090190291404724,crow,cow,rooster,0.28602221608161926,sheep,0.26115381717681885,cat,0.25391530990600586,chainsaw,0.24604104459285736,crying_baby,0.22291907668113708,pig,0.2159372717142105,church_bells,0.19474497437477112,insects,0.1600176841020584
4-159609-A-14.wav,chirping_birds,chirping_birds,True,0.511256992816925,0.24017053842544556,0.2710864543914795,chirping_birds,crow,hen,0.1826653778553009,dog,0.15936508774757385,rooster,0.15256398916244507,train,0.1432521492242813,frog,0.13756418228149414,airplane,0.12985530495643616,rain,0.11815066635608673,chainsaw,0.11757941544055939
4-159609-B-14.wav,chirping_birds,chirping_birds,True,0.5217292904853821,0.23187866806983948,0.2898506224155426,chirping_birds,hen,crow,0.18980534374713898,rooster,0.1741933375597,frog,0.1692301332950592,train,0.15693427622318268,airplane,0.13155195116996765,car_horn,0.1260993629693985,cow,0.1260417103767395,dog,0.1242191344499588
4-160036-A-33.wav,door_wood_creaks,door_wood_creaks,True,0.5326684713363647,0.32303088903427124,0.2096375823020935,door_wood_creaks,door_wood_knock,frog,0.17954321205615997,rooster,0.16399435698986053,chirping_birds,0.12797729671001434,crow,0.11977636069059372,helicopter,0.11849039047956467,clock_tick,0.10478410869836807,crickets,0.09786330163478851,insects,0.09653425961732864
4-160036-B-33.wav,door_wood_creaks,door_wood_creaks,True,0.4747355878353119,0.15436409413814545,0.32037149369716644,door_wood_creaks,snoring,door_wood_knock,0.15071308612823486,rooster,0.1381901204586029,crow,0.1221977099776268,wind,0.09181111305952072,dog,0.07375001907348633,cat,0.0578729510307312,frog,0.05587171018123627,hand_saw,0.05238895118236542
4-160999-A-10.wav,rain,rain,True,0.36897629499435425,0.34686514735221863,0.02211114764213562,rain,thunderstorm,washing_machine,0.33864372968673706,toilet_flush,0.3117286264896393,crackling_fire,0.2858240306377411,rooster,0.2811654210090637,train,0.2719193398952484,brushing_teeth,0.2600369155406952,engine,0.25363650918006897,chainsaw,0.23951780796051025
4-161099-A-47.wav,airplane,airplane,True,0.5865434408187866,0.5057867765426636,0.08075666427612305,airplane,helicopter,wind,0.3725387752056122,chirping_birds,0.3360136151313782,thunderstorm,0.30426734685897827,train,0.26628416776657104,crow,0.26361462473869324,engine,0.2571023106575012,insects,0.24544741213321686,dog,0.23974820971488953
4-161099-B-47.wav,airplane,airplane,True,0.5726149082183838,0.46057432889938354,0.11204057931900024,airplane,helicopter,wind,0.31222814321517944,thunderstorm,0.2827344536781311,train,0.2593194246292114,engine,0.23665577173233032,sea_waves,0.19603021442890167,fireworks,0.18708139657974243,vacuum_cleaner,0.1854858547449112,rooster,0.18079978227615356
4-161100-A-47.wav,airplane,airplane,True,0.5258966684341431,0.3693186640739441,0.15657800436019897,airplane,helicopter,thunderstorm,0.27982938289642334,wind,0.2705895006656647,chainsaw,0.22470803558826447,engine,0.21919111907482147,train,0.21387512981891632,vacuum_cleaner,0.17153263092041016,sea_waves,0.1626676619052887,rooster,0.16069045662879944
4-161103-A-47.wav,airplane,airplane,True,0.5364068746566772,0.42056864500045776,0.11583822965621948,airplane,helicopter,chainsaw,0.27390772104263306,thunderstorm,0.2644919753074646,engine,0.2629120945930481,wind,0.2581615149974823,train,0.223896324634552,rooster,0.2202637642621994,dog,0.19909720122814178,chirping_birds,0.19728662073612213
4-161105-A-47.wav,airplane,airplane,True,0.6271196603775024,0.5466150045394897,0.0805046558380127,airplane,helicopter,wind,0.34816068410873413,engine,0.3361295461654663,chirping_birds,0.2908901572227478,thunderstorm,0.29056981205940247,insects,0.2757926881313324,train,0.2667871415615082,sea_waves,0.2600238621234894,vacuum_cleaner,0.2548750936985016
4-161105-B-47.wav,airplane,helicopter,False,0.5768314599990845,0.5365422964096069,0.04028916358947754,helicopter,airplane,engine,0.3325216770172119,wind,0.2604033052921295,train,0.24653643369674683,chirping_birds,0.24210351705551147,siren,0.2379935085773468,sea_waves,0.23001232743263245,chainsaw,0.222519651055336,cow,0.21224333345890045
4-161127-A-10.wav,rain,rain,True,0.4356454610824585,0.340921014547348,0.09472444653511047,rain,engine,sea_waves,0.3377624452114105,thunderstorm,0.3286367952823639,crackling_fire,0.30511605739593506,wind,0.26712799072265625,airplane,0.2484642118215561,pouring_water,0.24343188107013702,train,0.21192380785942078,vacuum_cleaner,0.19539609551429749
4-161303-A-5.wav,cat,cat,True,0.5991039276123047,0.34120818972587585,0.25789573788642883,cat,frog,cow,0.2492569535970688,sheep,0.22783979773521423,hen,0.22744330763816833,crying_baby,0.22714558243751526,dog,0.20277903974056244,crow,0.16839265823364258,clock_alarm,0.150428906083107,door_wood_creaks,0.1454681009054184
4-161303-B-5.wav,cat,cat,True,0.6430046558380127,0.3703921139240265,0.2726125419139862,cat,frog,crow,0.27809786796569824,hen,0.27544209361076355,crying_baby,0.27217015624046326,cow,0.26962345838546753,dog,0.2672063708305359,sheep,0.21833062171936035,rooster,0.20149841904640198,car_horn,0.19622310996055603
4-161519-A-19.wav,thunderstorm,thunderstorm,True,0.49022892117500305,0.33593887090682983,0.15429005026817322,thunderstorm,fireworks,crow,0.275037944316864,rain,0.2442273050546646,wind,0.22182534635066986,airplane,0.21223056316375732,cow,0.2118557244539261,rooster,0.19472837448120117,train,0.1814023107290268,church_bells,0.169908344745636
4-161579-A-40.wav,helicopter,helicopter,True,0.49667975306510925,0.3311406970024109,0.16553905606269836,helicopter,airplane,train,0.3183978199958801,sea_waves,0.3182447552680969,engine,0.31777438521385193,washing_machine,0.29473721981048584,rooster,0.2839164733886719,frog,0.2699171304702759,chainsaw,0.26267915964126587,cow,0.25293630361557007
4-161579-B-40.wav,helicopter,helicopter,True,0.6166634559631348,0.4130876660346985,0.20357578992843628,helicopter,airplane,engine,0.329245388507843,wind,0.24233290553092957,train,0.2277843952178955,washing_machine,0.21687191724777222,hand_saw,0.19144544005393982,vacuum_cleaner,0.1887785643339157,crackling_fire,0.18540920317173004,brushing_teeth,0.18150384724140167
4-163264-A-10.wav,rain,rain,True,0.42506033182144165,0.2561938762664795,0.16886645555496216,rain,thunderstorm,engine,0.23893004655838013,pouring_water,0.23800265789031982,sea_waves,0.17444752156734467,toilet_flush,0.17246687412261963,washing_machine,0.15753111243247986,crackling_fire,0.1351878046989441,vacuum_cleaner,0.12742173671722412,church_bells,0.11932871490716934
4-163606-A-16.wav,wind,wind,True,0.5196963548660278,0.3362123966217041,0.18348395824432373,wind,train,airplane,0.30918264389038086,engine,0.3044651448726654,breathing,0.2607928514480591,vacuum_cleaner,0.23923546075820923,washing_machine,0.22650408744812012,thunderstorm,0.22285211086273193,insects,0.21891595423221588,helicopter,0.21617689728736877
4-163608-B-16.wav,wind,wind,True,0.4351274073123932,0.28231483697891235,0.15281257033348083,wind,thunderstorm,sea_waves,0.24712039530277252,crackling_fire,0.24070978164672852,train,0.22892296314239502,engine,0.20494860410690308,airplane,0.19255220890045166,helicopter,0.17628778517246246,breathing,0.17385202646255493,fireworks,0.14383752644062042
4-163609-A-16.wav,wind,wind,True,0.5181567668914795,0.42580941319465637,0.09234735369682312,wind,airplane,thunderstorm,0.3462516665458679,train,0.33465826511383057,engine,0.3287777900695801,breathing,0.3140494227409363,helicopter,0.29003334045410156,washing_machine,0.22187042236328125,clock_tick,0.2164434790611267,vacuum_cleaner,0.21135951578617096
4-163609-B-16.wav,wind,wind,True,0.4914163053035736,0.3083992600440979,0.1830170452594757,wind,thunderstorm,train,0.2860664427280426,breathing,0.2725341320037842,fireworks,0.2686954736709595,engine,0.22222276031970978,airplane,0.22194835543632507,crackling_fire,0.17907366156578064,clock_tick,0.17481887340545654,helicopter,0.16058456897735596
4-163697-A-13.wav,crickets,crickets,True,0.37383943796157837,0.3706158399581909,0.003223598003387451,crickets,insects,brushing_teeth,0.3571919798851013,cow,0.25963276624679565,frog,0.21711207926273346,wind,0.17967501282691956,hand_saw,0.16338837146759033,sheep,0.15646609663963318,crow,0.15636131167411804,can_opening,0.1391422301530838
4-164021-A-1.wav,rooster,hen,False,0.5999952554702759,0.5478556156158447,0.05213963985443115,hen,rooster,cow,0.49742674827575684,crow,0.3716105818748474,frog,0.32410869002342224,pig,0.286210298538208,crying_baby,0.2601400911808014,clock_alarm,0.24902163445949554,sheep,0.24678635597229004,insects,0.2053542137145996
4-164064-A-1.wav,rooster,rooster,True,0.6373898386955261,0.5035173892974854,0.13387244939804077,rooster,hen,cow,0.4630555510520935,crow,0.44832226634025574,crying_baby,0.3145637810230255,frog,0.3037284314632416,thunderstorm,0.2725881338119507,chirping_birds,0.2691457271575928,dog,0.26841098070144653,insects,0.25357842445373535
4-164064-B-1.wav,rooster,rooster,True,0.6256586313247681,0.5902887582778931,0.035369873046875,rooster,hen,cow,0.456817626953125,crow,0.4495314359664917,frog,0.32820501923561096,chirping_birds,0.30049535632133484,crying_baby,0.28947192430496216,insects,0.2739265561103821,dog,0.2584766149520874,thunderstorm,0.24604246020317078
4-164064-C-1.wav,rooster,rooster,True,0.5943849682807922,0.5337302684783936,0.06065469980239868,rooster,hen,cow,0.451861172914505,crow,0.41174447536468506,frog,0.307786762714386,insects,0.2653757333755493,crying_baby,0.2623905539512634,clock_alarm,0.26171520352363586,dog,0.24523518979549408,thunderstorm,0.2438727170228958
4-164206-A-10.wav,rain,rain,True,0.44501903653144836,0.2904587686061859,0.15456026792526245,rain,engine,thunderstorm,0.28203603625297546,washing_machine,0.20358087122440338,crackling_fire,0.20234525203704834,hen,0.14515283703804016,pouring_water,0.1349564492702484,hand_saw,0.11286381632089615,clock_tick,0.09684566408395767,vacuum_cleaner,0.08766113221645355
4-164243-A-26.wav,laughing,laughing,True,0.5125985741615295,0.19558033347129822,0.3170182406902313,laughing,rooster,clapping,0.19421015679836273,crying_baby,0.167464941740036,cat,0.1487496793270111,hen,0.1423541009426117,siren,0.11241484433412552,crow,0.08352519571781158,sneezing,0.07414717227220535,dog,0.06973826140165329
4-164661-A-12.wav,crackling_fire,crackling_fire,True,0.4498332738876343,0.3164505362510681,0.13338273763656616,crackling_fire,washing_machine,toilet_flush,0.23105724155902863,engine,0.19304326176643372,rain,0.17375636100769043,can_opening,0.14218686521053314,pouring_water,0.13102194666862488,vacuum_cleaner,0.11855866014957428,glass_breaking,0.11161057651042938,insects,0.10302913188934326
4-164661-B-12.wav,crackling_fire,crackling_fire,True,0.5033475160598755,0.2667391002178192,0.23660841584205627,crackling_fire,can_opening,water_drops,0.2279791235923767,washing_machine,0.2196858823299408,toilet_flush,0.18767276406288147,pouring_water,0.18603193759918213,rain,0.17167358100414276,engine,0.1357160359621048,crickets,0.13291813433170319,cat,0.1293027549982071
4-164859-A-1.wav,rooster,rooster,True,0.6159704923629761,0.4174708425998688,0.1984996497631073,rooster,crow,cow,0.3946468234062195,hen,0.38452303409576416,frog,0.3699101209640503,siren,0.36870184540748596,dog,0.36426642537117004,chainsaw,0.2826310396194458,crying_baby,0.26876673102378845,car_horn,0.26618096232414246
4-165606-A-45.wav,train,train,True,0.49382418394088745,0.27771902084350586,0.2161051630973816,train,coughing,washing_machine,0.2546454668045044,engine,0.2538674473762512,clock_tick,0.20988935232162476,airplane,0.18451012670993805,breathing,0.15836164355278015,laughing,0.14104995131492615,drinking_sipping,0.1387929618358612,wind,0.13213175535202026
4-165791-A-45.wav,train,train,True,0.5344089269638062,0.2614617943763733,0.27294713258743286,train,engine,airplane,0.23797845840454102,coughing,0.22592851519584656,breathing,0.18433992564678192,washing_machine,0.1723661869764328,hen,0.163204163312912,wind,0.14341647922992706,helicopter,0.1410636305809021,clock_tick,0.13264280557632446
4-165791-B-45.wav,train,train,True,0.5388727784156799,0.23381660878658295,0.305056169629097,train,airplane,engine,0.23004311323165894,coughing,0.1895948350429535,washing_machine,0.1765780746936798,helicopter,0.16542284190654755,clock_tick,0.16351954638957977,hen,0.15728381276130676,chirping_birds,0.1448732167482376,clock_alarm,0.1362389326095581
4-165813-A-19.wav,thunderstorm,thunderstorm,True,0.5424924492835999,0.43120139837265015,0.11129105091094971,thunderstorm,fireworks,crow,0.30994659662246704,wind,0.29928138852119446,rain,0.2797248065471649,crackling_fire,0.21200412511825562,airplane,0.19852054119110107,rooster,0.1900830864906311,clock_tick,0.17881837487220764,train,0.1691083014011383
4-165813-B-19.wav,thunderstorm,thunderstorm,True,0.5172656774520874,0.48677873611450195,0.03048694133758545,thunderstorm,fireworks,crow,0.3218117952346802,wind,0.28321123123168945,airplane,0.23747234046459198,rain,0.22911041975021362,cow,0.20536333322525024,rooster,0.17505690455436707,cat,0.1632419228553772,train,0.16122393310070038
4-165823-A-41.wav,chainsaw,chainsaw,True,0.6403268575668335,0.44537097215652466,0.19495588541030884,chainsaw,hand_saw,sheep,0.28914517164230347,cow,0.27007952332496643,crying_baby,0.24226757884025574,vacuum_cleaner,0.23322023451328278,crow,0.21120372414588928,brushing_teeth,0.19435083866119385,engine,0.1542012244462967,rooster,0.15029364824295044
4-165823-B-41.wav,chainsaw,chainsaw,True,0.6585425138473511,0.4751179814338684,0.18342453241348267,chainsaw,hand_saw,vacuum_cleaner,0.28681519627571106,sheep,0.2534083127975464,brushing_teeth,0.24839229881763458,cow,0.22764649987220764,crying_baby,0.22242587804794312,snoring,0.16364359855651855,engine,0.1616668850183487,crow,0.15857961773872375
4-165845-A-45.wav,train,train,True,0.46152591705322266,0.20952174067497253,0.2520041763782501,train,hen,engine,0.2080090343952179,coughing,0.1930408477783203,washing_machine,0.16277551651000977,chirping_birds,0.1467740684747696,clock_tick,0.1453889012336731,airplane,0.14040111005306244,helicopter,0.13827788829803467,clock_alarm,0.12412487715482712
4-165845-B-45.wav,train,train,True,0.4966335892677307,0.24201375246047974,0.254619836807251,train,hen,engine,0.18766315281391144,chirping_birds,0.17914241552352905,coughing,0.17857308685779572,car_horn,0.1406271755695343,clock_alarm,0.13819751143455505,helicopter,0.13442665338516235,dog,0.13394016027450562,airplane,0.1311923861503601
4-165933-A-45.wav,train,train,True,0.43850958347320557,0.2441338747739792,0.19437570869922638,train,coughing,door_wood_knock,0.1893421858549118,washing_machine,0.1763058751821518,engine,0.14180856943130493,hen,0.14042234420776367,dog,0.13043710589408875,airplane,0.12540987133979797,laughing,0.12315821647644043,helicopter,0.12217292189598083
4-166661-A-10.wav,rain,rain,True,0.40764927864074707,0.3131698668003082,0.09447941184043884,rain,crackling_fire,engine,0.20654672384262085,thunderstorm,0.19516727328300476,clapping,0.164417564868927,clock_tick,0.12657266855239868,wind,0.11804639548063278,hen,0.11394545435905457,footsteps,0.06649838387966156,train,0.06640590727329254
4-167063-A-11.wav,sea_waves,sea_waves,True,0.4011842608451843,0.10308520495891571,0.2980990558862686,sea_waves,pouring_water,wind,0.06127087026834488,train,0.04751434549689293,dog,0.03418689966201782,airplane,0.021936150267720222,helicopter,0.019059382379055023,laughing,0.016144543886184692,crying_baby,0.011993633583188057,glass_breaking,0.009954731911420822
4-167063-B-11.wav,sea_waves,sea_waves,True,0.4650256335735321,0.07919501513242722,0.3858306184411049,sea_waves,wind,pouring_water,0.05264762416481972,thunderstorm,0.04116992652416229,glass_breaking,0.03649964556097984,dog,0.025971263647079468,train,0.02556629851460457,crow,0.01807372458279133,helicopter,0.016967710107564926,airplane,0.00881564524024725
4-167063-C-11.wav,sea_waves,sea_waves,True,0.4617108702659607,0.11132814735174179,0.3503827229142189,sea_waves,wind,thunderstorm,0.09524483978748322,pouring_water,0.09416350722312927,train,0.07754641771316528,glass_breaking,0.05835311859846115,airplane,0.05755610764026642,rain,0.040008943527936935,helicopter,0.03700806200504303,crow,0.03456926718354225
4-167077-A-20.wav,crying_baby,crying_baby,True,0.4755997359752655,0.29584068059921265,0.17975905537605286,crying_baby,coughing,cat,0.2837618291378021,sneezing,0.25727570056915283,sheep,0.22854499518871307,cow,0.20245112478733063,laughing,0.19468137621879578,hen,0.17896458506584167,brushing_teeth,0.1757442057132721,breathing,0.17076978087425232
4-167077-B-20.wav,crying_baby,crying_baby,True,0.5425952672958374,0.2811771631240845,0.26141810417175293,crying_baby,cat,sheep,0.2491689920425415,cow,0.2048051953315735,coughing,0.18257418274879456,hen,0.1756715476512909,sneezing,0.17441555857658386,laughing,0.17363756895065308,dog,0.13939550518989563,frog,0.1257275938987732
4-167077-C-20.wav,crying_baby,crying_baby,True,0.5296458005905151,0.32756781578063965,0.2020779848098755,crying_baby,cat,sheep,0.24370987713336945,cow,0.2218543142080307,laughing,0.22132514417171478,dog,0.21149364113807678,coughing,0.20919404923915863,brushing_teeth,0.19795995950698853,hen,0.178048774600029,sneezing,0.1675383448600769
4-167155-A-32.wav,keyboard_typing,keyboard_typing,True,0.48036134243011475,0.3515195846557617,0.12884175777435303,keyboard_typing,mouse_click,washing_machine,0.19531136751174927,helicopter,0.18463599681854248,pouring_water,0.1715027391910553,water_drops,0.15968064963817596,airplane,0.15434888005256653,engine,0.13249322772026062,chirping_birds,0.12911632657051086,clock_tick,0.11994185298681259
4-167571-A-26.wav,laughing,laughing,True,0.37632396817207336,0.3083343505859375,0.06798961758613586,laughing,rooster,sheep,0.2911776900291443,pig,0.2593667507171631,crying_baby,0.24905437231063843,dog,0.24376343190670013,hen,0.2395249754190445,chainsaw,0.22116118669509888,hand_saw,0.2202751785516739,cow,0.18305520713329315
4-167642-A-21.wav,sneezing,sneezing,True,0.5710837841033936,0.3058575391769409,0.26522624492645264,sneezing,drinking_sipping,coughing,0.24009688198566437,breathing,0.22054116427898407,crow,0.19634558260440826,snoring,0.18723160028457642,pig,0.18509207665920258,brushing_teeth,0.17420756816864014,dog,0.1597108542919159,rooster,0.1482718288898468
4-168155-A-15.wav,water_drops,water_drops,True,0.5230344533920288,0.38300031423568726,0.14003413915634155,water_drops,pouring_water,frog,0.2099287211894989,mouse_click,0.2093183845281601,chirping_birds,0.18850325047969818,door_wood_knock,0.17136231064796448,washing_machine,0.170404851436615,car_horn,0.1616254448890686,brushing_teeth,0.1611497402191162,keyboard_typing,0.13528789579868317
4-168446-A-45.wav,train,train,True,0.56550133228302,0.2759123146533966,0.2895890176296234,train,engine,coughing,0.2519489526748657,washing_machine,0.24158872663974762,airplane,0.20284992456436157,hen,0.19032084941864014,helicopter,0.1796570122241974,clock_tick,0.15804779529571533,breathing,0.15284058451652527,thunderstorm,0.147746279835701
4-168868-A-17.wav,pouring_water,pouring_water,True,0.5026013851165771,0.32022738456726074,0.1823740005493164,pouring_water,brushing_teeth,drinking_sipping,0.27658724784851074,washing_machine,0.20501649379730225,water_drops,0.2042984664440155,toilet_flush,0.17760267853736877,can_opening,0.1643616110086441,helicopter,0.110880047082901,breathing,0.10587984323501587,rain,0.0879962369799614
4-169127-A-41.wav,chainsaw,chainsaw,True,0.6021884679794312,0.3885232210159302,0.21366524696350098,chainsaw,hand_saw,vacuum_cleaner,0.22074680030345917,brushing_teeth,0.20003767311573029,can_opening,0.16514940559864044,sheep,0.16253116726875305,cow,0.15020400285720825,snoring,0.13003216683864594,crying_baby,0.12821424007415771,glass_breaking,0.11885666102170944
4-169127-B-41.wav,chainsaw,chainsaw,True,0.5659911632537842,0.5106844902038574,0.05530667304992676,chainsaw,hand_saw,vacuum_cleaner,0.27205753326416016,crying_baby,0.1505579650402069,crow,0.1323518455028534,sheep,0.13093677163124084,glass_breaking,0.10616359114646912,rooster,0.10211558640003204,cow,0.10083279758691788,brushing_teeth,0.09224927425384521
4-169508-A-37.wav,clock_alarm,clock_alarm,True,0.5785850286483765,0.26949363946914673,0.30909138917922974,clock_alarm,hen,church_bells,0.23674245178699493,rooster,0.2277422845363617,car_horn,0.2018508017063141,pig,0.18998248875141144,chainsaw,0.17573818564414978,siren,0.17500518262386322,brushing_teeth,0.1736125946044922,crying_baby,0.16362744569778442
4-169726-A-24.wav,coughing,coughing,True,0.5518128871917725,0.4266119599342346,0.12520092725753784,coughing,sneezing,hen,0.3224062919616699,rooster,0.28422096371650696,breathing,0.28038281202316284,crying_baby,0.2499789148569107,laughing,0.24214865267276764,cow,0.23528940975666046,pig,0.20868545770645142,crow,0.20243972539901733
4-170078-A-1.wav,rooster,rooster,True,0.635155200958252,0.4783021807670593,0.15685302019119263,rooster,cow,hen,0.47802963852882385,crow,0.468830943107605,dog,0.34804874658584595,crying_baby,0.3103066086769104,frog,0.3096972107887268,pig,0.2881906032562256,thunderstorm,0.26352718472480774,sheep,0.2563285231590271
4-170247-A-12.wav,crackling_fire,crackling_fire,True,0.6450676918029785,0.20265597105026245,0.44241172075271606,crackling_fire,can_opening,fireworks,0.19411291182041168,water_drops,0.19080017507076263,glass_breaking,0.18046443164348602,footsteps,0.1597893238067627,wind,0.14542995393276215,crickets,0.1431577503681183,cat,0.14011222124099731,rain,0.12528333067893982
4-170247-B-12.wav,crackling_fire,crackling_fire,True,0.6529750227928162,0.21179580688476562,0.44117921590805054,crackling_fire,can_opening,wind,0.20211446285247803,footsteps,0.18267610669136047,fireworks,0.17948973178863525,glass_breaking,0.16716863214969635,crickets,0.16602560877799988,cat,0.1545560359954834,insects,0.15284015238285065,water_drops,0.14793743193149567
4-171207-A-12.wav,crackling_fire,crackling_fire,True,0.5025349855422974,0.2490367293357849,0.25349825620651245,crackling_fire,can_opening,helicopter,0.17969757318496704,washing_machine,0.15980875492095947,engine,0.158339262008667,water_drops,0.14053405821323395,wind,0.1359025090932846,airplane,0.12341083586215973,pouring_water,0.12198706716299057,keyboard_typing,0.10170666128396988
4-171396-A-24.wav,coughing,coughing,True,0.5914883613586426,0.43696191906929016,0.15452644228935242,coughing,sneezing,hen,0.3474738597869873,laughing,0.3435188829898834,pig,0.261401891708374,drinking_sipping,0.2571255564689636,cow,0.21449574828147888,breathing,0.21270652115345,can_opening,0.21228738129138947,crying_baby,0.1776568740606308
4-171519-A-21.wav,sneezing,sneezing,True,0.5367109775543213,0.45378273725509644,0.08292824029922485,sneezing,coughing,crying_baby,0.29896241426467896,breathing,0.26752039790153503,cow,0.2624579668045044,hen,0.2570567727088928,rooster,0.22350656986236572,drinking_sipping,0.21865248680114746,crow,0.20328348875045776,cat,0.178544282913208
4-171652-A-44.wav,engine,chainsaw,False,0.5574012398719788,0.32352107763290405,0.2338801622390747,chainsaw,hand_saw,engine,0.3117603659629822,airplane,0.24798062443733215,vacuum_cleaner,0.22048050165176392,helicopter,0.2098868489265442,laughing,0.18206839263439178,clapping,0.15515410900115967,brushing_teeth,0.153548002243042,snoring,0.14457067847251892
4-171706-A-23.wav,breathing,breathing,True,0.44994741678237915,0.2757183909416199,0.17422902584075928,breathing,sneezing,coughing,0.2525594234466553,laughing,0.23329311609268188,snoring,0.1671643704175949,dog,0.14954842627048492,drinking_sipping,0.1486087143421173,crying_baby,0.14567746222019196,brushing_teeth,0.13067685067653656,clapping,0.11593727767467499
4-171823-A-13.wav,crickets,crickets,True,0.5422917008399963,0.4319731593132019,0.11031854152679443,crickets,insects,frog,0.3614048957824707,cow,0.24886225163936615,crow,0.18953287601470947,fireworks,0.18414169549942017,crying_baby,0.17763827741146088,dog,0.15799777209758759,sheep,0.15518918633460999,chirping_birds,0.15475067496299744
4-172143-A-13.wav,crickets,crickets,True,0.5984064340591431,0.5560574531555176,0.04234898090362549,crickets,insects,chirping_birds,0.3468289375305176,helicopter,0.3116626739501953,frog,0.29627400636672974,cow,0.26765769720077515,airplane,0.2634872794151306,clock_tick,0.25984835624694824,engine,0.2549743056297302,train,0.24768635630607605
4-172180-A-32.wav,keyboard_typing,keyboard_typing,True,0.436335027217865,0.33541035652160645,0.10092467069625854,keyboard_typing,mouse_click,airplane,0.19657015800476074,chirping_birds,0.1608991026878357,breathing,0.1607765406370163,rain,0.14990642666816711,helicopter,0.13603226840496063,water_drops,0.12677527964115143,wind,0.1240476667881012,insects,0.12222094088792801
4-172366-A-37.wav,clock_alarm,clock_alarm,True,0.6000980734825134,0.3229948878288269,0.2771031856536865,clock_alarm,hen,cow,0.26906025409698486,car_horn,0.26302915811538696,clock_tick,0.24255767464637756,washing_machine,0.21357285976409912,brushing_teeth,0.18110519647598267,frog,0.17355698347091675,sheep,0.15547144412994385,door_wood_knock,0.13296833634376526
4-172377-A-17.wav,pouring_water,pouring_water,True,0.5323621034622192,0.2843395173549652,0.24802258610725403,pouring_water,brushing_teeth,water_drops,0.23585906624794006,drinking_sipping,0.2308972328901291,toilet_flush,0.19931766390800476,can_opening,0.17800003290176392,washing_machine,0.17519663274288177,rain,0.13843940198421478,glass_breaking,0.1315271258354187,sea_waves,0.10752396285533905
4-172500-A-27.wav,brushing_teeth,brushing_teeth,True,0.43262749910354614,0.35190239548683167,0.08072510361671448,brushing_teeth,dog,snoring,0.2913607060909271,breathing,0.27995914220809937,helicopter,0.26063722372055054,washing_machine,0.24476470053195953,cat,0.22947770357131958,drinking_sipping,0.19782543182373047,airplane,0.1832277774810791,train,0.17190909385681152
4-172500-B-27.wav,brushing_teeth,brushing_teeth,True,0.4436553418636322,0.23493611812591553,0.20871922373771667,brushing_teeth,hand_saw,wind,0.21230842173099518,helicopter,0.21129442751407623,chainsaw,0.20418986678123474,snoring,0.18472589552402496,drinking_sipping,0.18389950692653656,train,0.17796196043491364,insects,0.16674278676509857,airplane,0.15802522003650665
4-172500-C-27.wav,brushing_teeth,brushing_teeth,True,0.5485408306121826,0.23630672693252563,0.312234103679657,brushing_teeth,hand_saw,train,0.19782675802707672,can_opening,0.19673794507980347,drinking_sipping,0.18374314904212952,chainsaw,0.17896834015846252,snoring,0.16549788415431976,washing_machine,0.16134244203567505,pig,0.15586337447166443,dog,0.15050339698791504
4-172500-D-27.wav,brushing_teeth,brushing_teeth,True,0.465120404958725,0.38782885670661926,0.07729154825210571,brushing_teeth,dog,breathing,0.30428969860076904,snoring,0.239440456032753,washing_machine,0.2322731912136078,helicopter,0.22920522093772888,train,0.21457967162132263,cat,0.2054515779018402,drinking_sipping,0.2010485976934433,wind,0.19218367338180542
4-172732-A-36.wav,vacuum_cleaner,vacuum_cleaner,True,0.5691853761672974,0.3279648423194885,0.24122053384780884,vacuum_cleaner,washing_machine,engine,0.302915096282959,hand_saw,0.23738111555576324,brushing_teeth,0.21457071602344513,rain,0.19815276563167572,airplane,0.1920998990535736,toilet_flush,0.191127747297287,cat,0.1721201390028,crying_baby,0.16444805264472961
4-172733-A-36.wav,vacuum_cleaner,vacuum_cleaner,True,0.5180577039718628,0.32318782806396484,0.19486987590789795,vacuum_cleaner,engine,hand_saw,0.2950116693973541,washing_machine,0.2793330252170563,chainsaw,0.24534641206264496,wind,0.22322678565979004,brushing_teeth,0.2144310474395752,airplane,0.20622532069683075,cat,0.20107322931289673,rain,0.1990545392036438
4-172734-A-36.wav,vacuum_cleaner,vacuum_cleaner,True,0.5649338960647583,0.350369393825531,0.2145645022392273,vacuum_cleaner,washing_machine,hand_saw,0.32315561175346375,engine,0.2917630672454834,chainsaw,0.27575138211250305,brushing_teeth,0.2550359070301056,crying_baby,0.21389637887477875,cat,0.20804478228092194,wind,0.18235738575458527,rain,0.18203768134117126
4-172736-A-36.wav,vacuum_cleaner,vacuum_cleaner,True,0.5371100306510925,0.33504509925842285,0.20206493139266968,vacuum_cleaner,washing_machine,hand_saw,0.3234589695930481,train,0.24826198816299438,brushing_teeth,0.2401655912399292,engine,0.2002171277999878,chainsaw,0.1769782304763794,crying_baby,0.16664806008338928,toilet_flush,0.16607776284217834,airplane,0.1483076512813568
4-172736-B-36.wav,vacuum_cleaner,vacuum_cleaner,True,0.45683109760284424,0.30308881402015686,0.15374228358268738,vacuum_cleaner,hand_saw,washing_machine,0.27958038449287415,engine,0.21497654914855957,brushing_teeth,0.1835545301437378,train,0.17212897539138794,chainsaw,0.14528456330299377,toilet_flush,0.1243167519569397,crackling_fire,0.12170427292585373,wind,0.11954986304044724
4-172742-A-32.wav,keyboard_typing,keyboard_typing,True,0.4416949152946472,0.34735822677612305,0.09433668851852417,keyboard_typing,mouse_click,airplane,0.1913672387599945,pouring_water,0.1714918613433838,chirping_birds,0.16262874007225037,water_drops,0.15815317630767822,rain,0.15375491976737976,engine,0.14245280623435974,washing_machine,0.13387908041477203,helicopter,0.12011891603469849
4-173865-A-9.wav,crow,crow,True,0.60945725440979,0.24690121412277222,0.3625560402870178,crow,rooster,crying_baby,0.2445233315229416,cat,0.23932844400405884,pig,0.2313254177570343,hen,0.22403034567832947,cow,0.22386372089385986,chainsaw,0.20270147919654846,sheep,0.177123561501503,frog,0.1376602053642273
4-173865-B-9.wav,crow,crow,True,0.5787523984909058,0.2468353509902954,0.33191704750061035,crow,chirping_birds,chainsaw,0.2323339879512787,rooster,0.23057244718074799,pig,0.21720917522907257,cow,0.21530050039291382,church_bells,0.18651439249515533,hen,0.18481555581092834,sheep,0.14516818523406982,cat,0.14433449506759644
4-174797-A-15.wav,water_drops,water_drops,True,0.310602605342865,0.2716667056083679,0.03893589973449707,water_drops,pouring_water,toilet_flush,0.2011372298002243,washing_machine,0.170701801776886,brushing_teeth,0.14420756697654724,can_opening,0.10240021347999573,cat,0.07662699371576309,door_wood_knock,0.05664368346333504,vacuum_cleaner,0.051334936171770096,sea_waves,0.0451064333319664
4-174860-A-3.wav,cow,cow,True,0.6301653385162354,0.4564826190471649,0.17368271946907043,cow,sheep,rooster,0.4524093270301819,pig,0.3801650106906891,crying_baby,0.34380146861076355,crow,0.28237706422805786,dog,0.2567458152770996,frog,0.23941722512245178,cat,0.23061247169971466,hen,0.2114691287279129
4-174860-B-3.wav,cow,cow,True,0.6568121314048767,0.4469486474990845,0.20986348390579224,cow,sheep,rooster,0.39304018020629883,pig,0.37660306692123413,hen,0.2562347650527954,chainsaw,0.2324492186307907,dog,0.2279307246208191,crying_baby,0.2276289463043213,crow,0.2052689492702484,insects,0.19156545400619507
4-175000-A-40.wav,helicopter,helicopter,True,0.6560169458389282,0.46067672967910767,0.19534021615982056,helicopter,airplane,engine,0.4323977828025818,train,0.2588615119457245,washing_machine,0.22331687808036804,clock_tick,0.18928253650665283,hen,0.180668443441391,wind,0.17997533082962036,frog,0.1679658144712448,chainsaw,0.15849336981773376
4-175000-B-40.wav,helicopter,helicopter,True,0.6642104387283325,0.5054638385772705,0.158746600151062,helicopter,airplane,engine,0.43619775772094727,crickets,0.30223792791366577,insects,0.29446321725845337,clock_tick,0.2930779457092285,rooster,0.27834102511405945,train,0.2758210301399231,siren,0.2668069899082184,frog,0.2638323903083801
4-175000-C-40.wav,helicopter,helicopter,True,0.6861574649810791,0.48571914434432983,0.20043832063674927,helicopter,airplane,engine,0.42172372341156006,clock_tick,0.3214704990386963,rooster,0.2990882992744446,crickets,0.2987774610519409,train,0.2977820634841919,insects,0.2932681143283844,chainsaw,0.2923187017440796,wind,0.28604474663734436
4-175025-A-34.wav,can_opening,can_opening,True,0.6157106161117554,0.28607940673828125,0.3296312093734741,can_opening,drinking_sipping,pouring_water,0.28395840525627136,brushing_teeth,0.24391703307628632,water_drops,0.16160835325717926,sneezing,0.08279329538345337,snoring,0.062363121658563614,toilet_flush,0.06120346486568451,glass_breaking,0.05595157667994499,rain,0.053806666284799576
4-175845-A-43.wav,car_horn,car_horn,True,0.3841933608055115,0.21454137563705444,0.16965198516845703,car_horn,rooster,clock_alarm,0.20246243476867676,church_bells,0.19649651646614075,door_wood_knock,0.19233867526054382,siren,0.1737998127937317,hen,0.1644560843706131,engine,0.15493953227996826,frog,0.14215287566184998,crow,0.14123579859733582
4-175846-A-43.wav,car_horn,car_horn,True,0.5554618835449219,0.32016706466674805,0.23529481887817383,car_horn,hen,clock_alarm,0.2613796591758728,cow,0.2405199557542801,chirping_birds,0.21290676295757294,church_bells,0.19109421968460083,door_wood_knock,0.18695127964019775,sheep,0.18564441800117493,train,0.17854058742523193,crow,0.17506930232048035
4-175855-A-43.wav,car_horn,car_horn,True,0.5471755266189575,0.3034396171569824,0.2437359094619751,car_horn,hen,clock_alarm,0.26459965109825134,cow,0.24728357791900635,church_bells,0.23216834664344788,chirping_birds,0.21729077398777008,train,0.2064104825258255,door_wood_knock,0.20052015781402588,sheep,0.1967427134513855,crow,0.1763840913772583
4-175856-A-43.wav,car_horn,car_horn,True,0.4685400128364563,0.2506552040576935,0.21788480877876282,car_horn,hen,clock_alarm,0.24087980389595032,train,0.21812134981155396,rooster,0.216908797621727,cow,0.21217000484466553,church_bells,0.19016927480697632,dog,0.18888434767723083,sheep,0.18828561902046204,crow,0.18466411530971527
4-175945-A-38.wav,clock_tick,clock_tick,True,0.4073314368724823,0.2972757816314697,0.11005565524101257,clock_tick,clock_alarm,hen,0.28129106760025024,washing_machine,0.27705585956573486,engine,0.23839856684207916,laughing,0.22902832925319672,breathing,0.21988028287887573,helicopter,0.1981431096792221,car_horn,0.197846919298172,rooster,0.1801292449235916
4-176631-A-43.wav,car_horn,car_horn,True,0.43526190519332886,0.287600040435791,0.14766186475753784,car_horn,church_bells,rooster,0.26593464612960815,train,0.2335253655910492,cow,0.22783160209655762,sheep,0.22335883975028992,siren,0.21063782274723053,hand_saw,0.20893126726150513,clock_alarm,0.20096349716186523,hen,0.19860121607780457
4-176638-A-43.wav,car_horn,car_horn,True,0.528573215007782,0.21192093193531036,0.3166522830724716,car_horn,door_wood_knock,clock_alarm,0.18929508328437805,siren,0.17051544785499573,hen,0.14637932181358337,sea_waves,0.1415254771709442,cow,0.1394748091697693,rooster,0.13737890124320984,church_bells,0.13553661108016968,train,0.13034313917160034
4-176914-A-23.wav,breathing,breathing,True,0.3844716250896454,0.3476865887641907,0.03678503632545471,breathing,sneezing,laughing,0.24888044595718384,rooster,0.23076193034648895,drinking_sipping,0.22769613564014435,cow,0.21310055255889893,snoring,0.2101486474275589,hand_saw,0.19894501566886902,dog,0.17952463030815125,crying_baby,0.17757189273834229
4-177243-A-32.wav,keyboard_typing,keyboard_typing,True,0.4443964958190918,0.31129980087280273,0.13309669494628906,keyboard_typing,mouse_click,washing_machine,0.20956262946128845,pouring_water,0.19632932543754578,brushing_teeth,0.16801021993160248,breathing,0.15532098710536957,airplane,0.15005597472190857,water_drops,0.14802737534046173,dog,0.14093971252441406,helicopter,0.13936421275138855
4-177250-A-10.wav,rain,rain,True,0.5276390314102173,0.43515825271606445,0.09248077869415283,rain,thunderstorm,crackling_fire,0.22316107153892517,engine,0.2007840871810913,wind,0.1924157291650772,sea_waves,0.16948971152305603,vacuum_cleaner,0.13414925336837769,glass_breaking,0.12433391064405441,pouring_water,0.11684349179267883,washing_machine,0.10387393832206726
4-177835-A-24.wav,coughing,coughing,True,0.5431238412857056,0.5214551687240601,0.021668672561645508,coughing,sneezing,hen,0.32080453634262085,laughing,0.2989151179790497,drinking_sipping,0.28880953788757324,cow,0.2597982585430145,breathing,0.2453407496213913,pig,0.22845694422721863,crying_baby,0.21964460611343384,church_bells,0.1297341138124466
4-178402-A-43.wav,car_horn,car_horn,True,0.5547462701797485,0.3017731010913849,0.25297316908836365,car_horn,crow,hen,0.2514631152153015,cow,0.24901652336120605,clock_alarm,0.23787902295589447,door_wood_knock,0.22689524292945862,sea_waves,0.21856018900871277,laughing,0.21386271715164185,siren,0.2119852900505066,church_bells,0.21141044795513153
4-178881-A-45.wav,train,train,True,0.5591168403625488,0.33257418870925903,0.2265426516532898,train,coughing,airplane,0.27017542719841003,helicopter,0.25445109605789185,engine,0.2498764991760254,hen,0.23998865485191345,clock_tick,0.21486490964889526,clock_alarm,0.20842432975769043,washing_machine,0.20578482747077942,laughing,0.20035870373249054
4-179836-A-34.wav,can_opening,can_opening,True,0.6652872562408447,0.11673495918512344,0.5485522970557213,can_opening,drinking_sipping,pouring_water,0.08284522593021393,brushing_teeth,0.08093130588531494,crackling_fire,0.05990038812160492,dog,0.05770617350935936,vacuum_cleaner,0.04793407768011093,pig,0.03765165060758591,rain,0.01772979274392128,train,0.015438979491591454
4-179984-A-38.wav,clock_tick,clock_tick,True,0.3949035108089447,0.29784414172172546,0.09705936908721924,clock_tick,clock_alarm,washing_machine,0.2272683084011078,door_wood_knock,0.1870056837797165,hen,0.16788464784622192,brushing_teeth,0.14792558550834656,mouse_click,0.12765318155288696,helicopter,0.11924158781766891,chirping_birds,0.11574622243642807,water_drops,0.10545256733894348
4-180337-A-28.wav,snoring,snoring,True,0.5478980541229248,0.32201725244522095,0.22588080167770386,snoring,pig,drinking_sipping,0.3109322786331177,dog,0.2755252420902252,cow,0.27031758427619934,breathing,0.26043397188186646,rooster,0.24347373843193054,sheep,0.23711460828781128,brushing_teeth,0.22243767976760864,airplane,0.2097960114479065
4-180380-A-10.wav,rain,rain,True,0.4493267238140106,0.24689486622810364,0.20243185758590698,rain,engine,thunderstorm,0.23025770485401154,washing_machine,0.20086044073104858,hen,0.17883364856243134,pouring_water,0.16678574681282043,crackling_fire,0.16178517043590546,water_drops,0.12603819370269775,clock_tick,0.09689215570688248,footsteps,0.08488953858613968
4-180453-A-17.wav,pouring_water,pouring_water,True,0.4640302360057831,0.36025333404541016,0.10377690196037292,pouring_water,drinking_sipping,can_opening,0.27772706747055054,brushing_teeth,0.24325700104236603,water_drops,0.15527528524398804,washing_machine,0.09678398072719574,glass_breaking,0.09412804245948792,cow,0.08994612097740173,sheep,0.053225841373205185,snoring,0.0501265712082386
4-181035-A-38.wav,clock_tick,clock_tick,True,0.4591856598854065,0.3866850733757019,0.07250058650970459,clock_tick,clock_alarm,hen,0.3726691007614136,door_wood_knock,0.34889158606529236,car_horn,0.2902557849884033,rooster,0.28971385955810547,pig,0.28351452946662903,frog,0.24582535028457642,cow,0.24216844141483307,door_wood_creaks,0.2281033992767334
4-181286-A-10.wav,rain,crackling_fire,False,0.4797418713569641,0.3999469578266144,0.07979491353034973,crackling_fire,rain,thunderstorm,0.23217937350273132,glass_breaking,0.19958943128585815,wind,0.1463850736618042,chainsaw,0.13919785618782043,fireworks,0.13460657000541687,hen,0.12154701352119446,chirping_birds,0.112651027739048,crow,0.10754665732383728
4-181362-A-13.wav,crickets,insects,False,0.4985373020172119,0.4835997223854065,0.01493757963180542,insects,crickets,wind,0.3457435965538025,thunderstorm,0.2925211191177368,frog,0.25849300622940063,rain,0.23117810487747192,cow,0.22622427344322205,fireworks,0.22240224480628967,crow,0.21469679474830627,crackling_fire,0.2125224471092224
4-181563-A-12.wav,crackling_fire,crackling_fire,True,0.6044269800186157,0.24047501385211945,0.3639519661664963,crackling_fire,wind,rain,0.20271794497966766,helicopter,0.15012025833129883,footsteps,0.14315824210643768,engine,0.14087824523448944,fireworks,0.13367149233818054,thunderstorm,0.12736839056015015,hen,0.12473398447036743,can_opening,0.11820045113563538
4-181599-A-26.wav,laughing,laughing,True,0.4052267074584961,0.23016831278800964,0.17505839467048645,laughing,hen,crying_baby,0.2136516273021698,sneezing,0.16364894807338715,dog,0.16285443305969238,cat,0.16273067891597748,sheep,0.11592308431863785,cow,0.09921232610940933,crow,0.0915880799293518,rooster,0.042293377220630646
4-181628-A-17.wav,pouring_water,pouring_water,True,0.44929319620132446,0.18120834231376648,0.268084853887558,pouring_water,water_drops,can_opening,0.17905984818935394,drinking_sipping,0.1449097990989685,brushing_teeth,0.13111507892608643,toilet_flush,0.09214998036623001,glass_breaking,0.09201818704605103,washing_machine,0.03474898636341095,rain,0.012293203733861446,dog,-0.007424153387546539
4-181707-A-32.wav,keyboard_typing,keyboard_typing,True,0.47492241859436035,0.36817511916160583,0.10674729943275452,keyboard_typing,mouse_click,chirping_birds,0.1924084722995758,water_drops,0.17985297739505768,airplane,0.17933586239814758,pouring_water,0.17805194854736328,rain,0.1602540910243988,helicopter,0.14081686735153198,insects,0.14009346067905426,crackling_fire,0.13670030236244202
4-181708-A-32.wav,keyboard_typing,keyboard_typing,True,0.46892261505126953,0.3221186399459839,0.14680397510528564,keyboard_typing,mouse_click,pouring_water,0.19632817804813385,chirping_birds,0.1821913719177246,airplane,0.1798427700996399,helicopter,0.1582454890012741,water_drops,0.15398114919662476,rain,0.13173873722553253,crackling_fire,0.12510627508163452,dog,0.12417889386415482
4-181865-A-38.wav,clock_tick,clock_tick,True,0.4917784333229065,0.3291977345943451,0.1625806987285614,clock_tick,clock_alarm,washing_machine,0.28645604848861694,mouse_click,0.2798250913619995,hen,0.2786725163459778,water_drops,0.23797310888767242,crickets,0.2227424532175064,door_wood_knock,0.21963952481746674,engine,0.21128833293914795,helicopter,0.207529678940773
4-181955-A-3.wav,cow,cow,True,0.6338497400283813,0.44776788353919983,0.18608185648918152,cow,sheep,pig,0.3562111258506775,rooster,0.3457599878311157,hen,0.3099902272224426,dog,0.21776196360588074,crying_baby,0.212642103433609,crow,0.1967373788356781,church_bells,0.1619633436203003,crickets,0.1530517041683197
4-181955-B-3.wav,cow,cow,True,0.6402076482772827,0.4514002501964569,0.1888073980808258,cow,sheep,rooster,0.3570389151573181,pig,0.33940666913986206,hen,0.2948187589645386,crying_baby,0.24241405725479126,dog,0.2286701798439026,chainsaw,0.21230961382389069,crow,0.1936596930027008,crickets,0.16825959086418152
4-181955-C-3.wav,cow,cow,True,0.6417880654335022,0.45824486017227173,0.18354320526123047,cow,sheep,pig,0.3354191780090332,rooster,0.32258373498916626,hen,0.31952548027038574,crow,0.23801866173744202,crying_baby,0.23315876722335815,dog,0.22511714696884155,crickets,0.2152082324028015,insects,0.19912415742874146
4-181999-A-36.wav,vacuum_cleaner,vacuum_cleaner,True,0.4374406933784485,0.31601589918136597,0.12142479419708252,vacuum_cleaner,airplane,engine,0.3133740723133087,washing_machine,0.24424701929092407,hand_saw,0.2419770509004593,helicopter,0.23760986328125,brushing_teeth,0.18769600987434387,dog,0.17806103825569153,wind,0.17084839940071106,crackling_fire,0.1677408516407013
4-182034-A-30.wav,door_wood_knock,door_wood_knock,True,0.6425540447235107,0.46267396211624146,0.1798800826072693,door_wood_knock,door_wood_creaks,clock_tick,0.3220853805541992,frog,0.29305508732795715,rooster,0.2906928062438965,water_drops,0.20714305341243744,engine,0.2022727131843567,washing_machine,0.1874147653579712,mouse_click,0.17374557256698608,clock_alarm,0.17080843448638916
4-182039-A-30.wav,door_wood_knock,door_wood_knock,True,0.6346140503883362,0.42283710837364197,0.2117769420146942,door_wood_knock,door_wood_creaks,rooster,0.3325626850128174,clock_tick,0.31995129585266113,washing_machine,0.2633502781391144,water_drops,0.25520750880241394,frog,0.23305505514144897,engine,0.21738100051879883,mouse_click,0.20232829451560974,clapping,0.17671501636505127
4-182041-A-30.wav,door_wood_knock,door_wood_knock,True,0.6288734674453735,0.48863187432289124,0.1402415931224823,door_wood_knock,door_wood_creaks,rooster,0.36730480194091797,clock_tick,0.3526771068572998,frog,0.2926008701324463,clock_alarm,0.2567383646965027,hen,0.22173386812210083,engine,0.22027692198753357,dog,0.21889595687389374,helicopter,0.19414666295051575
4-182314-A-7.wav,insects,cow,False,0.22169089317321777,0.20960325002670288,0.012087643146514893,cow,insects,cat,0.1886933147907257,chainsaw,0.1841610074043274,door_wood_creaks,0.1598828136920929,sheep,0.15608447790145874,frog,0.15543295443058014,chirping_birds,0.14495238661766052,crow,0.13961264491081238,airplane,0.12367463111877441
4-182314-B-7.wav,insects,cow,False,0.2889486253261566,0.24184973537921906,0.04709888994693756,cow,insects,rain,0.20681118965148926,thunderstorm,0.20532506704330444,sheep,0.19432716071605682,wind,0.1608150452375412,cat,0.15644322335720062,airplane,0.15312063694000244,chainsaw,0.15012824535369873,crow,0.13711990416049957
4-182368-A-12.wav,crackling_fire,crackling_fire,True,0.508488118648529,0.1709812879562378,0.33750683069229126,crackling_fire,fireworks,rain,0.15082506835460663,can_opening,0.13739122450351715,hen,0.13729634881019592,footsteps,0.12838976085186005,washing_machine,0.11681008338928223,water_drops,0.09712852537631989,wind,0.08547564595937729,helicopter,0.08032479882240295
4-182369-A-12.wav,crackling_fire,crackling_fire,True,0.5857018232345581,0.25198543071746826,0.33371639251708984,crackling_fire,wind,rain,0.19363075494766235,fireworks,0.14338365197181702,thunderstorm,0.13581830263137817,can_opening,0.11634446680545807,helicopter,0.10794433206319809,footsteps,0.09979164600372314,glass_breaking,0.06296657025814056,hen,0.05366156995296478
4-182395-A-0.wav,dog,dog,True,0.5703250765800476,0.4874991178512573,0.08282595872879028,dog,rooster,cow,0.39402368664741516,crow,0.33181464672088623,cat,0.3182677626609802,frog,0.30924391746520996,hen,0.28413262963294983,sheep,0.2162591516971588,door_wood_knock,0.21263906359672546,insects,0.19816026091575623
4-182613-A-11.wav,sea_waves,sea_waves,True,0.5035329461097717,0.2621406018733978,0.2413923442363739,sea_waves,wind,thunderstorm,0.18036076426506042,train,0.12997201085090637,glass_breaking,0.11586479842662811,coughing,0.11289789527654648,airplane,0.0885033905506134,crying_baby,0.08631923794746399,crackling_fire,0.08445332944393158,rain,0.07381211221218109
4-182613-B-11.wav,sea_waves,sea_waves,True,0.42989104986190796,0.19890400767326355,0.2309870421886444,sea_waves,wind,thunderstorm,0.14292968809604645,train,0.06607794016599655,airplane,0.04790109395980835,dog,0.04762738198041916,crackling_fire,0.03538548946380615,rain,0.020858656615018845,vacuum_cleaner,0.019662238657474518,crying_baby,0.018756438046693802
4-182795-A-14.wav,chirping_birds,chirping_birds,True,0.5588902235031128,0.29306310415267944,0.26582711935043335,chirping_birds,crow,insects,0.2774464190006256,wind,0.25839510560035706,airplane,0.2541622817516327,sea_waves,0.2505166828632355,dog,0.2316160500049591,train,0.20595642924308777,church_bells,0.19085749983787537,cow,0.18057063221931458
4-182839-A-17.wav,pouring_water,brushing_teeth,False,0.3919273018836975,0.34275180101394653,0.04917550086975098,brushing_teeth,pouring_water,toilet_flush,0.2828851044178009,drinking_sipping,0.24751511216163635,can_opening,0.22057801485061646,rain,0.14193964004516602,hand_saw,0.09692192077636719,thunderstorm,0.09676380455493927,water_drops,0.09169292449951172,rooster,0.08735134452581406
4-183487-A-1.wav,rooster,rooster,True,0.5850189924240112,0.577224612236023,0.007794380187988281,rooster,hen,cow,0.46595633029937744,crow,0.4424511790275574,frog,0.3577059805393219,clock_alarm,0.2806689739227295,crying_baby,0.27242395281791687,insects,0.2723954916000366,pig,0.26488953828811646,chirping_birds,0.24556033313274384
4-183882-A-28.wav,snoring,snoring,True,0.5258044600486755,0.23124538362026215,0.2945590764284134,snoring,drinking_sipping,chainsaw,0.21412275731563568,breathing,0.2102883756160736,brushing_teeth,0.2016998678445816,pig,0.19179894030094147,hand_saw,0.18853360414505005,rooster,0.18692395091056824,cow,0.15078043937683105,airplane,0.1203397661447525
4-183882-B-28.wav,snoring,snoring,True,0.6006198525428772,0.3037146329879761,0.2969052195549011,snoring,drinking_sipping,cow,0.23795801401138306,brushing_teeth,0.2262904942035675,chainsaw,0.2179599404335022,breathing,0.20953139662742615,rooster,0.20497633516788483,door_wood_creaks,0.19119353592395782,sheep,0.16892069578170776,pig,0.16847068071365356
4-183992-A-0.wav,dog,dog,True,0.5912641286849976,0.31674641370773315,0.2745177149772644,dog,rooster,hen,0.2770381569862366,cow,0.2744062542915344,chirping_birds,0.20894455909729004,train,0.18964627385139465,fireworks,0.1678866147994995,door_wood_knock,0.16730433702468872,car_horn,0.1662072241306305,airplane,0.16289855539798737
4-184235-A-28.wav,snoring,snoring,True,0.5597771406173706,0.33244216442108154,0.22733497619628906,snoring,drinking_sipping,chainsaw,0.3019161820411682,brushing_teeth,0.2653281092643738,hand_saw,0.2340710163116455,thunderstorm,0.17849576473236084,breathing,0.16729913651943207,helicopter,0.16097092628479004,pig,0.1535210907459259,cow,0.13858410716056824
4-184237-A-28.wav,snoring,snoring,True,0.562102198600769,0.33362650871276855,0.2284756898880005,snoring,breathing,drinking_sipping,0.27196910977363586,chainsaw,0.23910409212112427,cow,0.23639239370822906,brushing_teeth,0.21733854711055756,airplane,0.1916511356830597,church_bells,0.18956616520881653,helicopter,0.18594218790531158,sneezing,0.1842876374721527
4-184434-A-21.wav,sneezing,sneezing,True,0.5770836472511292,0.2810065746307373,0.29607707262039185,sneezing,coughing,drinking_sipping,0.27366936206817627,laughing,0.1988510638475418,dog,0.19797185063362122,cow,0.17042163014411926,breathing,0.15392836928367615,hen,0.14031797647476196,can_opening,0.12330274283885956,sheep,0.09825727343559265
4-184575-A-0.wav,dog,dog,True,0.6064696311950684,0.39661139249801636,0.209858238697052,dog,hen,cow,0.31500983238220215,chirping_birds,0.2793642580509186,rooster,0.26816612482070923,fireworks,0.24734902381896973,train,0.21633559465408325,insects,0.1942741572856903,crow,0.19417987763881683,laughing,0.19018706679344177
4-185415-A-21.wav,sneezing,coughing,False,0.5686259269714355,0.5313105583190918,0.03731536865234375,coughing,sneezing,hen,0.317751944065094,drinking_sipping,0.3116518259048462,cow,0.27967238426208496,breathing,0.27359530329704285,pig,0.2465045005083084,laughing,0.24528692662715912,can_opening,0.22923065721988678,crying_baby,0.2121187150478363
4-185575-A-20.wav,crying_baby,crying_baby,True,0.5204612612724304,0.30505186319351196,0.21540939807891846,crying_baby,cat,breathing,0.2547663450241089,brushing_teeth,0.21518248319625854,washing_machine,0.19595450162887573,dog,0.19327445328235626,vacuum_cleaner,0.18754586577415466,coughing,0.1869504451751709,cow,0.1799817979335785,laughing,0.165849506855011
4-185575-B-20.wav,crying_baby,crying_baby,True,0.528186559677124,0.3686750829219818,0.1595114767551422,crying_baby,coughing,cat,0.34962984919548035,sneezing,0.2658826410770416,dog,0.23976120352745056,rooster,0.2230934351682663,cow,0.2202262282371521,hen,0.21344240009784698,crow,0.2039629966020584,laughing,0.19540542364120483
4-185575-C-20.wav,crying_baby,crying_baby,True,0.5194061398506165,0.2856506109237671,0.23375552892684937,crying_baby,cat,coughing,0.24118441343307495,brushing_teeth,0.19153621792793274,cow,0.155432790517807,sneezing,0.1549212634563446,washing_machine,0.1313900649547577,vacuum_cleaner,0.12365555763244629,laughing,0.11731231212615967,dog,0.11684111505746841
4-185613-A-32.wav,keyboard_typing,keyboard_typing,True,0.46556800603866577,0.33877888321876526,0.1267891228199005,keyboard_typing,mouse_click,pouring_water,0.2073538601398468,footsteps,0.19484451413154602,dog,0.18408086895942688,breathing,0.1716459095478058,airplane,0.17071282863616943,crackling_fire,0.1640317440032959,sheep,0.16030094027519226,chirping_birds,0.15735681354999542
4-185619-A-21.wav,sneezing,sneezing,True,0.560181736946106,0.33798640966415405,0.2221953272819519,sneezing,coughing,laughing,0.2534456253051758,drinking_sipping,0.21288138628005981,cow,0.19082362949848175,hen,0.1813499927520752,crying_baby,0.1809878945350647,breathing,0.17886194586753845,crow,0.17432132363319397,rooster,0.15102097392082214
4-186518-A-30.wav,door_wood_knock,door_wood_knock,True,0.6533201932907104,0.4339492917060852,0.21937090158462524,door_wood_knock,door_wood_creaks,rooster,0.3277522921562195,clock_alarm,0.2947462797164917,frog,0.2618503272533417,hen,0.25287294387817383,clock_tick,0.22249989211559296,engine,0.21101391315460205,helicopter,0.19393491744995117,cow,0.186466246843338
4-186693-A-17.wav,pouring_water,pouring_water,True,0.3784838020801544,0.1466873437166214,0.23179645836353302,pouring_water,can_opening,water_drops,0.14275802671909332,drinking_sipping,0.11954313516616821,brushing_teeth,0.11730661243200302,glass_breaking,0.10278897732496262,rain,0.023833949118852615,toilet_flush,-0.020983772352337837,washing_machine,-0.031805310398340225,dog,-0.03859430551528931
4-186935-A-44.wav,engine,engine,True,0.49573904275894165,0.3464612662792206,0.14927777647972107,engine,helicopter,airplane,0.2902276813983917,washing_machine,0.27657756209373474,hen,0.2739694118499756,hand_saw,0.2588556408882141,chainsaw,0.24993833899497986,insects,0.20005714893341064,train,0.1941457986831665,clock_tick,0.19233348965644836
4-186936-A-44.wav,engine,engine,True,0.4371299743652344,0.3772886395454407,0.0598413348197937,engine,helicopter,washing_machine,0.316913366317749,chainsaw,0.256382554769516,airplane,0.22333338856697083,train,0.22322070598602295,hen,0.20340824127197266,clock_tick,0.18509823083877563,clock_alarm,0.18375164270401,door_wood_knock,0.17547567188739777
4-186938-A-44.wav,engine,engine,True,0.3670438528060913,0.34090906381607056,0.026134788990020752,engine,chainsaw,helicopter,0.29544341564178467,washing_machine,0.269381046295166,airplane,0.2613377571105957,rooster,0.25181347131729126,train,0.24321326613426208,crackling_fire,0.17181940376758575,hand_saw,0.14469638466835022,siren,0.1348363310098648
4-186940-A-44.wav,engine,engine,True,0.42829298973083496,0.25098472833633423,0.17730826139450073,engine,washing_machine,helicopter,0.23398351669311523,hand_saw,0.22959432005882263,chainsaw,0.22934240102767944,vacuum_cleaner,0.21051043272018433,dog,0.20417559146881104,hen,0.20080894231796265,airplane,0.18434961140155792,cow,0.17889629304409027
4-186962-A-44.wav,engine,engine,True,0.4235284924507141,0.4020555317401886,0.021472960710525513,engine,helicopter,chainsaw,0.35766205191612244,airplane,0.3399393856525421,washing_machine,0.29368939995765686,train,0.25348183512687683,hand_saw,0.18855614960193634,rooster,0.18750648200511932,vacuum_cleaner,0.14553385972976685,brushing_teeth,0.13828712701797485
4-187284-A-30.wav,door_wood_knock,door_wood_knock,True,0.4012760519981384,0.301274836063385,0.10000121593475342,door_wood_knock,helicopter,fireworks,0.2532198131084442,door_wood_creaks,0.19849655032157898,hen,0.19192028045654297,footsteps,0.16100406646728516,chirping_birds,0.1579374074935913,engine,0.15702477097511292,rooster,0.1400805413722992,keyboard_typing,0.13479971885681152
4-187384-A-34.wav,can_opening,can_opening,True,0.5948619842529297,0.15398558974266052,0.44087639451026917,can_opening,brushing_teeth,crow,0.12394748628139496,clapping,0.12082640826702118,sneezing,0.1190580427646637,chainsaw,0.10706084221601486,drinking_sipping,0.09296859055757523,laughing,0.0886613056063652,dog,0.08628056198358536,pig,0.07363244891166687
4-187504-A-17.wav,pouring_water,pouring_water,True,0.4680435061454773,0.2089138776063919,0.2591296285390854,pouring_water,water_drops,toilet_flush,0.20095263421535492,brushing_teeth,0.15453216433525085,can_opening,0.11957664042711258,rain,0.10948915034532547,washing_machine,0.07105568051338196,sea_waves,0.0673946738243103,drinking_sipping,0.06488195806741714,glass_breaking,0.056042689830064774
4-187504-B-17.wav,pouring_water,pouring_water,True,0.39967772364616394,0.25413012504577637,0.14554759860038757,pouring_water,can_opening,drinking_sipping,0.19620418548583984,glass_breaking,0.19458481669425964,brushing_teeth,0.18101900815963745,toilet_flush,0.14497551321983337,water_drops,0.12840662896633148,rain,0.09542718529701233,crying_baby,0.043488867580890656,dog,0.0058031268417835236
4-187769-A-14.wav,chirping_birds,chirping_birds,True,0.43707549571990967,0.2855663001537323,0.15150919556617737,chirping_birds,airplane,crow,0.21939808130264282,train,0.2129226177930832,dog,0.18078266084194183,church_bells,0.16390345990657806,helicopter,0.15523381531238556,cat,0.1297064572572708,wind,0.09212558716535568,hen,0.0794053003191948
4-187769-B-14.wav,chirping_birds,chirping_birds,True,0.4688616991043091,0.19866220653057098,0.2701994925737381,chirping_birds,airplane,hen,0.16330265998840332,crow,0.16228418052196503,train,0.1475294977426529,church_bells,0.11563966423273087,helicopter,0.11522938311100006,dog,0.11246535181999207,insects,0.07721385359764099,frog,0.06034911051392555
4-188003-A-34.wav,can_opening,can_opening,True,0.6467913389205933,0.24370446801185608,0.4030868709087372,can_opening,pouring_water,drinking_sipping,0.20461399853229523,water_drops,0.18294546008110046,brushing_teeth,0.0945228561758995,crackling_fire,0.08755546063184738,sneezing,0.08077171444892883,rain,0.05906198173761368,toilet_flush,0.025981327518820763,glass_breaking,0.023434016853570938
4-188033-A-38.wav,clock_tick,clock_tick,True,0.5596923828125,0.3396824896335602,0.22000989317893982,clock_tick,clock_alarm,door_wood_knock,0.3047924339771271,hen,0.23051375150680542,car_horn,0.1849018782377243,door_wood_creaks,0.18079110980033875,rooster,0.17668141424655914,church_bells,0.1702633798122406,helicopter,0.15746843814849854,pig,0.15576931834220886
4-188191-A-29.wav,drinking_sipping,drinking_sipping,True,0.5691275596618652,0.36764246225357056,0.20148509740829468,drinking_sipping,snoring,brushing_teeth,0.35453659296035767,pouring_water,0.34733766317367554,can_opening,0.3020162582397461,pig,0.2826462984085083,sneezing,0.14505289494991302,breathing,0.12169557064771652,cow,0.12062828242778778,sheep,0.07616274058818817
4-188191-B-29.wav,drinking_sipping,drinking_sipping,True,0.46739721298217773,0.41900402307510376,0.048393189907073975,drinking_sipping,brushing_teeth,pouring_water,0.3650471866130829,can_opening,0.2938852608203888,pig,0.2791743278503418,snoring,0.25264760851860046,washing_machine,0.14836904406547546,cow,0.132257342338562,toilet_flush,0.1211874708533287,chainsaw,0.08848302066326141
4-188191-C-29.wav,drinking_sipping,drinking_sipping,True,0.4567626118659973,0.41108399629592896,0.04567861557006836,drinking_sipping,pouring_water,brushing_teeth,0.31833481788635254,can_opening,0.3046703636646271,pig,0.18332771956920624,snoring,0.17266011238098145,toilet_flush,0.09617811441421509,sneezing,0.08216975629329681,water_drops,0.06123627349734306,cow,0.045738741755485535
4-188287-A-9.wav,crow,crow,True,0.6598755121231079,0.34141409397125244,0.31846141815185547,crow,rooster,cow,0.27387529611587524,cat,0.26199376583099365,pig,0.2618948817253113,chainsaw,0.2441026270389557,insects,0.24336500465869904,frog,0.23276926577091217,chirping_birds,0.23060451447963715,hen,0.21772617101669312
4-188293-A-15.wav,water_drops,water_drops,True,0.5595232844352722,0.2815333604812622,0.27798992395401,water_drops,frog,pouring_water,0.27376753091812134,rain,0.2095082700252533,mouse_click,0.19068969786167145,toilet_flush,0.17294268310070038,clock_tick,0.1681436151266098,sea_waves,0.15527600049972534,clock_alarm,0.14926360547542572,hen,0.1404879093170166
4-188293-B-15.wav,water_drops,water_drops,True,0.5597115159034729,0.2973427176475525,0.2623687982559204,water_drops,frog,pouring_water,0.24782522022724152,rain,0.20304644107818604,toilet_flush,0.18568429350852966,mouse_click,0.1731090247631073,sea_waves,0.17069539427757263,fireworks,0.16325242817401886,clock_tick,0.16284680366516113,door_wood_knock,0.1445436030626297
4-188595-A-29.wav,drinking_sipping,drinking_sipping,True,0.6410781145095825,0.35548561811447144,0.2855924963951111,drinking_sipping,can_opening,pig,0.32717472314834595,pouring_water,0.3221527338027954,sneezing,0.31648311018943787,snoring,0.3074301481246948,brushing_teeth,0.28461337089538574,breathing,0.2816959619522095,coughing,0.2714200019836426,cow,0.25880929827690125
4-188703-A-8.wav,sheep,sheep,True,0.6709212064743042,0.5217503309249878,0.1491708755493164,sheep,cow,hen,0.3397327959537506,crow,0.3230489492416382,chainsaw,0.25704944133758545,pig,0.24817195534706116,car_horn,0.24449960887432098,crying_baby,0.23086585104465485,rooster,0.2301991730928421,hand_saw,0.22918295860290527
4-188703-B-8.wav,sheep,sheep,True,0.6816552877426147,0.46649086475372314,0.2151644229888916,sheep,cow,hen,0.3062606453895569,car_horn,0.3024308681488037,crow,0.30069130659103394,pig,0.27317407727241516,cat,0.22162547707557678,chainsaw,0.2083202749490738,crying_baby,0.20771917700767517,chirping_birds,0.20468726754188538
4-188703-C-8.wav,sheep,sheep,True,0.6212019920349121,0.47429054975509644,0.14691144227981567,sheep,cow,crow,0.3675631880760193,car_horn,0.35686635971069336,pig,0.29174473881721497,hen,0.28111958503723145,cat,0.256232351064682,frog,0.23636966943740845,chainsaw,0.23472443222999573,crying_baby,0.21624352037906647
4-188703-D-8.wav,sheep,sheep,True,0.6207354664802551,0.4488723874092102,0.17186307907104492,sheep,cow,hen,0.3606099486351013,car_horn,0.3165331482887268,crow,0.3110138177871704,chirping_birds,0.2605677545070648,pig,0.24421747028827667,cat,0.21623241901397705,chainsaw,0.20568156242370605,frog,0.2042415738105774
4-188878-A-30.wav,door_wood_knock,door_wood_knock,True,0.6297469139099121,0.45336049795150757,0.17638641595840454,door_wood_knock,door_wood_creaks,rooster,0.3181683421134949,frog,0.29535073041915894,clock_tick,0.26934435963630676,water_drops,0.23288941383361816,washing_machine,0.22365477681159973,fireworks,0.20534181594848633,thunderstorm,0.18887904286384583,mouse_click,0.18244461715221405
4-189332-A-37.wav,clock_alarm,clock_alarm,True,0.5757226943969727,0.3179759383201599,0.25774675607681274,clock_alarm,hen,car_horn,0.267622709274292,cow,0.2456444501876831,frog,0.17353180050849915,clock_tick,0.17181092500686646,sheep,0.14574870467185974,brushing_teeth,0.14398890733718872,pig,0.1396598219871521,washing_machine,0.13308288156986237
4-189828-A-22.wav,clapping,clapping,True,0.3765413761138916,0.11547054350376129,0.2610708326101303,clapping,cat,brushing_teeth,0.09805811196565628,door_wood_creaks,0.09612865746021271,laughing,0.0852816104888916,crying_baby,0.08385708183050156,siren,0.060962434858083725,clock_tick,0.04396683722734451,vacuum_cleaner,0.04216071963310242,rain,0.03935234993696213
4-189830-A-22.wav,clapping,clapping,True,0.42144960165023804,0.26466962695121765,0.15677997469902039,clapping,laughing,hen,0.11670085787773132,cat,0.0936008095741272,siren,0.08541670441627502,crying_baby,0.07730346918106079,brushing_teeth,0.07354111224412918,cow,0.07059265673160553,door_wood_creaks,0.06694547832012177,crow,0.06458994746208191
4-189832-A-22.wav,clapping,clapping,True,0.33512547612190247,0.1376093626022339,0.19751611351966858,clapping,door_wood_creaks,cat,0.08537423610687256,crying_baby,0.07583560049533844,siren,0.0704873651266098,brushing_teeth,0.06372378021478653,rooster,0.0541224330663681,door_wood_knock,0.05283493176102638,chainsaw,0.0372791662812233,clock_tick,0.03564154729247093
4-189832-B-22.wav,clapping,clapping,True,0.4193687438964844,0.16708025336265564,0.25228849053382874,clapping,siren,cat,0.15403281152248383,crying_baby,0.138300821185112,laughing,0.11440248787403107,brushing_teeth,0.1103748083114624,rooster,0.11012421548366547,door_wood_creaks,0.10692326724529266,chainsaw,0.08044467866420746,clock_tick,0.07636122405529022
4-189833-A-22.wav,clapping,clapping,True,0.3922143280506134,0.10709710419178009,0.2851172238588333,clapping,cat,door_wood_creaks,0.09291889518499374,siren,0.09064319729804993,crying_baby,0.08619454503059387,brushing_teeth,0.07822836935520172,laughing,0.07507224380970001,clock_tick,0.07317852973937988,rain,0.058597274124622345,vacuum_cleaner,0.05520463362336159
4-189836-A-22.wav,clapping,clapping,True,0.39055952429771423,0.0989857017993927,0.29157382249832153,clapping,laughing,cat,0.08386123180389404,clock_tick,0.04875948652625084,door_wood_creaks,0.048693232238292694,brushing_teeth,0.046479664742946625,rain,0.035552509129047394,mouse_click,0.029535355046391487,hen,0.028133761137723923,door_wood_knock,0.027048427611589432
4-189838-A-22.wav,clapping,clapping,True,0.4172152280807495,0.12266449630260468,0.29455073177814484,clapping,laughing,cat,0.11749325692653656,siren,0.09733495116233826,crying_baby,0.0956975668668747,door_wood_creaks,0.08141008019447327,brushing_teeth,0.06308002769947052,clock_tick,0.05196207016706467,rain,0.04878801107406616,vacuum_cleaner,0.04526909068226814
4-191015-A-43.wav,car_horn,car_horn,True,0.2791860103607178,0.22739055752754211,0.05179545283317566,car_horn,hen,sheep,0.19181501865386963,cow,0.1687462478876114,chirping_birds,0.16597223281860352,helicopter,0.1436462253332138,hand_saw,0.1413167417049408,mouse_click,0.13663628697395325,sneezing,0.1288118064403534,engine,0.12114563584327698
4-191246-A-7.wav,insects,brushing_teeth,False,0.3315819501876831,0.20128047466278076,0.13030147552490234,brushing_teeth,cow,door_wood_creaks,0.18599559366703033,hand_saw,0.1450272500514984,insects,0.1332276463508606,sneezing,0.12571406364440918,cat,0.11806425452232361,chainsaw,0.0903405100107193,sheep,0.08650465309619904,rooster,0.07928764820098877
4-191246-B-7.wav,insects,door_wood_creaks,False,0.19670523703098297,0.1858326494693756,0.01087258756160736,door_wood_creaks,brushing_teeth,cow,0.15506359934806824,cat,0.13658660650253296,fireworks,0.13094183802604675,frog,0.10767548531293869,sheep,0.10163335502147675,sneezing,0.10110462456941605,door_wood_knock,0.09722962975502014,rooster,0.09560946375131607
4-191297-A-28.wav,snoring,snoring,True,0.6030457615852356,0.27920860052108765,0.32383716106414795,snoring,pig,rooster,0.25975334644317627,breathing,0.2568383514881134,chainsaw,0.22026322782039642,cow,0.21156689524650574,drinking_sipping,0.21021369099617004,brushing_teeth,0.210061714053154,dog,0.2000250518321991,airplane,0.19266214966773987
4-191327-A-38.wav,clock_tick,clock_tick,True,0.4662645757198334,0.34809160232543945,0.11817297339439392,clock_tick,clock_alarm,hen,0.26357388496398926,rooster,0.20454999804496765,car_horn,0.1912352740764618,cow,0.18692231178283691,pig,0.18471118807792664,breathing,0.17141452431678772,washing_machine,0.16809797286987305,crickets,0.15712037682533264
4-191687-A-0.wav,dog,dog,True,0.5392983555793762,0.3373672664165497,0.20193108916282654,dog,rooster,hen,0.3085307776927948,cow,0.2895921468734741,chirping_birds,0.20118117332458496,frog,0.19825905561447144,door_wood_knock,0.19171403348445892,sheep,0.1916584074497223,cat,0.17694193124771118,crow,0.17342312633991241
4-192068-A-31.wav,mouse_click,mouse_click,True,0.4190388321876526,0.3064861297607422,0.1125527024269104,mouse_click,keyboard_typing,chirping_birds,0.22147616744041443,insects,0.20630742609500885,can_opening,0.20235896110534668,water_drops,0.1974199414253235,crackling_fire,0.1743912547826767,rain,0.1704905778169632,engine,0.16773559153079987,crickets,0.16034556925296783
4-192236-A-0.wav,dog,dog,True,0.5647986531257629,0.22563707828521729,0.33916157484054565,dog,hen,rooster,0.20654436945915222,cat,0.2035706639289856,cow,0.1783766746520996,sheep,0.16323961317539215,chirping_birds,0.14854371547698975,engine,0.0770297721028328,laughing,0.0767415463924408,car_horn,0.07396754622459412
4-193480-A-40.wav,helicopter,helicopter,True,0.6035120487213135,0.4379217326641083,0.1655903160572052,helicopter,airplane,engine,0.3722459673881531,chirping_birds,0.2589389979839325,chainsaw,0.25503554940223694,vacuum_cleaner,0.22766688466072083,hen,0.2263948619365692,washing_machine,0.22246283292770386,train,0.20762479305267334,wind,0.20574511587619781
4-193480-B-40.wav,helicopter,helicopter,True,0.5051470398902893,0.44794273376464844,0.05720430612564087,helicopter,airplane,engine,0.43557536602020264,train,0.3938806653022766,vacuum_cleaner,0.3750718832015991,washing_machine,0.31565266847610474,hand_saw,0.2704416513442993,chirping_birds,0.2509823441505432,siren,0.24800270795822144,chainsaw,0.2361653447151184
4-194246-A-13.wav,crickets,insects,False,0.5287411212921143,0.5162045955657959,0.01253652572631836,insects,crickets,helicopter,0.273709237575531,frog,0.24488629400730133,chirping_birds,0.24323159456253052,airplane,0.24135497212409973,wind,0.24007083475589752,engine,0.21268247067928314,cow,0.20174682140350342,water_drops,0.18407073616981506
4-194680-A-36.wav,vacuum_cleaner,washing_machine,False,0.35106727480888367,0.2858423888683319,0.06522488594055176,washing_machine,vacuum_cleaner,brushing_teeth,0.16577571630477905,toilet_flush,0.1428757756948471,hand_saw,0.10610248893499374,dog,0.08149449527263641,pouring_water,0.05779784172773361,train,0.03992732614278793,crying_baby,0.03866353631019592,pig,0.03419981151819229
4-194711-A-38.wav,clock_tick,clock_alarm,False,0.39071106910705566,0.3571808934211731,0.03353017568588257,clock_alarm,clock_tick,hen,0.2715473175048828,frog,0.22795656323432922,crickets,0.22444599866867065,car_horn,0.20551028847694397,rooster,0.17988038063049316,chirping_birds,0.16263706982135773,cow,0.1598062664270401,insects,0.15453948080539703
4-194754-A-0.wav,dog,dog,True,0.5351662635803223,0.28291457891464233,0.25225168466567993,dog,rooster,cow,0.28033363819122314,hen,0.26810991764068604,car_horn,0.24580615758895874,train,0.23537367582321167,sheep,0.2267618328332901,cat,0.18876974284648895,chirping_birds,0.18628796935081482,clock_alarm,0.15396742522716522
4-194808-A-29.wav,drinking_sipping,drinking_sipping,True,0.47182491421699524,0.33298689126968384,0.1388380229473114,drinking_sipping,pig,can_opening,0.33166128396987915,breathing,0.2968314290046692,snoring,0.2934712767601013,cow,0.21677562594413757,pouring_water,0.21511466801166534,brushing_teeth,0.16392840445041656,sneezing,0.163323312997818,sheep,0.15973030030727386
4-194979-A-25.wav,footsteps,cow,False,0.19293835759162903,0.18118518590927124,0.011753171682357788,cow,footsteps,wind,0.15547193586826324,chainsaw,0.1515815407037735,dog,0.14638672769069672,sea_waves,0.13308992981910706,hand_saw,0.12288710474967957,brushing_teeth,0.1125975027680397,pouring_water,0.10783737897872925,hen,0.10656037926673889
4-194981-A-25.wav,footsteps,footsteps,True,0.290292888879776,0.22296127676963806,0.06733161211013794,footsteps,helicopter,hen,0.1973365843296051,fireworks,0.17930328845977783,dog,0.15758806467056274,airplane,0.15701156854629517,clock_tick,0.14504648745059967,clock_alarm,0.13568271696567535,train,0.12578937411308289,engine,0.12496781349182129
4-195305-A-31.wav,mouse_click,mouse_click,True,0.4693770110607147,0.28514400124549866,0.18423300981521606,mouse_click,can_opening,keyboard_typing,0.27820664644241333,insects,0.2567847967147827,clock_tick,0.24077975749969482,crickets,0.240291029214859,chirping_birds,0.22689548134803772,water_drops,0.2177143096923828,frog,0.18495327234268188,rain,0.15992212295532227
4-195451-A-44.wav,engine,engine,True,0.45434078574180603,0.37044408917427063,0.0838966965675354,engine,washing_machine,helicopter,0.27468886971473694,chainsaw,0.25846928358078003,airplane,0.21821144223213196,hand_saw,0.20138998329639435,hen,0.1840030550956726,train,0.17159469425678253,clock_tick,0.1685480922460556,cow,0.1347746104001999
4-195497-A-11.wav,sea_waves,sea_waves,True,0.5173671245574951,0.1436804085969925,0.3736867159605026,sea_waves,train,chirping_birds,0.1355191320180893,wind,0.09180745482444763,car_horn,0.0878794938325882,airplane,0.08542461693286896,rain,0.08218483626842499,thunderstorm,0.07948711514472961,pouring_water,0.07693810015916824,dog,0.0599030964076519
4-195497-B-11.wav,sea_waves,sea_waves,True,0.4978521466255188,0.13453948497772217,0.36331266164779663,sea_waves,car_horn,wind,0.1010412648320198,crow,0.09855761379003525,dog,0.0975903868675232,chirping_birds,0.0831935927271843,train,0.07632091641426086,airplane,0.07386098057031631,thunderstorm,0.06666389852762222,pouring_water,0.060686469078063965
4-195707-A-13.wav,crickets,crickets,True,0.5464020371437073,0.5028461217880249,0.04355591535568237,crickets,insects,frog,0.33636727929115295,cow,0.23802295327186584,chirping_birds,0.21352149546146393,crow,0.1872277557849884,dog,0.17738577723503113,sheep,0.17333100736141205,hen,0.1597503125667572,rooster,0.15582135319709778
4-195805-A-13.wav,crickets,crickets,True,0.5079675912857056,0.49829521775245667,0.009672373533248901,crickets,insects,wind,0.3605163097381592,engine,0.28928497433662415,frog,0.2513004541397095,train,0.2353893667459488,hand_saw,0.20152130722999573,airplane,0.18474522233009338,cow,0.18457241356372833,helicopter,0.18292240798473358
4-196671-A-8.wav,sheep,sheep,True,0.6421833038330078,0.4909154772758484,0.15126782655715942,sheep,cow,pig,0.3326360881328583,hen,0.28980013728141785,crow,0.23882661759853363,cat,0.22943338751792908,crying_baby,0.22678479552268982,chainsaw,0.22407102584838867,hand_saw,0.18933023512363434,frog,0.15075689554214478
4-196671-B-8.wav,sheep,sheep,True,0.7079854607582092,0.5219800472259521,0.18600541353225708,sheep,cow,pig,0.3104444444179535,hen,0.2943874001502991,crying_baby,0.2921706736087799,chainsaw,0.24748563766479492,crow,0.24428561329841614,cat,0.21779489517211914,hand_saw,0.21661563217639923,car_horn,0.2135148048400879
4-196672-A-8.wav,sheep,sheep,True,0.6418508291244507,0.424638032913208,0.21721279621124268,sheep,cow,chainsaw,0.32829591631889343,hand_saw,0.2658981382846832,crying_baby,0.22875919938087463,pig,0.2149801403284073,hen,0.18093641102313995,rooster,0.16236163675785065,brushing_teeth,0.12955579161643982,dog,0.09908583760261536
4-197103-A-6.wav,hen,hen,True,0.6278979182243347,0.4213578701019287,0.206540048122406,hen,cow,sheep,0.3622402846813202,pig,0.3123623728752136,rooster,0.2971433401107788,crow,0.2564951181411743,chirping_birds,0.24447749555110931,frog,0.2347523272037506,dog,0.20931553840637207,car_horn,0.20435504615306854
4-197454-A-28.wav,snoring,snoring,True,0.5831965804100037,0.2868688702583313,0.29632771015167236,snoring,breathing,drinking_sipping,0.2850072383880615,chainsaw,0.23994313180446625,pig,0.20192858576774597,helicopter,0.19191138446331024,brushing_teeth,0.18820935487747192,cow,0.17578904330730438,airplane,0.1740298867225647,rooster,0.17121049761772156
4-197454-B-28.wav,snoring,snoring,True,0.6039270758628845,0.27860820293426514,0.3253188729286194,snoring,pig,breathing,0.2486869990825653,drinking_sipping,0.2387993037700653,rooster,0.2262517362833023,chainsaw,0.19942791759967804,hand_saw,0.19049078226089478,cow,0.18759074807167053,crow,0.17763598263263702,airplane,0.17457860708236694
4-197871-A-15.wav,water_drops,water_drops,True,0.4531117081642151,0.32822945713996887,0.12488225102424622,water_drops,pouring_water,can_opening,0.22655659914016724,frog,0.20462793111801147,brushing_teeth,0.14337655901908875,rain,0.12407751381397247,toilet_flush,0.11200186610221863,sea_waves,0.06683860719203949,washing_machine,0.06358534842729568,hen,0.06275118887424469
4-198025-A-23.wav,breathing,breathing,True,0.4918617606163025,0.2800014019012451,0.21186035871505737,breathing,coughing,sneezing,0.24763892590999603,laughing,0.24194082617759705,drinking_sipping,0.20038312673568726,pig,0.1967950016260147,snoring,0.18467095494270325,hen,0.1577889621257782,hand_saw,0.12733471393585205,fireworks,0.10678496956825256
4-198360-A-49.wav,hand_saw,hand_saw,True,0.6151458621025085,0.2927052974700928,0.32244056463241577,hand_saw,brushing_teeth,chainsaw,0.28232747316360474,rooster,0.22343116998672485,vacuum_cleaner,0.197879821062088,washing_machine,0.16808515787124634,engine,0.15630540251731873,sheep,0.14429165422916412,cow,0.12720882892608643,dog,0.1191721111536026
4-198360-B-49.wav,hand_saw,hand_saw,True,0.5566245317459106,0.2221166491508484,0.33450788259506226,hand_saw,chainsaw,sheep,0.18699873983860016,rooster,0.17193400859832764,brushing_teeth,0.1595824509859085,washing_machine,0.15271520614624023,cow,0.13136667013168335,vacuum_cleaner,0.10822074115276337,pig,0.0811634436249733,engine,0.06721283495426178
4-198360-C-49.wav,hand_saw,hand_saw,True,0.48997262120246887,0.2154127061367035,0.2745599150657654,hand_saw,rooster,chainsaw,0.20648568868637085,brushing_teeth,0.18322932720184326,sheep,0.13215777277946472,cow,0.12098166346549988,washing_machine,0.11683617532253265,vacuum_cleaner,0.11247275769710541,crying_baby,0.07661663740873337,toilet_flush,0.06394357979297638
4-198841-A-37.wav,clock_alarm,clock_alarm,True,0.5775535106658936,0.24025359749794006,0.3372999131679535,clock_alarm,hen,rooster,0.2173781841993332,brushing_teeth,0.195958212018013,chainsaw,0.18701274693012238,church_bells,0.184030681848526,siren,0.1817520260810852,frog,0.18101494014263153,car_horn,0.16599392890930176,door_wood_knock,0.15734033286571503
4-198962-A-25.wav,footsteps,door_wood_knock,False,0.36083900928497314,0.263655424118042,0.09718358516693115,door_wood_knock,footsteps,door_wood_creaks,0.22392556071281433,water_drops,0.16777212917804718,fireworks,0.1674816757440567,washing_machine,0.15752243995666504,helicopter,0.14174166321754456,dog,0.1306481957435608,clock_tick,0.12719511985778809,engine,0.11370652914047241
4-198962-B-25.wav,footsteps,door_wood_knock,False,0.3827374577522278,0.294704794883728,0.08803266286849976,door_wood_knock,door_wood_creaks,washing_machine,0.1915718913078308,footsteps,0.13392320275306702,dog,0.1261194944381714,hen,0.11228921264410019,clock_alarm,0.09322085976600647,helicopter,0.09267890453338623,fireworks,0.09062444418668747,rooster,0.08554649353027344
4-198965-A-38.wav,clock_tick,clock_tick,True,0.4228953719139099,0.33837053179740906,0.08452484011650085,clock_tick,clock_alarm,hen,0.24822412431240082,car_horn,0.23258116841316223,door_wood_knock,0.1635848432779312,pig,0.15853120386600494,engine,0.14687511324882507,chirping_birds,0.13165761530399323,rain,0.12943428754806519,washing_machine,0.12575846910476685
4-199261-A-0.wav,dog,dog,True,0.5624511241912842,0.4008040428161621,0.16164708137512207,dog,hen,rooster,0.3196278214454651,cow,0.29532045125961304,pig,0.19586162269115448,frog,0.19272081553936005,crow,0.18310725688934326,chirping_birds,0.17917776107788086,door_wood_knock,0.16718082129955292,laughing,0.15854719281196594
4-200330-A-6.wav,hen,hen,True,0.5565168857574463,0.34967944025993347,0.20683744549751282,hen,cow,rooster,0.3457221984863281,pig,0.2854248881340027,crow,0.21812254190444946,sheep,0.1823713481426239,crying_baby,0.17436185479164124,dog,0.1733863204717636,thunderstorm,0.1699533611536026,crackling_fire,0.1627781093120575
4-200330-B-6.wav,hen,hen,True,0.532705545425415,0.3717932403087616,0.16091230511665344,hen,rooster,pig,0.34274229407310486,cow,0.3290085196495056,chirping_birds,0.2781120538711548,crow,0.27282771468162537,frog,0.2512020766735077,sheep,0.19612200558185577,thunderstorm,0.17759336531162262,dog,0.1746385544538498
4-201300-A-31.wav,mouse_click,mouse_click,True,0.40522170066833496,0.3359264135360718,0.06929528713226318,mouse_click,keyboard_typing,insects,0.21647909283638,wind,0.20646549761295319,chirping_birds,0.20193737745285034,clock_tick,0.18524259328842163,water_drops,0.18004903197288513,chainsaw,0.1783832609653473,snoring,0.17041289806365967,crackling_fire,0.16507163643836975
4-201800-A-31.wav,mouse_click,mouse_click,True,0.39065271615982056,0.25179558992385864,0.13885712623596191,mouse_click,keyboard_typing,chirping_birds,0.21438422799110413,engine,0.19821976125240326,insects,0.1802366077899933,can_opening,0.16913190484046936,rain,0.16277679800987244,water_drops,0.14995650947093964,crackling_fire,0.13872623443603516,airplane,0.13169632852077484
4-201988-A-44.wav,engine,airplane,False,0.4016328454017639,0.40012410283088684,0.0015087425708770752,airplane,engine,helicopter,0.3930056095123291,crackling_fire,0.3637791872024536,washing_machine,0.2819518446922302,wind,0.2477492094039917,train,0.19741415977478027,thunderstorm,0.18400293588638306,pouring_water,0.17804522812366486,clapping,0.174689382314682
4-202298-A-31.wav,mouse_click,mouse_click,True,0.3937814235687256,0.31130653619766235,0.08247488737106323,mouse_click,keyboard_typing,water_drops,0.23823131620883942,can_opening,0.2345874160528183,clock_tick,0.2110224962234497,chirping_birds,0.18353083729743958,airplane,0.17680910229682922,engine,0.1619430035352707,washing_machine,0.16108635067939758,door_wood_knock,0.14471055567264557
4-202749-A-13.wav,crickets,crickets,True,0.5856127738952637,0.5274529457092285,0.058159828186035156,crickets,insects,frog,0.36625707149505615,chirping_birds,0.2953333556652069,crow,0.2630520462989807,cow,0.25721099972724915,wind,0.20373620092868805,helicopter,0.19311217963695526,fireworks,0.17385795712471008,rooster,0.17280776798725128
4-204115-A-39.wav,glass_breaking,glass_breaking,True,0.4429570138454437,0.28245794773101807,0.16049906611442566,glass_breaking,can_opening,church_bells,0.18213191628456116,pouring_water,0.1783369481563568,crackling_fire,0.17319443821907043,sneezing,0.15851061046123505,crow,0.14245843887329102,keyboard_typing,0.1352618932723999,water_drops,0.13125409185886383,mouse_click,0.1230565756559372
4-204119-A-39.wav,glass_breaking,glass_breaking,True,0.4439494013786316,0.24539440870285034,0.19855499267578125,glass_breaking,can_opening,sneezing,0.18439896404743195,pouring_water,0.18344542384147644,church_bells,0.12615559995174408,crow,0.10412333905696869,crackling_fire,0.07665450870990753,water_drops,0.0629693791270256,mouse_click,0.06223578378558159,keyboard_typing,0.05662698298692703
4-204121-A-39.wav,glass_breaking,glass_breaking,True,0.40761131048202515,0.25826776027679443,0.1493435502052307,glass_breaking,can_opening,pouring_water,0.20798829197883606,sneezing,0.17224246263504028,crackling_fire,0.1117032915353775,water_drops,0.10219819843769073,drinking_sipping,0.09749403595924377,mouse_click,0.0848311334848404,keyboard_typing,0.08188045024871826,church_bells,0.08105453848838806
4-204123-A-39.wav,glass_breaking,glass_breaking,True,0.4051928222179413,0.26680415868759155,0.13838866353034973,glass_breaking,can_opening,pouring_water,0.24950003623962402,sneezing,0.15305659174919128,water_drops,0.1227969080209732,keyboard_typing,0.12172462046146393,crackling_fire,0.11047480255365372,mouse_click,0.10958551615476608,drinking_sipping,0.10548939555883408,cat,0.07833251357078552
4-204202-A-29.wav,drinking_sipping,can_opening,False,0.5582375526428223,0.470575213432312,0.08766233921051025,can_opening,drinking_sipping,breathing,0.2758110463619232,pig,0.24503116309642792,sneezing,0.22106486558914185,pouring_water,0.195708230137825,snoring,0.17999985814094543,brushing_teeth,0.16449013352394104,mouse_click,0.15516075491905212,keyboard_typing,0.1486051231622696
4-204612-A-31.wav,mouse_click,mouse_click,True,0.37376242876052856,0.32604020833969116,0.0477222204208374,mouse_click,can_opening,keyboard_typing,0.23199190199375153,water_drops,0.22148679196834564,chirping_birds,0.18942278623580933,clock_tick,0.18476799130439758,wind,0.18312644958496094,crackling_fire,0.1817367523908615,dog,0.13832244277000427,insects,0.12412305176258087
4-204618-A-11.wav,sea_waves,sea_waves,True,0.5234877467155457,0.19975833594799042,0.32372941076755524,sea_waves,wind,cat,0.19083186984062195,crying_baby,0.16219577193260193,crow,0.15415284037590027,dog,0.14680680632591248,thunderstorm,0.1109355092048645,train,0.10929498076438904,chirping_birds,0.10066428780555725,car_horn,0.09685720503330231
4-204683-A-31.wav,mouse_click,clock_tick,False,0.49091070890426636,0.2802996039390564,0.21061110496520996,clock_tick,mouse_click,water_drops,0.2772820293903351,crickets,0.23834767937660217,rain,0.22732236981391907,wind,0.22513407468795776,hen,0.2161826491355896,crackling_fire,0.20541325211524963,chirping_birds,0.2037317156791687,cow,0.1962539255619049
4-204684-A-37.wav,clock_alarm,clock_alarm,True,0.5594775080680847,0.2411225438117981,0.3183549642562866,clock_alarm,hen,brushing_teeth,0.22431576251983643,church_bells,0.2215537279844284,chainsaw,0.19934558868408203,car_horn,0.1843583881855011,helicopter,0.18070489168167114,fireworks,0.17763479053974152,siren,0.17501480877399445,clock_tick,0.17310819029808044
4-204777-A-39.wav,glass_breaking,glass_breaking,True,0.6245896220207214,0.23712345957756042,0.387466162443161,glass_breaking,pouring_water,crow,0.17725540697574615,can_opening,0.15498369932174683,church_bells,0.1407308280467987,crying_baby,0.13239043951034546,rain,0.12155082821846008,keyboard_typing,0.10640953481197357,sheep,0.09896101802587509,thunderstorm,0.09704387187957764
4-204777-B-39.wav,glass_breaking,glass_breaking,True,0.6203001141548157,0.22210262715816498,0.3981974869966507,glass_breaking,crow,pouring_water,0.2220836877822876,sheep,0.1762639582157135,church_bells,0.17019225656986237,crying_baby,0.16524407267570496,thunderstorm,0.1481495350599289,chainsaw,0.1416441947221756,rain,0.13959470391273499,keyboard_typing,0.13041538000106812
4-204777-C-39.wav,glass_breaking,glass_breaking,True,0.5972704291343689,0.2230282723903656,0.3742421567440033,glass_breaking,pouring_water,can_opening,0.1932542473077774,crow,0.17277783155441284,crackling_fire,0.15047141909599304,sheep,0.13952721655368805,keyboard_typing,0.12688574194908142,chainsaw,0.12306919693946838,rain,0.1168173998594284,crying_baby,0.10648684948682785
4-204830-A-6.wav,hen,hen,True,0.6111230850219727,0.33535805344581604,0.2757650315761566,hen,cow,rooster,0.2900937795639038,pig,0.27743539214134216,chirping_birds,0.23623812198638916,crow,0.20497512817382812,frog,0.20171687006950378,sheep,0.18987581133842468,dog,0.17297720909118652,helicopter,0.13783743977546692
4-205526-A-23.wav,breathing,breathing,True,0.48952537775039673,0.32055458426475525,0.16897079348564148,breathing,wind,thunderstorm,0.2932266592979431,crow,0.285565048456192,snoring,0.2682485282421112,coughing,0.25202667713165283,sneezing,0.2506723701953888,drinking_sipping,0.23662063479423523,crying_baby,0.23613397777080536,rooster,0.23434887826442719
4-205526-B-23.wav,breathing,breathing,True,0.47052422165870667,0.310957133769989,0.15956708788871765,breathing,snoring,wind,0.2803834080696106,drinking_sipping,0.2695859372615814,sneezing,0.2366253286600113,coughing,0.2281566560268402,cow,0.2259545475244522,pig,0.22573235630989075,thunderstorm,0.21659739315509796,crow,0.20426687598228455
4-205738-A-22.wav,clapping,clapping,True,0.49307161569595337,0.20490077137947083,0.28817084431648254,clapping,cat,laughing,0.19939708709716797,siren,0.18593765795230865,crying_baby,0.15972629189491272,rooster,0.14725233614444733,frog,0.1239112913608551,hen,0.11637911200523376,door_wood_knock,0.1141403317451477,brushing_teeth,0.11124952137470245
4-207116-A-23.wav,breathing,breathing,True,0.5250871181488037,0.3222872018814087,0.20279991626739502,breathing,snoring,drinking_sipping,0.2997029423713684,wind,0.2631423771381378,coughing,0.18874119222164154,laughing,0.18012148141860962,fireworks,0.17176413536071777,sneezing,0.13959820568561554,hand_saw,0.13817307353019714,helicopter,0.1315920650959015
4-207124-A-0.wav,dog,dog,True,0.5616710186004639,0.3008645474910736,0.26080647110939026,dog,rooster,hen,0.2569234371185303,cow,0.23552338778972626,chirping_birds,0.15294937789440155,chainsaw,0.1392786204814911,crow,0.137444406747818,laughing,0.1311451494693756,sheep,0.1209506094455719,hand_saw,0.1146639883518219
4-208021-A-1.wav,rooster,hen,False,0.5679489374160767,0.537931501865387,0.030017435550689697,hen,rooster,cow,0.48096469044685364,crow,0.383828341960907,frog,0.29678940773010254,sheep,0.26494210958480835,crying_baby,0.2593463659286499,pig,0.2581559419631958,dog,0.2527347803115845,chirping_birds,0.24268105626106262
4-209536-A-37.wav,clock_alarm,clock_alarm,True,0.5913993120193481,0.32394981384277344,0.2674494981765747,clock_alarm,church_bells,siren,0.26589736342430115,rooster,0.24534007906913757,door_wood_knock,0.2263631671667099,pig,0.18488749861717224,hen,0.15964241325855255,clock_tick,0.15899868309497833,fireworks,0.15102654695510864,car_horn,0.15048091113567352
4-209698-A-37.wav,clock_alarm,clock_alarm,True,0.5271420478820801,0.3640967011451721,0.16304534673690796,clock_alarm,rooster,door_wood_knock,0.3054080009460449,siren,0.2885322570800781,car_horn,0.26818883419036865,church_bells,0.26447588205337524,hen,0.24423402547836304,frog,0.22633680701255798,chainsaw,0.20520080626010895,laughing,0.19563056528568268
4-210000-A-23.wav,breathing,breathing,True,0.4784296154975891,0.37274250388145447,0.10568711161613464,breathing,snoring,drinking_sipping,0.29669469594955444,wind,0.2819060683250427,sneezing,0.2021738588809967,helicopter,0.19338425993919373,rooster,0.19135133922100067,airplane,0.18013933300971985,brushing_teeth,0.1773991882801056,vacuum_cleaner,0.1722468137741089
4-210000-B-23.wav,breathing,breathing,True,0.5005713701248169,0.3357848525047302,0.16478651762008667,breathing,snoring,drinking_sipping,0.2965816259384155,wind,0.2586466073989868,sneezing,0.24352553486824036,airplane,0.1843806803226471,helicopter,0.18008509278297424,brushing_teeth,0.1799323707818985,vacuum_cleaner,0.174398273229599,coughing,0.17225231230258942
4-210309-A-31.wav,mouse_click,mouse_click,True,0.43142056465148926,0.32146337628364563,0.10995718836784363,mouse_click,keyboard_typing,water_drops,0.2599734961986542,clock_tick,0.22810013592243195,wind,0.21720871329307556,sea_waves,0.20989641547203064,chirping_birds,0.19722577929496765,washing_machine,0.1434607356786728,airplane,0.13243186473846436,rain,0.12588849663734436
4-210593-A-29.wav,drinking_sipping,drinking_sipping,True,0.5608224868774414,0.3327719271183014,0.22805055975914001,drinking_sipping,pig,pouring_water,0.32228338718414307,snoring,0.3157740831375122,brushing_teeth,0.25122082233428955,coughing,0.24704861640930176,cat,0.2252354770898819,breathing,0.20609427988529205,can_opening,0.1810438632965088,door_wood_creaks,0.17694085836410522
4-211502-A-30.wav,door_wood_knock,door_wood_knock,True,0.5334668755531311,0.29702168703079224,0.23644518852233887,door_wood_knock,rooster,door_wood_creaks,0.2909451723098755,frog,0.26798179745674133,washing_machine,0.24179336428642273,clock_tick,0.24131838977336884,engine,0.2267979383468628,water_drops,0.22212398052215576,hen,0.2204272747039795,cow,0.17635898292064667
4-212604-A-15.wav,water_drops,water_drops,True,0.5073640942573547,0.3418753743171692,0.16548871994018555,water_drops,pouring_water,washing_machine,0.31300392746925354,toilet_flush,0.2831316590309143,frog,0.2198871672153473,mouse_click,0.195626899600029,rain,0.17722395062446594,keyboard_typing,0.14848117530345917,clock_tick,0.14684414863586426,engine,0.13648924231529236
4-212604-B-15.wav,water_drops,water_drops,True,0.47007492184638977,0.3563782870769501,0.1136966347694397,water_drops,pouring_water,washing_machine,0.16147729754447937,rain,0.09313172101974487,brushing_teeth,0.08743597567081451,toilet_flush,0.07875464111566544,chirping_birds,0.055677637457847595,can_opening,0.051391519606113434,mouse_click,0.05013195425271988,frog,0.04165630787611008
4-212604-C-15.wav,water_drops,water_drops,True,0.5042359232902527,0.3217238783836365,0.1825120449066162,water_drops,pouring_water,washing_machine,0.14694327116012573,rain,0.14522668719291687,frog,0.1322748214006424,toilet_flush,0.11092603206634521,brushing_teeth,0.1104876697063446,mouse_click,0.09985356032848358,door_wood_knock,0.07585465908050537,chirping_birds,0.06925046443939209
4-212698-A-39.wav,glass_breaking,glass_breaking,True,0.48447975516319275,0.27496224641799927,0.20951750874519348,glass_breaking,water_drops,crow,0.20278018712997437,pouring_water,0.19510672986507416,mouse_click,0.17202216386795044,can_opening,0.16424760222434998,footsteps,0.1444212943315506,keyboard_typing,0.13927334547042847,sheep,0.11660828441381454,church_bells,0.09486031532287598
4-212728-A-34.wav,can_opening,can_opening,True,0.48553019762039185,0.20483341813087463,0.2806967794895172,can_opening,water_drops,brushing_teeth,0.18495482206344604,vacuum_cleaner,0.18382592499256134,clapping,0.18197983503341675,pouring_water,0.16521887481212616,washing_machine,0.14871665835380554,rain,0.1282007396221161,sea_waves,0.10849475860595703,mouse_click,0.10532484203577042
4-213193-A-29.wav,drinking_sipping,drinking_sipping,True,0.3905791640281677,0.33845168352127075,0.05212748050689697,drinking_sipping,pouring_water,water_drops,0.24911633133888245,coughing,0.231221005320549,door_wood_knock,0.21728594601154327,brushing_teeth,0.2106209695339203,door_wood_creaks,0.16447438299655914,breathing,0.15419524908065796,clock_tick,0.14968271553516388,pig,0.14327329397201538
4-213915-A-3.wav,cow,cow,True,0.6293936967849731,0.4484623968601227,0.18093129992485046,cow,sheep,rooster,0.38691210746765137,pig,0.35775983333587646,crying_baby,0.297538161277771,hen,0.2657862901687622,chainsaw,0.24802644550800323,dog,0.24604465067386627,brushing_teeth,0.20945540070533752,crow,0.18311552703380585
4-213915-B-3.wav,cow,cow,True,0.6411563754081726,0.43560272455215454,0.20555365085601807,cow,sheep,rooster,0.40823081135749817,pig,0.3369434177875519,crying_baby,0.28921353816986084,hen,0.2600470185279846,dog,0.24724379181861877,crow,0.2321283519268036,chainsaw,0.2112727016210556,church_bells,0.19351275265216827
4-213915-C-3.wav,cow,cow,True,0.6393550634384155,0.46270233392715454,0.176652729511261,cow,sheep,rooster,0.36806604266166687,pig,0.34015631675720215,hen,0.2746046185493469,dog,0.2397426813840866,crying_baby,0.22957444190979004,chainsaw,0.21618697047233582,hand_saw,0.19010499119758606,crow,0.17832249402999878
4-215635-A-34.wav,can_opening,can_opening,True,0.5468490123748779,0.14014576375484467,0.40670324862003326,can_opening,water_drops,clapping,0.14002129435539246,crackling_fire,0.12090475857257843,frog,0.11316456645727158,brushing_teeth,0.11239364743232727,vacuum_cleaner,0.10396300256252289,hen,0.09630949050188065,rain,0.09046472609043121,washing_machine,0.09032478928565979
4-216211-A-14.wav,chirping_birds,crickets,False,0.38980183005332947,0.3842839300632477,0.005517899990081787,crickets,insects,frog,0.2347889542579651,chirping_birds,0.206401064991951,brushing_teeth,0.19388015568256378,rooster,0.1890602558851242,crow,0.1773678958415985,hen,0.17592671513557434,dog,0.15663832426071167,clock_tick,0.14371468126773834
4-216349-A-34.wav,can_opening,can_opening,True,0.533814549446106,0.12663708627223969,0.40717746317386627,can_opening,vacuum_cleaner,brushing_teeth,0.12163077294826508,crackling_fire,0.1118166446685791,drinking_sipping,0.11099334061145782,dog,0.10826639086008072,clapping,0.10354267805814743,crow,0.10061892122030258,mouse_click,0.09433511644601822,water_drops,0.07534658908843994
4-218199-A-35.wav,washing_machine,washing_machine,True,0.5513402819633484,0.4109969735145569,0.1403433084487915,washing_machine,brushing_teeth,toilet_flush,0.3737325668334961,pouring_water,0.2865631580352783,hand_saw,0.27317094802856445,vacuum_cleaner,0.24976477026939392,engine,0.24844267964363098,helicopter,0.1493379771709442,cow,0.1297580897808075,water_drops,0.11726116389036179
4-218199-B-35.wav,washing_machine,washing_machine,True,0.4550097584724426,0.2935657799243927,0.16144397854804993,washing_machine,brushing_teeth,vacuum_cleaner,0.1927834451198578,hand_saw,0.1638769805431366,door_wood_creaks,0.16324351727962494,engine,0.13788223266601562,pouring_water,0.12206973135471344,train,0.11739227175712585,door_wood_knock,0.09666382521390915,toilet_flush,0.09633619338274002
4-218199-C-35.wav,washing_machine,washing_machine,True,0.4632858335971832,0.3358984589576721,0.1273873746395111,washing_machine,engine,helicopter,0.27640533447265625,toilet_flush,0.21282406151294708,airplane,0.19730421900749207,vacuum_cleaner,0.18386931717395782,brushing_teeth,0.13628345727920532,dog,0.1245165467262268,train,0.12145322561264038,pouring_water,0.07860936224460602
4-218199-D-35.wav,washing_machine,helicopter,False,0.42680779099464417,0.3798835873603821,0.046924203634262085,helicopter,washing_machine,engine,0.36905747652053833,airplane,0.21115615963935852,train,0.18265703320503235,siren,0.17121487855911255,vacuum_cleaner,0.16583986580371857,hen,0.1482229232788086,clock_alarm,0.13687211275100708,brushing_teeth,0.13527698814868927
4-218199-E-35.wav,washing_machine,washing_machine,True,0.4822044372558594,0.44469666481018066,0.03750777244567871,washing_machine,brushing_teeth,toilet_flush,0.3642219007015228,pouring_water,0.2916732132434845,hand_saw,0.17472156882286072,engine,0.1684553623199463,drinking_sipping,0.16318652033805847,vacuum_cleaner,0.15123900771141052,pig,0.13404573500156403,helicopter,0.12301430851221085
4-218199-F-35.wav,washing_machine,washing_machine,True,0.5125764608383179,0.27772581577301025,0.23485064506530762,washing_machine,toilet_flush,engine,0.23851606249809265,brushing_teeth,0.2379738837480545,vacuum_cleaner,0.21575599908828735,door_wood_knock,0.1809678077697754,pouring_water,0.1750994771718979,hand_saw,0.17403759062290192,train,0.15596511960029602,rain,0.13092507421970367
4-218199-G-35.wav,washing_machine,washing_machine,True,0.41014036536216736,0.3813725411891937,0.028767824172973633,washing_machine,toilet_flush,brushing_teeth,0.3257887363433838,engine,0.2535168528556824,rooster,0.24174275994300842,helicopter,0.2099170833826065,hand_saw,0.20303066074848175,pouring_water,0.18193629384040833,cow,0.16642139852046967,thunderstorm,0.12141633033752441
4-218199-H-35.wav,washing_machine,vacuum_cleaner,False,0.38660427927970886,0.34309837222099304,0.04350590705871582,vacuum_cleaner,washing_machine,chainsaw,0.33929967880249023,brushing_teeth,0.3278442621231079,car_horn,0.2945151925086975,siren,0.28490233421325684,hand_saw,0.2809333801269531,dog,0.23929354548454285,crying_baby,0.2352883666753769,cow,0.22283226251602173
4-218304-A-25.wav,footsteps,footsteps,True,0.33704638481140137,0.2909126281738281,0.04613375663757324,footsteps,hen,cow,0.28206878900527954,sheep,0.2086743414402008,helicopter,0.18111570179462433,pig,0.16480869054794312,dog,0.15796944499015808,brushing_teeth,0.14211660623550415,crying_baby,0.1278804987668991,crow,0.12068428099155426
4-218304-B-25.wav,footsteps,footsteps,True,0.30791082978248596,0.21257320046424866,0.0953376293182373,footsteps,hand_saw,cow,0.19857294857501984,helicopter,0.1539364755153656,hen,0.14909715950489044,chainsaw,0.1349564790725708,dog,0.10127147287130356,pig,0.10069165378808975,sheep,0.096959188580513,church_bells,0.08772338181734085
4-223125-A-14.wav,chirping_birds,chirping_birds,True,0.45699542760849,0.2833765745162964,0.1736188530921936,chirping_birds,insects,crickets,0.22370418906211853,airplane,0.22222404181957245,train,0.20257115364074707,crow,0.2002100944519043,dog,0.19747686386108398,chainsaw,0.17238116264343262,rooster,0.15976771712303162,wind,0.15255258977413177
4-223127-A-14.wav,chirping_birds,chirping_birds,True,0.4586609899997711,0.3665921092033386,0.0920688807964325,chirping_birds,crow,insects,0.1910405158996582,hen,0.1858896017074585,airplane,0.1847621202468872,dog,0.17403511703014374,rooster,0.1620194911956787,church_bells,0.1381409764289856,cow,0.13633207976818085,chainsaw,0.13037434220314026
4-232495-A-6.wav,hen,hen,True,0.6298980116844177,0.3937620222568512,0.23613598942756653,hen,rooster,cow,0.34729093313217163,crow,0.25727272033691406,pig,0.2372143417596817,chirping_birds,0.20969873666763306,dog,0.19444669783115387,sheep,0.19037234783172607,frog,0.16968746483325958,crying_baby,0.16260257363319397
4-234644-A-2.wav,pig,pig,True,0.594112753868103,0.3067089915275574,0.28740376234054565,pig,hen,cow,0.2969575524330139,sheep,0.24105612933635712,rooster,0.22920633852481842,crow,0.20679208636283875,dog,0.1945609748363495,drinking_sipping,0.16027267277240753,laughing,0.15815556049346924,brushing_teeth,0.1311037242412567
4-234879-A-6.wav,hen,hen,True,0.5281715989112854,0.31786227226257324,0.21030932664871216,hen,pig,cow,0.30952054262161255,rooster,0.29018718004226685,dog,0.22869059443473816,sheep,0.19913585484027863,crow,0.19208179414272308,crying_baby,0.18429702520370483,chirping_birds,0.1604650765657425,frog,0.12789060175418854
4-244318-A-6.wav,hen,hen,True,0.6150898933410645,0.32751983404159546,0.287570059299469,hen,cow,rooster,0.30752354860305786,pig,0.24887993931770325,sheep,0.2055511176586151,dog,0.2040991485118866,chirping_birds,0.20163798332214355,crow,0.20005883276462555,frog,0.1459546685218811,laughing,0.1406317949295044
4-250864-A-8.wav,sheep,sheep,True,0.6602899432182312,0.5179253220558167,0.14236462116241455,sheep,cow,crow,0.36857539415359497,crying_baby,0.36483490467071533,pig,0.34387266635894775,chainsaw,0.32341426610946655,cat,0.3021760582923889,hen,0.29344940185546875,rooster,0.2753947973251343,car_horn,0.24841071665287018
4-250869-A-2.wav,pig,pig,True,0.4514245092868805,0.28741344809532166,0.16401106119155884,pig,laughing,dog,0.27904587984085083,rooster,0.2352156937122345,coughing,0.22718217968940735,drinking_sipping,0.22151076793670654,crying_baby,0.19024690985679626,brushing_teeth,0.17391470074653625,sneezing,0.16681666672229767,breathing,0.1556500345468521
4-250869-B-2.wav,pig,pig,True,0.463847815990448,0.34028178453445435,0.12356603145599365,pig,rooster,crying_baby,0.2983691096305847,crow,0.2973775863647461,cat,0.2948588728904724,dog,0.2573721408843994,hen,0.23869800567626953,sheep,0.22923049330711365,frog,0.21009446680545807,cow,0.19661957025527954
4-250869-C-2.wav,pig,cat,False,0.39237481355667114,0.37706899642944336,0.015305817127227783,cat,pig,frog,0.3676857650279999,rooster,0.3544994592666626,crying_baby,0.3430871367454529,sheep,0.2744099497795105,dog,0.22211763262748718,hen,0.21655738353729248,crow,0.20505692064762115,cow,0.20492932200431824
4-251645-A-49.wav,hand_saw,hand_saw,True,0.6454051733016968,0.2734840512275696,0.3719211220741272,hand_saw,chainsaw,rooster,0.1874016672372818,sheep,0.1718074530363083,brushing_teeth,0.16563990712165833,cow,0.15749028325080872,vacuum_cleaner,0.12979796528816223,crying_baby,0.12606197595596313,crow,0.1188674047589302,toilet_flush,0.10641670227050781
4-251645-B-49.wav,hand_saw,hand_saw,True,0.6395314931869507,0.2706083655357361,0.3689231276512146,hand_saw,chainsaw,rooster,0.20693925023078918,sheep,0.18950948119163513,cow,0.16934306919574738,brushing_teeth,0.1577141284942627,crying_baby,0.13267721235752106,crow,0.11419278383255005,vacuum_cleaner,0.09340564161539078,dog,0.07945643365383148
4-251959-A-47.wav,airplane,train,False,0.319767564535141,0.3143855929374695,0.005381971597671509,train,airplane,vacuum_cleaner,0.21421197056770325,engine,0.19905146956443787,helicopter,0.17766073346138,wind,0.17376326024532318,hand_saw,0.16188958287239075,sea_waves,0.11023007333278656,thunderstorm,0.10799018293619156,siren,0.10538534820079803
4-253649-A-6.wav,hen,hen,True,0.49214285612106323,0.3360740840435028,0.15606877207756042,hen,rooster,frog,0.33337652683258057,pig,0.33087682723999023,door_wood_creaks,0.3286285102367401,cat,0.3091290295124054,crying_baby,0.30657270550727844,dog,0.3013530373573303,crow,0.2852405905723572,cow,0.2804800868034363
4-255371-A-47.wav,airplane,airplane,True,0.5517211556434631,0.35011881589889526,0.20160233974456787,airplane,helicopter,wind,0.26917004585266113,engine,0.245892733335495,train,0.24149927496910095,thunderstorm,0.23302197456359863,chainsaw,0.22654399275779724,fireworks,0.208629310131073,dog,0.20685726404190063,vacuum_cleaner,0.1892399787902832
4-261068-A-30.wav,door_wood_knock,door_wood_knock,True,0.5612373948097229,0.4070005714893341,0.1542368233203888,door_wood_knock,door_wood_creaks,frog,0.2797965705394745,rooster,0.26140645146369934,hen,0.18180476129055023,washing_machine,0.1700267195701599,fireworks,0.1661059409379959,dog,0.15955409407615662,water_drops,0.15493860840797424,engine,0.15394029021263123
4-264453-A-34.wav,can_opening,can_opening,True,0.6508356332778931,0.19432663917541504,0.456508994102478,can_opening,drinking_sipping,pig,0.09670413285493851,sneezing,0.08421467244625092,pouring_water,0.0841793343424797,brushing_teeth,0.06647410988807678,crackling_fire,0.03698642551898956,rain,0.00818338431417942,airplane,-0.004571240395307541,toilet_flush,-0.005295855924487114
4-59579-A-20.wav,crying_baby,crying_baby,True,0.7651023864746094,0.38744303584098816,0.3776593506336212,crying_baby,cat,cow,0.3781977891921997,crow,0.3519710600376129,coughing,0.3355591893196106,sneezing,0.304747998714447,sheep,0.2865646481513977,breathing,0.26893797516822815,laughing,0.26774296164512634,rooster,0.25895988941192627
4-59579-B-20.wav,crying_baby,crying_baby,True,0.5275018215179443,0.30243849754333496,0.22506332397460938,crying_baby,rooster,laughing,0.25469452142715454,cat,0.2338656485080719,crow,0.22627604007720947,hen,0.21182990074157715,frog,0.21010391414165497,door_wood_knock,0.20545977354049683,clock_alarm,0.19826196134090424,cow,0.19302994012832642
4-67358-A-42.wav,siren,siren,True,0.5630789995193481,0.3040946125984192,0.25898438692092896,siren,chainsaw,dog,0.2884529232978821,car_horn,0.273537814617157,vacuum_cleaner,0.27277424931526184,clock_alarm,0.269744873046875,crackling_fire,0.24900779128074646,rooster,0.2427906095981598,cat,0.22814349830150604,crying_baby,0.1984706073999405
4-80761-A-42.wav,siren,siren,True,0.4724673330783844,0.31039145588874817,0.16207587718963623,siren,chainsaw,vacuum_cleaner,0.2750345468521118,car_horn,0.20648443698883057,airplane,0.19017846882343292,clock_alarm,0.18351270258426666,sea_waves,0.1819903701543808,hand_saw,0.17346493899822235,rooster,0.1707071214914322,train,0.16629694402217865
4-90014-A-42.wav,siren,siren,True,0.4486287832260132,0.3837575912475586,0.06487119197845459,siren,car_horn,cow,0.26642081141471863,clock_alarm,0.26443397998809814,crying_baby,0.25738725066185,engine,0.2424117922782898,hen,0.230539470911026,church_bells,0.22924275696277618,vacuum_cleaner,0.22276218235492706,helicopter,0.2208135426044464
4-90014-B-42.wav,siren,siren,True,0.4791472554206848,0.4085072875022888,0.070639967918396,siren,car_horn,clock_alarm,0.3171347975730896,crying_baby,0.2771836519241333,cow,0.23804053664207458,church_bells,0.23063786327838898,train,0.22282814979553223,clapping,0.21764028072357178,vacuum_cleaner,0.21544089913368225,hen,0.2124710977077484
4-99193-A-4.wav,frog,frog,True,0.5481783151626587,0.36916375160217285,0.17901456356048584,frog,pig,hen,0.3452145457267761,cat,0.32370758056640625,cow,0.2925618290901184,crickets,0.2732747197151184,crying_baby,0.2637299597263336,door_wood_creaks,0.26305732131004333,rooster,0.2529276907444,sheep,0.2231632024049759
4-99193-B-4.wav,frog,frog,True,0.5279126763343811,0.3476397395133972,0.1802729368209839,frog,pig,hen,0.3280128240585327,cat,0.29944244027137756,cow,0.28952527046203613,crickets,0.24761544167995453,crying_baby,0.23887385427951813,rooster,0.22024817764759064,sheep,0.21541675925254822,door_wood_creaks,0.21109706163406372
4-99644-A-4.wav,frog,frog,True,0.5145576596260071,0.3786275088787079,0.1359301507472992,frog,cat,pig,0.2895281910896301,crying_baby,0.27985572814941406,hen,0.26818394660949707,door_wood_creaks,0.2557956874370575,rooster,0.2306024134159088,cow,0.22896689176559448,sheep,0.22693948447704315,door_wood_knock,0.22175917029380798
4-99644-B-4.wav,frog,frog,True,0.6236450672149658,0.3688664138317108,0.254778653383255,frog,door_wood_knock,crickets,0.3553478717803955,rooster,0.3484959602355957,door_wood_creaks,0.32563555240631104,pig,0.3028179407119751,hen,0.2861708402633667,clock_alarm,0.28133586049079895,insects,0.27477529644966125,crying_baby,0.2516637444496155
4-99644-C-4.wav,frog,frog,True,0.6178740859031677,0.3385500907897949,0.2793239951133728,frog,hen,rooster,0.3367788791656494,door_wood_knock,0.3217758536338806,pig,0.3216162919998169,crickets,0.3213852047920227,door_wood_creaks,0.2903071641921997,clock_alarm,0.28718650341033936,cow,0.2815900444984436,cat,0.26557299494743347
4-99644-D-4.wav,frog,frog,True,0.5447568893432617,0.2934194803237915,0.2513374090194702,frog,hen,crickets,0.27739495038986206,pig,0.2722974121570587,rooster,0.2399308681488037,door_wood_creaks,0.23391176760196686,cow,0.22848176956176758,door_wood_knock,0.22845011949539185,insects,0.21720242500305176,cat,0.2164391577243805
5-103415-A-2.wav,pig,pig,True,0.5682750940322876,0.46708744764328003,0.10118764638900757,pig,sheep,cow,0.4598838984966278,rooster,0.3965633511543274,hen,0.27201730012893677,crow,0.2654271721839905,crying_baby,0.2413257509469986,dog,0.22766995429992676,chainsaw,0.22442063689231873,brushing_teeth,0.19355177879333496
5-103416-A-2.wav,pig,rooster,False,0.4633748531341553,0.4303286075592041,0.03304624557495117,rooster,pig,crying_baby,0.36728635430336,hen,0.3608710467815399,cow,0.34865260124206543,crow,0.33845412731170654,sheep,0.33617109060287476,cat,0.28623372316360474,dog,0.2662540078163147,hand_saw,0.23143909871578217
5-103418-A-2.wav,pig,pig,True,0.6153796315193176,0.4518398940563202,0.16353973746299744,pig,rooster,cow,0.35976535081863403,dog,0.33311155438423157,hen,0.3113137185573578,crow,0.29302704334259033,sheep,0.25169044733047485,snoring,0.22332251071929932,laughing,0.20474155247211456,brushing_teeth,0.20092813670635223
5-103420-A-2.wav,pig,rooster,False,0.4795446991920471,0.4520508646965027,0.027493834495544434,rooster,crying_baby,crow,0.4400791525840759,pig,0.4394116997718811,cat,0.42318883538246155,frog,0.3631853461265564,cow,0.3449776768684387,chainsaw,0.3041839599609375,hen,0.2990058660507202,sheep,0.28543898463249207
5-103421-A-2.wav,pig,pig,True,0.5557011961936951,0.3694039285182953,0.18629726767539978,pig,cow,hen,0.3690703213214874,sheep,0.36693763732910156,rooster,0.3370353579521179,crow,0.23977677524089813,dog,0.22485250234603882,brushing_teeth,0.2073637843132019,crying_baby,0.18713468313217163,clock_alarm,0.17624624073505402
5-103422-A-2.wav,pig,pig,True,0.6333194971084595,0.5336169004440308,0.09970259666442871,pig,rooster,snoring,0.4249787926673889,cow,0.37317368388175964,crow,0.32422664761543274,dog,0.27619385719299316,chainsaw,0.2678636312484741,sheep,0.25958964228630066,hand_saw,0.24640583992004395,hen,0.2448885142803192
5-117118-A-42.wav,siren,siren,True,0.43405860662460327,0.34507325291633606,0.08898535370826721,siren,chainsaw,car_horn,0.25515228509902954,vacuum_cleaner,0.2307540625333786,clock_alarm,0.21974381804466248,hand_saw,0.20718824863433838,crow,0.20064018666744232,cow,0.19017742574214935,rooster,0.1790587604045868,crying_baby,0.1534624695777893
5-117120-A-42.wav,siren,siren,True,0.41648346185684204,0.3186637759208679,0.09781968593597412,siren,chainsaw,car_horn,0.3016076683998108,vacuum_cleaner,0.25875869393348694,hand_saw,0.24172665178775787,clock_alarm,0.18649478256702423,crying_baby,0.17913565039634705,cow,0.17334628105163574,rooster,0.1671598255634308,crow,0.166892871260643
5-117122-A-42.wav,siren,siren,True,0.4466554522514343,0.3745192289352417,0.07213622331619263,siren,chainsaw,vacuum_cleaner,0.24031075835227966,car_horn,0.22092561423778534,crow,0.21047267317771912,rooster,0.20692266523838043,hand_saw,0.20685091614723206,clock_alarm,0.20535007119178772,cow,0.18579807877540588,train,0.17061454057693481
5-117250-A-2.wav,pig,rooster,False,0.6172134280204773,0.4574439823627472,0.1597694456577301,rooster,pig,cow,0.2804234027862549,snoring,0.2721512019634247,dog,0.2702862322330475,frog,0.2670290768146515,crow,0.26374372839927673,chainsaw,0.23957809805870056,sheep,0.2313327193260193,door_wood_creaks,0.21963734924793243
5-117773-A-16.wav,wind,airplane,False,0.4801139235496521,0.37151893973350525,0.10859498381614685,airplane,vacuum_cleaner,wind,0.3531411290168762,engine,0.3509764075279236,washing_machine,0.3207552433013916,helicopter,0.27050864696502686,cat,0.2657178044319153,toilet_flush,0.20748460292816162,crackling_fire,0.19678804278373718,thunderstorm,0.19649013876914978
5-127990-A-2.wav,pig,pig,True,0.572844386100769,0.3409753441810608,0.23186904191970825,pig,hen,cow,0.28345903754234314,sheep,0.2795935869216919,dog,0.20501627027988434,crow,0.20097072422504425,drinking_sipping,0.1829661726951599,rooster,0.16503146290779114,can_opening,0.13346253335475922,crying_baby,0.13134145736694336
5-133989-A-42.wav,siren,siren,True,0.43044957518577576,0.3655186593532562,0.06493091583251953,siren,chainsaw,hand_saw,0.319926917552948,vacuum_cleaner,0.26963353157043457,car_horn,0.2525404691696167,crying_baby,0.24720939993858337,engine,0.23968727886676788,crow,0.1883385330438614,glass_breaking,0.18479052186012268,rooster,0.179734468460083
5-133989-B-42.wav,siren,siren,True,0.5218966007232666,0.30743587017059326,0.21446073055267334,siren,chainsaw,crying_baby,0.28281721472740173,car_horn,0.2656034827232361,vacuum_cleaner,0.26203304529190063,crackling_fire,0.20199933648109436,rooster,0.192597895860672,cat,0.18636702001094818,helicopter,0.18019528687000275,dog,0.17428891360759735
5-141683-A-35.wav,washing_machine,airplane,False,0.44626283645629883,0.35795077681541443,0.0883120596408844,airplane,engine,washing_machine,0.35641181468963623,helicopter,0.34709036350250244,vacuum_cleaner,0.30888956785202026,wind,0.2318783551454544,crackling_fire,0.22395886480808258,dog,0.20541921257972717,toilet_flush,0.18391087651252747,insects,0.15058349072933197
5-147297-A-27.wav,brushing_teeth,brushing_teeth,True,0.654936671257019,0.27590852975845337,0.3790281414985657,brushing_teeth,drinking_sipping,snoring,0.27360546588897705,hand_saw,0.24683833122253418,cow,0.1646801233291626,breathing,0.1338510364294052,chainsaw,0.12902005016803741,clapping,0.1285059005022049,wind,0.12442590296268463,can_opening,0.12310086190700531
5-150409-A-42.wav,siren,train,False,0.39417824149131775,0.3492105305194855,0.044967710971832275,train,siren,car_horn,0.3361053764820099,sheep,0.315902978181839,chainsaw,0.2888065576553345,cow,0.2708967924118042,crying_baby,0.25842463970184326,dog,0.2509852647781372,hand_saw,0.23418959975242615,vacuum_cleaner,0.18184518814086914
5-151085-A-20.wav,crying_baby,crying_baby,True,0.6512452363967896,0.3308982849121094,0.3203469514846802,crying_baby,coughing,laughing,0.3206973373889923,hen,0.3089510500431061,sneezing,0.2968810200691223,cow,0.2668636441230774,cat,0.2549636960029602,sheep,0.24437204003334045,crow,0.2086915373802185,pig,0.19496622681617737
5-156026-A-4.wav,frog,frog,True,0.5051117539405823,0.3947273790836334,0.11038437485694885,frog,cat,hen,0.3938450813293457,pig,0.36570316553115845,crow,0.35960716009140015,door_wood_creaks,0.2885735034942627,cow,0.2874325215816498,rooster,0.2782401442527771,dog,0.26740992069244385,sheep,0.26467132568359375
5-156026-B-4.wav,frog,crow,False,0.4614054262638092,0.43111371994018555,0.030291706323623657,crow,pig,frog,0.41661104559898376,hen,0.40927568078041077,cat,0.342113733291626,dog,0.317358136177063,cow,0.31375664472579956,sheep,0.2697904706001282,rooster,0.25575363636016846,crickets,0.23489132523536682
5-156026-C-4.wav,frog,frog,True,0.5434357523918152,0.3941858410835266,0.14924991130828857,frog,pig,hen,0.38213831186294556,crow,0.3771999478340149,cat,0.3717919588088989,crickets,0.3492550253868103,rooster,0.33377987146377563,cow,0.31159329414367676,insects,0.3009010851383209,door_wood_creaks,0.2724614143371582
5-156026-D-4.wav,frog,crow,False,0.5302208065986633,0.4233829081058502,0.10683789849281311,crow,hen,cat,0.40400800108909607,frog,0.40376901626586914,pig,0.31162095069885254,cow,0.303225040435791,dog,0.30084019899368286,crying_baby,0.29806047677993774,rooster,0.28754669427871704,sheep,0.28586500883102417
5-156698-A-18.wav,toilet_flush,toilet_flush,True,0.46748167276382446,0.27456900477409363,0.19291266798973083,toilet_flush,brushing_teeth,pouring_water,0.19198088347911835,washing_machine,0.17985421419143677,hand_saw,0.14788563549518585,cow,0.14012403786182404,sheep,0.08543944358825684,clock_alarm,0.07262279093265533,rooster,0.07173051685094833,hen,0.06875220686197281
5-156999-A-19.wav,thunderstorm,thunderstorm,True,0.5366884469985962,0.358672171831131,0.1780162751674652,thunderstorm,fireworks,wind,0.2823870778083801,rain,0.2801114320755005,church_bells,0.243066668510437,crackling_fire,0.2368396669626236,rooster,0.22640115022659302,crow,0.22464308142662048,train,0.19518332183361053,insects,0.17397622764110565
5-156999-B-19.wav,thunderstorm,thunderstorm,True,0.59466552734375,0.4491402804851532,0.1455252468585968,thunderstorm,fireworks,wind,0.3630232810974121,crackling_fire,0.33083587884902954,rain,0.2909242808818817,rooster,0.24311025440692902,engine,0.24035337567329407,airplane,0.24023251235485077,crow,0.23450371623039246,train,0.2330476939678192
5-156999-C-19.wav,thunderstorm,thunderstorm,True,0.514651894569397,0.4257078468799591,0.08894404768943787,thunderstorm,fireworks,crackling_fire,0.31716448068618774,wind,0.29494690895080566,crow,0.22658991813659668,rooster,0.22340917587280273,rain,0.21191927790641785,church_bells,0.20422574877738953,breathing,0.19624437391757965,train,0.1915101408958435
5-156999-D-19.wav,thunderstorm,thunderstorm,True,0.5871394276618958,0.4982357919216156,0.08890363574028015,thunderstorm,fireworks,wind,0.39619413018226624,crackling_fire,0.3025839328765869,breathing,0.28296351432800293,rooster,0.27653083205223083,rain,0.2627165913581848,airplane,0.25213390588760376,crow,0.23281574249267578,engine,0.2320931851863861
5-156999-E-19.wav,thunderstorm,thunderstorm,True,0.5153148770332336,0.41340935230255127,0.10190552473068237,thunderstorm,fireworks,crackling_fire,0.28411492705345154,rooster,0.26160728931427,wind,0.2533378005027771,crow,0.2142099291086197,airplane,0.20841023325920105,church_bells,0.19191475212574005,rain,0.18479587137699127,train,0.18265879154205322
5-157204-A-16.wav,wind,vacuum_cleaner,False,0.33949437737464905,0.3127703070640564,0.02672407031059265,vacuum_cleaner,wind,dog,0.24306733906269073,engine,0.24229060113430023,chainsaw,0.2390146553516388,train,0.23227322101593018,cat,0.2108907401561737,crying_baby,0.21017135679721832,washing_machine,0.19447405636310577,hand_saw,0.16956377029418945
5-157204-B-16.wav,wind,vacuum_cleaner,False,0.2836679518222809,0.26985085010528564,0.01381710171699524,vacuum_cleaner,engine,wind,0.2556408643722534,chainsaw,0.2021573930978775,crying_baby,0.20165646076202393,washing_machine,0.19930386543273926,dog,0.19827359914779663,sheep,0.19450220465660095,train,0.19164684414863586,car_horn,0.18702152371406555
5-160551-A-42.wav,siren,siren,True,0.39223572611808777,0.32307448983192444,0.06916123628616333,siren,crackling_fire,rain,0.294926255941391,fireworks,0.2531384825706482,crying_baby,0.24186019599437714,clapping,0.23552560806274414,wind,0.2275538295507431,engine,0.22025498747825623,thunderstorm,0.2191466987133026,water_drops,0.21739067137241364
5-160614-A-48.wav,fireworks,fireworks,True,0.47553592920303345,0.25091850757598877,0.22461742162704468,fireworks,crackling_fire,crickets,0.1814596801996231,footsteps,0.15541182458400726,water_drops,0.14840742945671082,clapping,0.14132049679756165,church_bells,0.12406179308891296,can_opening,0.10722251236438751,chirping_birds,0.1038888543844223,siren,0.0971153974533081
5-160614-B-48.wav,fireworks,fireworks,True,0.5485600233078003,0.32187744975090027,0.22668257355690002,fireworks,crackling_fire,crickets,0.2007346898317337,church_bells,0.19099995493888855,siren,0.1520649492740631,clock_tick,0.14347189664840698,thunderstorm,0.12534427642822266,clapping,0.1243152841925621,chainsaw,0.12128584831953049,insects,0.10415615141391754
5-160614-C-48.wav,fireworks,fireworks,True,0.536514401435852,0.18109360337257385,0.3554207980632782,fireworks,chirping_birds,footsteps,0.17793335020542145,church_bells,0.1618689000606537,crackling_fire,0.15635859966278076,water_drops,0.1286778748035431,helicopter,0.1280030608177185,door_wood_knock,0.12579479813575745,crickets,0.12045843154191971,siren,0.1034083217382431
5-160614-D-48.wav,fireworks,fireworks,True,0.5164347290992737,0.24256619811058044,0.27386853098869324,fireworks,crackling_fire,chirping_birds,0.11365316808223724,crickets,0.10182918608188629,church_bells,0.09899300336837769,helicopter,0.09139320254325867,footsteps,0.08817040175199509,siren,0.08752116560935974,water_drops,0.07774504274129868,chainsaw,0.07292024791240692
5-160614-E-48.wav,fireworks,fireworks,True,0.46027106046676636,0.3106980323791504,0.14957302808761597,fireworks,crackling_fire,footsteps,0.19849371910095215,church_bells,0.15410193800926208,helicopter,0.13804428279399872,door_wood_creaks,0.12518654763698578,pouring_water,0.12005823850631714,clock_tick,0.11806397140026093,door_wood_knock,0.10588282346725464,rooster,0.1056080311536789
5-160614-F-48.wav,fireworks,fireworks,True,0.48888978362083435,0.23492909967899323,0.2539606839418411,fireworks,crackling_fire,footsteps,0.1945953667163849,clapping,0.172753244638443,water_drops,0.1697700470685959,church_bells,0.14693224430084229,crickets,0.1437368392944336,siren,0.1147732362151146,dog,0.10167485475540161,crying_baby,0.09105520695447922
5-160614-G-48.wav,fireworks,fireworks,True,0.5388481020927429,0.23848578333854675,0.30036231875419617,fireworks,crackling_fire,footsteps,0.14332719147205353,church_bells,0.1424715667963028,chirping_birds,0.12187212705612183,crickets,0.11909197270870209,door_wood_knock,0.11894659698009491,water_drops,0.11770705133676529,siren,0.10710334777832031,helicopter,0.10178873687982559
5-160614-H-48.wav,fireworks,fireworks,True,0.5203360319137573,0.3239813446998596,0.1963546872138977,fireworks,crackling_fire,crickets,0.19487781822681427,church_bells,0.18093591928482056,clock_tick,0.11826741695404053,water_drops,0.10801871120929718,insects,0.08872091770172119,footsteps,0.08678044378757477,thunderstorm,0.08252710849046707,siren,0.07815427333116531
5-161270-A-33.wav,door_wood_creaks,door_wood_creaks,True,0.5753723382949829,0.17097097635269165,0.40440136194229126,door_wood_creaks,door_wood_knock,rooster,0.15240097045898438,snoring,0.13266141712665558,cat,0.1281176656484604,frog,0.07686369121074677,crow,0.049197882413864136,cow,0.04008745402097702,crying_baby,0.039723388850688934,dog,0.007778871804475784
5-161270-B-33.wav,door_wood_creaks,door_wood_creaks,True,0.6259403228759766,0.29638218879699707,0.3295581340789795,door_wood_creaks,door_wood_knock,crow,0.184937983751297,snoring,0.18009603023529053,rooster,0.17680791020393372,frog,0.16448858380317688,crickets,0.1264263540506363,crying_baby,0.1252729296684265,insects,0.1241062730550766,cat,0.12305643409490585
5-169983-A-5.wav,cat,cat,True,0.6182160973548889,0.2944945693016052,0.3237215280532837,cat,crying_baby,sheep,0.2847146689891815,cow,0.2475443333387375,dog,0.2402474582195282,vacuum_cleaner,0.16326673328876495,frog,0.1514584869146347,hen,0.14191493391990662,washing_machine,0.1344003975391388,crow,0.12443041801452637
5-170338-A-41.wav,chainsaw,chainsaw,True,0.5365819931030273,0.38579118251800537,0.15079081058502197,chainsaw,hand_saw,vacuum_cleaner,0.33738449215888977,crying_baby,0.3127639591693878,cow,0.30597901344299316,sheep,0.30538684129714966,rooster,0.27728232741355896,door_wood_creaks,0.27543166279792786,cat,0.2601635158061981,snoring,0.2590595483779907
5-170338-B-41.wav,chainsaw,chainsaw,True,0.6249425411224365,0.43822163343429565,0.18672090768814087,chainsaw,hand_saw,vacuum_cleaner,0.37326693534851074,cow,0.3031260371208191,brushing_teeth,0.2941656708717346,sheep,0.29328328371047974,crying_baby,0.2647674083709717,engine,0.21032929420471191,cat,0.20270007848739624,rooster,0.1731983721256256
5-171118-A-26.wav,laughing,laughing,True,0.37127619981765747,0.23021996021270752,0.14105623960494995,laughing,clapping,drinking_sipping,0.09348706156015396,sneezing,0.08327673375606537,crow,0.06880196928977966,cat,0.05208083987236023,sea_waves,0.04342835023999214,siren,0.04057196155190468,crying_baby,0.03952733427286148,mouse_click,0.038712650537490845
5-171653-A-41.wav,chainsaw,chainsaw,True,0.6261904239654541,0.40341562032699585,0.22277480363845825,chainsaw,hand_saw,glass_breaking,0.26437386870384216,crow,0.23986846208572388,vacuum_cleaner,0.22749292850494385,crying_baby,0.21747344732284546,cow,0.18622760474681854,sheep,0.16250398755073547,engine,0.15382352471351624,pouring_water,0.13585613667964935
5-172299-A-5.wav,cat,cat,True,0.5706559419631958,0.29856041073799133,0.27209553122520447,cat,dog,crying_baby,0.28653645515441895,sheep,0.22960233688354492,frog,0.18677082657814026,crow,0.16853293776512146,rooster,0.16682127118110657,cow,0.15359333157539368,siren,0.1212020069360733,car_horn,0.12114880979061127
5-172639-A-5.wav,cat,cat,True,0.5870106220245361,0.29509618878364563,0.2919144332408905,cat,sheep,crying_baby,0.2609195411205292,dog,0.23789764940738678,cow,0.2081095278263092,crow,0.17685459554195404,frog,0.17446061968803406,car_horn,0.16765806078910828,rooster,0.16568149626255035,hen,0.1587524265050888
5-173568-A-33.wav,door_wood_creaks,door_wood_creaks,True,0.33642637729644775,0.26921531558036804,0.06721106171607971,door_wood_creaks,rooster,cat,0.2440991997718811,frog,0.20172476768493652,cow,0.1769813597202301,crow,0.16811561584472656,dog,0.14709311723709106,sheep,0.1449415683746338,car_horn,0.13957831263542175,can_opening,0.13138525187969208
5-177034-A-18.wav,toilet_flush,toilet_flush,True,0.43800804018974304,0.289203017950058,0.14880502223968506,toilet_flush,brushing_teeth,washing_machine,0.2791263461112976,cow,0.19622060656547546,pouring_water,0.1811332404613495,rooster,0.16749583184719086,thunderstorm,0.12477067857980728,hand_saw,0.12016545981168747,drinking_sipping,0.10008072853088379,helicopter,0.08934718370437622
5-177614-A-5.wav,cat,cat,True,0.606013298034668,0.26287275552749634,0.34314054250717163,cat,frog,crying_baby,0.25239336490631104,sheep,0.24063700437545776,dog,0.22818243503570557,crow,0.22490808367729187,hen,0.19820275902748108,cow,0.18813975155353546,rooster,0.1708194613456726,car_horn,0.1217205822467804
5-177779-A-33.wav,door_wood_creaks,door_wood_creaks,True,0.5351495146751404,0.22816598415374756,0.3069835305213928,door_wood_creaks,frog,door_wood_knock,0.1821250170469284,rooster,0.1337796151638031,chirping_birds,0.10131625831127167,fireworks,0.08217141032218933,crow,0.07586275041103363,snoring,0.0555843785405159,mouse_click,0.05553176626563072,rain,0.05367293953895569
5-177957-A-40.wav,helicopter,engine,False,0.47765475511550903,0.3776698708534241,0.09998488426208496,engine,airplane,washing_machine,0.3756122589111328,helicopter,0.364149272441864,train,0.23585471510887146,crickets,0.17002010345458984,vacuum_cleaner,0.16450059413909912,insects,0.16422469913959503,dog,0.15582561492919922,wind,0.152960866689682
5-177957-B-40.wav,helicopter,engine,False,0.5450109839439392,0.5308807492256165,0.014130234718322754,engine,helicopter,airplane,0.4474840462207794,washing_machine,0.3122599124908447,train,0.2538420557975769,crickets,0.2222151905298233,insects,0.21477389335632324,wind,0.18079990148544312,clock_tick,0.15537023544311523,vacuum_cleaner,0.15521898865699768
5-177957-C-40.wav,helicopter,helicopter,True,0.6030243635177612,0.39636969566345215,0.20665466785430908,helicopter,airplane,engine,0.3852244019508362,washing_machine,0.2512936592102051,train,0.18353024125099182,hen,0.1626870036125183,wind,0.16127830743789673,crickets,0.1492771953344345,insects,0.14282730221748352,hand_saw,0.13483884930610657
5-177957-D-40.wav,helicopter,helicopter,True,0.5902950167655945,0.47521963715553284,0.11507537961006165,helicopter,engine,airplane,0.4129371643066406,washing_machine,0.3606862723827362,wind,0.1863645762205124,vacuum_cleaner,0.16727392375469208,train,0.14572960138320923,clock_tick,0.13985097408294678,dog,0.13520531356334686,insects,0.13300977647304535
5-177957-E-40.wav,helicopter,engine,False,0.5374383926391602,0.5373838543891907,5.453824996948242e-05,engine,helicopter,airplane,0.502788245677948,washing_machine,0.36053475737571716,vacuum_cleaner,0.22827619314193726,wind,0.20773020386695862,train,0.16596990823745728,dog,0.1416010558605194,crackling_fire,0.13494104146957397,insects,0.13214156031608582
5-178997-A-24.wav,coughing,coughing,True,0.5434597134590149,0.37265774607658386,0.17080196738243103,coughing,sneezing,breathing,0.2609936594963074,hen,0.2535238265991211,crying_baby,0.2258361577987671,rooster,0.19791066646575928,cow,0.19230639934539795,drinking_sipping,0.19124753773212433,cat,0.18946444988250732,pig,0.18764247000217438
5-179294-A-46.wav,church_bells,church_bells,True,0.48449021577835083,0.15912804007530212,0.3253621757030487,church_bells,hen,crying_baby,0.15505282580852509,sneezing,0.11723610013723373,cow,0.10918036848306656,train,0.08469056338071823,pouring_water,0.07969558238983154,chirping_birds,0.06282532960176468,glass_breaking,0.059852756559848785,footsteps,0.046719782054424286
5-179496-A-16.wav,wind,train,False,0.35853517055511475,0.21339289844036102,0.14514227211475372,train,helicopter,engine,0.2084100842475891,cow,0.16359831392765045,sheep,0.15365061163902283,hand_saw,0.14218303561210632,airplane,0.1408187597990036,wind,0.1349591314792633,chainsaw,0.12710312008857727,car_horn,0.11845909059047699
5-179496-B-16.wav,wind,engine,False,0.27974212169647217,0.27223387360572815,0.0075082480907440186,engine,wind,train,0.26321229338645935,chainsaw,0.24865204095840454,siren,0.2428300827741623,hand_saw,0.23013295233249664,sheep,0.22140130400657654,vacuum_cleaner,0.21098646521568298,crying_baby,0.2075638473033905,thunderstorm,0.18353909254074097
5-179860-A-43.wav,car_horn,car_horn,True,0.4738399088382721,0.31374889612197876,0.16009101271629333,car_horn,clock_alarm,siren,0.30161428451538086,church_bells,0.24496227502822876,rooster,0.2273363620042801,cow,0.20410753786563873,hen,0.18539419770240784,frog,0.1712760478258133,sheep,0.16415633261203766,crow,0.1620378941297531
5-179863-A-43.wav,car_horn,car_horn,True,0.5321213006973267,0.2730882167816162,0.25903308391571045,car_horn,hen,clock_alarm,0.2547183930873871,sheep,0.2341649830341339,cow,0.21674153208732605,chirping_birds,0.19700783491134644,church_bells,0.17189966142177582,siren,0.16928605735301971,door_wood_knock,0.16916751861572266,frog,0.16343900561332703
5-179865-A-43.wav,car_horn,car_horn,True,0.49866607785224915,0.27021217346191406,0.22845390439033508,car_horn,hen,clock_alarm,0.24734754860401154,church_bells,0.20765773952007294,cow,0.205863818526268,rooster,0.19955530762672424,siren,0.17618077993392944,sheep,0.17535647749900818,dog,0.16810904443264008,door_wood_knock,0.16759130358695984
5-179866-A-43.wav,car_horn,car_horn,True,0.47917330265045166,0.29217439889907837,0.1869989037513733,car_horn,church_bells,hen,0.24627259373664856,train,0.2332761287689209,clock_alarm,0.2235708236694336,cow,0.19982273876667023,crow,0.18392905592918396,dog,0.16502109169960022,siren,0.16449710726737976,sea_waves,0.15028196573257446
5-179868-A-43.wav,car_horn,car_horn,True,0.4021811783313751,0.2531951367855072,0.14898604154586792,car_horn,church_bells,siren,0.2389249950647354,cow,0.1868346929550171,crow,0.17891272902488708,clapping,0.15317921340465546,clock_alarm,0.1489465832710266,sheep,0.1313740313053131,train,0.11343573033809662,rain,0.11326968669891357
5-180156-A-43.wav,car_horn,car_horn,True,0.36882972717285156,0.21936112642288208,0.14946860074996948,car_horn,hen,clock_alarm,0.21386758983135223,church_bells,0.20023556053638458,sheep,0.16550353169441223,hand_saw,0.15587088465690613,can_opening,0.14793691039085388,engine,0.142135888338089,train,0.1401774138212204,siren,0.12417694926261902
5-180156-B-43.wav,car_horn,car_horn,True,0.4519573450088501,0.2733871340751648,0.1785702109336853,car_horn,hen,sheep,0.22674348950386047,clock_alarm,0.22180505096912384,church_bells,0.2019641250371933,train,0.173973947763443,cow,0.16032513976097107,dog,0.1502319723367691,can_opening,0.14121073484420776,siren,0.12968425452709198
5-180156-C-43.wav,car_horn,car_horn,True,0.4087836742401123,0.2525569796562195,0.15622669458389282,car_horn,church_bells,hen,0.2484663724899292,sheep,0.2187713384628296,clock_alarm,0.21164032816886902,can_opening,0.17935141921043396,cow,0.17730769515037537,hand_saw,0.1601409614086151,engine,0.13118869066238403,train,0.11485709249973297
5-180229-A-27.wav,brushing_teeth,brushing_teeth,True,0.5768780708312988,0.3493728041648865,0.22750526666641235,brushing_teeth,hand_saw,drinking_sipping,0.28756552934646606,can_opening,0.24166780710220337,dog,0.22895285487174988,pig,0.22823336720466614,snoring,0.21420282125473022,cow,0.2127891480922699,breathing,0.17970290780067444,wind,0.1626301407814026
5-181458-A-33.wav,door_wood_creaks,door_wood_creaks,True,0.3635164201259613,0.13317234814167023,0.23034407198429108,door_wood_creaks,cat,crow,0.11452312767505646,crying_baby,0.08517395704984665,cow,0.07907453924417496,rooster,0.07435505837202072,dog,0.05697866901755333,chirping_birds,0.050475187599658966,frog,0.04628852754831314,door_wood_knock,0.0453781858086586
5-181766-A-10.wav,rain,rain,True,0.5568780899047852,0.3814930319786072,0.17538505792617798,rain,thunderstorm,crackling_fire,0.2538825273513794,clapping,0.2134784609079361,engine,0.2068628966808319,clock_tick,0.15945881605148315,wind,0.14286360144615173,washing_machine,0.13256694376468658,hen,0.12897302210330963,siren,0.1284780204296112
5-181977-A-35.wav,washing_machine,washing_machine,True,0.5084799528121948,0.3300899863243103,0.17838996648788452,washing_machine,brushing_teeth,hand_saw,0.32888340950012207,toilet_flush,0.2943476140499115,vacuum_cleaner,0.28552985191345215,rooster,0.21177613735198975,pouring_water,0.20301473140716553,door_wood_creaks,0.168623149394989,door_wood_knock,0.14688576757907867,chainsaw,0.14336088299751282
5-182007-A-36.wav,vacuum_cleaner,vacuum_cleaner,True,0.4392196834087372,0.3902427852153778,0.048976898193359375,vacuum_cleaner,washing_machine,brushing_teeth,0.3314315378665924,engine,0.3050631284713745,hand_saw,0.21368750929832458,airplane,0.17763593792915344,helicopter,0.17629864811897278,wind,0.1699027270078659,dog,0.16213774681091309,breathing,0.1480967104434967
5-182010-A-36.wav,vacuum_cleaner,vacuum_cleaner,True,0.4161025285720825,0.31875377893447876,0.09734874963760376,vacuum_cleaner,airplane,engine,0.30910298228263855,washing_machine,0.2734391689300537,helicopter,0.2400270402431488,hand_saw,0.22187599539756775,brushing_teeth,0.185097798705101,dog,0.18154047429561615,chainsaw,0.1659301519393921,wind,0.1431223601102829
5-182012-A-36.wav,vacuum_cleaner,vacuum_cleaner,True,0.5035977959632874,0.3509964644908905,0.15260133147239685,vacuum_cleaner,washing_machine,engine,0.3146880567073822,airplane,0.29378533363342285,hand_saw,0.27262428402900696,brushing_teeth,0.2294064462184906,helicopter,0.19368812441825867,dog,0.17296504974365234,chainsaw,0.16717898845672607,cat,0.10994435101747513
5-182404-A-18.wav,toilet_flush,toilet_flush,True,0.43929800391197205,0.20912927389144897,0.23016873002052307,toilet_flush,pouring_water,rooster,0.18554629385471344,washing_machine,0.1819586157798767,brushing_teeth,0.17831583321094513,door_wood_knock,0.17241667211055756,thunderstorm,0.11687644571065903,sea_waves,0.11273464560508728,cow,0.11003910005092621,door_wood_creaks,0.09585227072238922
5-184323-A-42.wav,siren,siren,True,0.46725010871887207,0.38410669565200806,0.08314341306686401,siren,cow,crow,0.3112911581993103,sheep,0.30010032653808594,chainsaw,0.29114532470703125,crying_baby,0.27676600217819214,dog,0.26634347438812256,car_horn,0.24393051862716675,rooster,0.22705259919166565,wind,0.20496103167533875
5-184871-A-24.wav,coughing,coughing,True,0.5104786157608032,0.46069133281707764,0.049787282943725586,coughing,sneezing,hen,0.303549587726593,breathing,0.2303241640329361,laughing,0.22610226273536682,cow,0.18164539337158203,crying_baby,0.15110915899276733,drinking_sipping,0.13872523605823517,pig,0.13743522763252258,rooster,0.1347580999135971
5-185516-A-27.wav,brushing_teeth,brushing_teeth,True,0.6529107093811035,0.21006689965724945,0.44284380972385406,brushing_teeth,drinking_sipping,hand_saw,0.18233194947242737,helicopter,0.16148388385772705,washing_machine,0.15834197402000427,snoring,0.13996747136116028,cow,0.137629896402359,cat,0.1227516308426857,rooster,0.11500004678964615,clapping,0.1062721386551857
5-185579-A-41.wav,chainsaw,chainsaw,True,0.6108068823814392,0.5319104790687561,0.0788964033126831,chainsaw,hand_saw,vacuum_cleaner,0.4123075008392334,cow,0.28333401679992676,brushing_teeth,0.2818826138973236,sheep,0.27783018350601196,crying_baby,0.2636687457561493,engine,0.21482212841510773,snoring,0.1781330704689026,rooster,0.1715366095304489
5-185579-B-41.wav,chainsaw,chainsaw,True,0.5286459922790527,0.5202221274375916,0.008423864841461182,chainsaw,hand_saw,vacuum_cleaner,0.27599355578422546,sheep,0.23468486964702606,engine,0.23414158821105957,brushing_teeth,0.19223597645759583,cow,0.17863647639751434,crying_baby,0.134877547621727,rooster,0.12304334342479706,rain,0.10236580669879913
5-185908-A-18.wav,toilet_flush,toilet_flush,True,0.5116377472877502,0.26825183629989624,0.243385910987854,toilet_flush,brushing_teeth,washing_machine,0.20828263461589813,pouring_water,0.2018926441669464,cow,0.18119150400161743,hand_saw,0.1260443478822708,sea_waves,0.1003614217042923,helicopter,0.0878269150853157,sheep,0.08152513951063156,hen,0.07958509027957916
5-186924-A-12.wav,crackling_fire,crackling_fire,True,0.6022709608078003,0.2376946210861206,0.3645763397216797,crackling_fire,engine,wind,0.216962069272995,thunderstorm,0.1826041042804718,clock_tick,0.16379404067993164,fireworks,0.15746358036994934,washing_machine,0.15349870920181274,helicopter,0.14368656277656555,footsteps,0.13530240952968597,rain,0.13362562656402588
5-187201-A-4.wav,frog,frog,True,0.586698591709137,0.3505900502204895,0.23610854148864746,frog,crickets,insects,0.2978098392486572,hen,0.2754400372505188,pig,0.26451146602630615,door_wood_creaks,0.2489430010318756,chirping_birds,0.2293013632297516,rooster,0.2140292376279831,cat,0.19846341013908386,cow,0.1908656805753708
5-187201-B-4.wav,frog,frog,True,0.5578955411911011,0.32512643933296204,0.23276910185813904,frog,crickets,insects,0.28653252124786377,chirping_birds,0.25986355543136597,hen,0.2426341027021408,door_wood_creaks,0.23825286328792572,pig,0.22630316019058228,rooster,0.17852726578712463,cat,0.17754653096199036,cow,0.16445934772491455
5-187444-A-33.wav,door_wood_creaks,door_wood_creaks,True,0.47714003920555115,0.15687456727027893,0.3202654719352722,door_wood_creaks,rooster,crying_baby,0.11326852440834045,sheep,0.10965202003717422,cow,0.09703029692173004,crow,0.0958203673362732,hand_saw,0.09291435778141022,chainsaw,0.08800221234560013,snoring,0.08221611380577087,door_wood_knock,0.07810096442699432
5-187979-A-21.wav,sneezing,sneezing,True,0.6286535263061523,0.33229565620422363,0.2963578701019287,sneezing,drinking_sipping,coughing,0.3220149278640747,cow,0.27004340291023254,hen,0.23700964450836182,church_bells,0.21663832664489746,breathing,0.2060716152191162,crying_baby,0.1443111002445221,sea_waves,0.1264759600162506,cat,0.11907044798135757
5-188365-A-36.wav,vacuum_cleaner,vacuum_cleaner,True,0.36496028304100037,0.3564842939376831,0.00847598910331726,vacuum_cleaner,hand_saw,chainsaw,0.32129552960395813,rain,0.21955791115760803,wind,0.19233401119709015,engine,0.19091643393039703,crying_baby,0.18501338362693787,brushing_teeth,0.17303548753261566,cat,0.12408875674009323,crow,0.1235613152384758
5-188495-A-19.wav,thunderstorm,thunderstorm,True,0.6081486940383911,0.42033734917640686,0.18781134486198425,thunderstorm,fireworks,wind,0.4061919152736664,rain,0.3016727566719055,airplane,0.2838316559791565,crow,0.277307391166687,engine,0.2465144246816635,helicopter,0.22938498854637146,train,0.223850280046463,crackling_fire,0.2223360538482666
5-188606-A-33.wav,door_wood_creaks,door_wood_creaks,True,0.5727308988571167,0.25756487250328064,0.31516602635383606,door_wood_creaks,crow,rooster,0.2166365683078766,frog,0.18248194456100464,door_wood_knock,0.17872582376003265,snoring,0.08764898031949997,cat,0.08512774109840393,hen,0.08206326514482498,chirping_birds,0.07378159463405609,cow,0.06394234299659729
5-188655-A-10.wav,rain,rain,True,0.4952337443828583,0.3343261480331421,0.1609075963497162,rain,engine,thunderstorm,0.3056248426437378,crackling_fire,0.2745358347892761,pouring_water,0.24746082723140717,washing_machine,0.2016587257385254,hen,0.19363248348236084,airplane,0.19359466433525085,wind,0.16946205496788025,clock_tick,0.16164398193359375
5-188716-A-46.wav,church_bells,church_bells,True,0.5870165824890137,0.29151445627212524,0.2955021262168884,church_bells,crying_baby,glass_breaking,0.24693548679351807,crow,0.19105146825313568,sneezing,0.186213880777359,cow,0.1861473172903061,laughing,0.1696898341178894,clock_alarm,0.16773568093776703,breathing,0.16041693091392517,hen,0.14993272721767426
5-188796-A-45.wav,train,train,True,0.4842195510864258,0.26865485310554504,0.21556469798088074,train,coughing,washing_machine,0.22580641508102417,engine,0.21914547681808472,door_wood_knock,0.18498530983924866,hen,0.18417760729789734,fireworks,0.16741831600666046,clock_tick,0.16014066338539124,helicopter,0.13658088445663452,clock_alarm,0.1256520003080368
5-188945-A-45.wav,train,train,True,0.5857170224189758,0.2896656394004822,0.29605138301849365,train,engine,airplane,0.2505991458892822,coughing,0.22268293797969818,helicopter,0.2062271237373352,clock_tick,0.19108456373214722,clock_alarm,0.17611846327781677,hen,0.1662537157535553,breathing,0.16073909401893616,thunderstorm,0.14372605085372925
5-189212-A-12.wav,crackling_fire,crackling_fire,True,0.47896265983581543,0.2546026110649109,0.22436004877090454,crackling_fire,washing_machine,helicopter,0.19823361933231354,keyboard_typing,0.1669701337814331,engine,0.16338621079921722,rain,0.15003573894500732,airplane,0.14514917135238647,glass_breaking,0.14074116945266724,water_drops,0.13218198716640472,mouse_click,0.13135892152786255
5-189237-A-12.wav,crackling_fire,crackling_fire,True,0.5136237144470215,0.3653634488582611,0.14826026558876038,crackling_fire,water_drops,fireworks,0.2804287075996399,footsteps,0.2652985155582428,can_opening,0.25453174114227295,mouse_click,0.19276702404022217,helicopter,0.18909943103790283,clapping,0.1881202757358551,chirping_birds,0.1601465344429016,rain,0.15650111436843872
5-189795-A-4.wav,frog,frog,True,0.6017195582389832,0.337734580039978,0.2639849781990051,frog,pig,cat,0.31624162197113037,hen,0.3074423670768738,crickets,0.30007168650627136,crying_baby,0.2913739085197449,door_wood_creaks,0.2904658913612366,rooster,0.2848009765148163,door_wood_knock,0.2817758321762085,cow,0.2525053322315216
5-191131-A-40.wav,helicopter,helicopter,True,0.4841914772987366,0.4683122932910919,0.015879184007644653,helicopter,airplane,engine,0.3652411699295044,wind,0.327457457780838,thunderstorm,0.31581801176071167,clock_tick,0.308205246925354,crackling_fire,0.27318939566612244,washing_machine,0.2699768841266632,fireworks,0.25353503227233887,train,0.2287692129611969
5-191497-A-33.wav,door_wood_creaks,door_wood_creaks,True,0.5214341878890991,0.2642478942871094,0.25718629360198975,door_wood_creaks,crow,cow,0.21004292368888855,door_wood_knock,0.1971634477376938,hen,0.18707941472530365,sheep,0.18421655893325806,car_horn,0.17756684124469757,rooster,0.16823264956474304,crying_baby,0.14377157390117645,chirping_birds,0.13565033674240112
5-192191-A-19.wav,thunderstorm,thunderstorm,True,0.578577995300293,0.38305073976516724,0.19552725553512573,thunderstorm,rain,fireworks,0.35316789150238037,wind,0.30189287662506104,cow,0.22812633216381073,crow,0.22669996321201324,crackling_fire,0.22627165913581848,engine,0.2144838273525238,airplane,0.19783207774162292,chainsaw,0.1929662525653839
5-193339-A-10.wav,rain,rain,True,0.48837631940841675,0.3639797568321228,0.12439656257629395,rain,thunderstorm,engine,0.29465585947036743,pouring_water,0.23780962824821472,washing_machine,0.23299634456634521,crackling_fire,0.21991285681724548,water_drops,0.17900636792182922,hen,0.17812097072601318,clock_tick,0.1743236929178238,fireworks,0.15758366882801056
5-193473-A-12.wav,crackling_fire,crackling_fire,True,0.5185387134552002,0.29358595609664917,0.22495275735855103,crackling_fire,water_drops,rain,0.2710280418395996,crickets,0.23903296887874603,insects,0.22242407500743866,hen,0.21750687062740326,fireworks,0.19752420485019684,can_opening,0.16998827457427979,cow,0.1497284322977066,footsteps,0.1479472815990448
5-193473-B-12.wav,crackling_fire,crackling_fire,True,0.530282735824585,0.2970433831214905,0.23323935270309448,crackling_fire,rain,water_drops,0.21795590221881866,insects,0.17981915175914764,crickets,0.16927053034305573,hen,0.1525128036737442,cat,0.12813390791416168,glass_breaking,0.12128041684627533,fireworks,0.11407758295536041,can_opening,0.09856181591749191
5-194533-A-21.wav,sneezing,sneezing,True,0.5863034725189209,0.44401121139526367,0.14229226112365723,sneezing,coughing,crying_baby,0.30833494663238525,drinking_sipping,0.26346445083618164,cow,0.25324544310569763,breathing,0.24504052102565765,hen,0.23734553158283234,cat,0.183191180229187,brushing_teeth,0.17961786687374115,church_bells,0.17508119344711304
5-194892-A-10.wav,rain,rain,True,0.4368826746940613,0.39099133014678955,0.04589134454727173,rain,thunderstorm,engine,0.32637280225753784,crackling_fire,0.3253619074821472,washing_machine,0.2844119966030121,train,0.28359824419021606,clock_tick,0.2552618980407715,wind,0.20498031377792358,airplane,0.1920754611492157,helicopter,0.17003391683101654
5-194899-A-3.wav,cow,cow,True,0.7004350423812866,0.52243572473526,0.1779993176460266,cow,sheep,rooster,0.48081856966018677,pig,0.4612634479999542,hen,0.33530494570732117,crow,0.32814258337020874,dog,0.2861955761909485,chainsaw,0.2508491575717926,snoring,0.24879610538482666,frog,0.23999428749084473
5-194899-B-3.wav,cow,cow,True,0.6619377136230469,0.4353881776332855,0.22654953598976135,cow,rooster,sheep,0.41602957248687744,pig,0.363386869430542,crow,0.30838048458099365,hen,0.29720136523246765,crying_baby,0.2510455846786499,dog,0.22790998220443726,chainsaw,0.22068293392658234,snoring,0.21042819321155548
5-194899-C-3.wav,cow,cow,True,0.7380626201629639,0.5314227342605591,0.20663988590240479,cow,rooster,sheep,0.4741843342781067,pig,0.4447714686393738,hen,0.39557793736457825,crow,0.373346745967865,dog,0.2957776188850403,crying_baby,0.2837498188018799,chainsaw,0.2821570038795471,snoring,0.2821073532104492
5-194899-D-3.wav,cow,cow,True,0.6940460801124573,0.496837317943573,0.19720876216888428,cow,rooster,sheep,0.43517571687698364,pig,0.36426156759262085,crow,0.31937241554260254,hen,0.316275954246521,dog,0.2884235382080078,crying_baby,0.2815820574760437,chainsaw,0.255704402923584,insects,0.24095839262008667
5-194930-A-1.wav,rooster,hen,False,0.6197175979614258,0.5644433498382568,0.055274248123168945,hen,cow,rooster,0.5576602220535278,crow,0.4156215488910675,pig,0.30550697445869446,sheep,0.3050149083137512,dog,0.3029347062110901,chirping_birds,0.30118751525878906,frog,0.2962467074394226,crying_baby,0.28225407004356384
5-194930-B-1.wav,rooster,hen,False,0.5755558609962463,0.5568525791168213,0.01870328187942505,hen,cow,rooster,0.5457911491394043,crow,0.43392693996429443,crying_baby,0.3367732763290405,sheep,0.32555925846099854,clock_alarm,0.27779507637023926,pig,0.2681848704814911,frog,0.2678094208240509,chirping_birds,0.2530598044395447
5-194932-A-7.wav,insects,cow,False,0.22470876574516296,0.21912381052970886,0.0055849552154541016,cow,sheep,brushing_teeth,0.1923394650220871,insects,0.19193515181541443,hand_saw,0.1888534426689148,cat,0.18643788993358612,chainsaw,0.14628268778324127,door_wood_creaks,0.1415293663740158,frog,0.13491736352443695,car_horn,0.10766684263944626
5-195517-A-7.wav,insects,cow,False,0.2722757160663605,0.19059161841869354,0.08168409764766693,cow,brushing_teeth,sheep,0.18332821130752563,cat,0.1806182861328125,insects,0.165036141872406,hand_saw,0.15449365973472595,door_wood_creaks,0.14633294939994812,car_horn,0.13580536842346191,frog,0.1239466518163681,thunderstorm,0.12341339886188507
5-195518-A-7.wav,insects,brushing_teeth,False,0.317574679851532,0.2568235993385315,0.06075108051300049,brushing_teeth,cow,hand_saw,0.24101930856704712,sheep,0.228656604886055,chainsaw,0.18958860635757446,insects,0.17037621140480042,cat,0.1410306990146637,rooster,0.13431774079799652,frog,0.11816281825304031,crickets,0.09483702480792999
5-195557-A-19.wav,thunderstorm,thunderstorm,True,0.5452265739440918,0.4159165620803833,0.1293100118637085,thunderstorm,fireworks,rain,0.3060217499732971,wind,0.23894301056861877,crackling_fire,0.2166191190481186,crow,0.20619142055511475,rooster,0.20327694714069366,airplane,0.15720562636852264,engine,0.15713003277778625,train,0.15578630566596985
5-195710-A-10.wav,rain,rain,True,0.5531564950942993,0.4309573471546173,0.122199147939682,rain,thunderstorm,washing_machine,0.271773099899292,engine,0.24441763758659363,wind,0.22176112234592438,toilet_flush,0.18683430552482605,water_drops,0.17727543413639069,crackling_fire,0.17602211236953735,pouring_water,0.16835743188858032,fireworks,0.16379088163375854
5-197118-A-45.wav,train,train,True,0.5384913682937622,0.2597348690032959,0.2787564992904663,train,washing_machine,coughing,0.2548050880432129,engine,0.22753667831420898,sneezing,0.1923583298921585,breathing,0.1872403919696808,airplane,0.17896968126296997,brushing_teeth,0.1618155539035797,helicopter,0.14374661445617676,hen,0.13344356417655945
5-197121-A-45.wav,train,train,True,0.5862449407577515,0.3490779399871826,0.23716700077056885,train,coughing,sneezing,0.26462557911872864,breathing,0.22702251374721527,engine,0.22611844539642334,hen,0.20842379331588745,washing_machine,0.19196754693984985,chirping_birds,0.18206089735031128,fireworks,0.17714302241802216,airplane,0.1755397617816925
5-197121-B-45.wav,train,train,True,0.46348315477371216,0.30257898569107056,0.1609041690826416,train,washing_machine,coughing,0.2441987544298172,engine,0.23735783994197845,hen,0.23223190009593964,fireworks,0.17496180534362793,thunderstorm,0.1646246612071991,helicopter,0.1545022428035736,airplane,0.15149572491645813,rooster,0.1432477831840515
5-197446-A-7.wav,insects,door_wood_creaks,False,0.16801214218139648,0.10693724453449249,0.06107489764690399,door_wood_creaks,door_wood_knock,airplane,0.09993278980255127,brushing_teeth,0.09945648908615112,cow,0.09667178243398666,cat,0.08478564023971558,hand_saw,0.08469167351722717,keyboard_typing,0.0805070623755455,rooster,0.07133081555366516,hen,0.07085171341896057
5-197913-A-18.wav,toilet_flush,toilet_flush,True,0.43925830721855164,0.3054355978965759,0.1338227093219757,toilet_flush,brushing_teeth,pouring_water,0.2588506042957306,washing_machine,0.1702815294265747,hand_saw,0.15539002418518066,cow,0.09489589929580688,sheep,0.0790635421872139,rooster,0.06849485635757446,pig,0.05756000429391861,helicopter,0.0573917031288147
5-197988-A-46.wav,church_bells,church_bells,True,0.505051851272583,0.2797476053237915,0.2253042459487915,church_bells,cow,crying_baby,0.19582074880599976,sheep,0.18758979439735413,clock_alarm,0.1829914003610611,crickets,0.18060700595378876,clock_tick,0.17190274596214294,hen,0.16188597679138184,crow,0.15500307083129883,pig,0.14295518398284912
5-198278-A-7.wav,insects,brushing_teeth,False,0.2986377477645874,0.25539374351501465,0.043244004249572754,brushing_teeth,chainsaw,hand_saw,0.2211562842130661,vacuum_cleaner,0.1966506838798523,insects,0.1571514755487442,cow,0.15596528351306915,washing_machine,0.15158767998218536,wind,0.1221257895231247,cat,0.11860107630491257,thunderstorm,0.10199732333421707
5-198278-B-7.wav,insects,chainsaw,False,0.26931679248809814,0.26515233516693115,0.004164457321166992,chainsaw,brushing_teeth,insects,0.2212097942829132,cow,0.21305495500564575,hand_saw,0.19836854934692383,vacuum_cleaner,0.18754439055919647,wind,0.1329585611820221,washing_machine,0.13150158524513245,airplane,0.12870566546916962,cat,0.12416680157184601
5-198278-C-7.wav,insects,brushing_teeth,False,0.3014218211174011,0.22892121970653534,0.07250060141086578,brushing_teeth,chainsaw,cow,0.22461053729057312,insects,0.19663462042808533,hand_saw,0.19197577238082886,vacuum_cleaner,0.15365290641784668,cat,0.13820138573646545,washing_machine,0.13065719604492188,sheep,0.10840563476085663,crickets,0.09708281606435776
5-198321-A-10.wav,rain,rain,True,0.5093069076538086,0.27950000762939453,0.22980690002441406,rain,thunderstorm,engine,0.21698857843875885,hen,0.19650013744831085,crackling_fire,0.17555591464042664,chirping_birds,0.13219566643238068,clock_tick,0.11966829746961594,washing_machine,0.11682599037885666,pouring_water,0.0930703654885292,water_drops,0.07644348591566086
5-198373-A-46.wav,church_bells,church_bells,True,0.605886697769165,0.21130159497261047,0.39458510279655457,church_bells,crying_baby,glass_breaking,0.1467438042163849,breathing,0.1447085440158844,crow,0.13735927641391754,cow,0.13414935767650604,clock_alarm,0.120760977268219,clock_tick,0.10853607952594757,car_horn,0.10069335997104645,cat,0.10002312064170837
5-198411-A-20.wav,crying_baby,crying_baby,True,0.6207804679870605,0.2951202690601349,0.32566019892692566,crying_baby,cat,cow,0.2945268154144287,sheep,0.24655194580554962,vacuum_cleaner,0.21806976199150085,crow,0.207745760679245,dog,0.18361401557922363,rooster,0.16983625292778015,hen,0.1696917712688446,brushing_teeth,0.1674964427947998
5-198411-B-20.wav,crying_baby,crying_baby,True,0.4590305984020233,0.3147513270378113,0.14427927136421204,crying_baby,laughing,cat,0.2880951762199402,brushing_teeth,0.19372165203094482,sneezing,0.18486139178276062,coughing,0.17301639914512634,dog,0.17147131264209747,washing_machine,0.17072920501232147,hen,0.15093789994716644,cow,0.15087920427322388
5-198411-C-20.wav,crying_baby,crying_baby,True,0.5518152713775635,0.2918074131011963,0.2600078582763672,crying_baby,cat,cow,0.2420753836631775,hen,0.20805595815181732,dog,0.2061813473701477,sheep,0.20299255847930908,brushing_teeth,0.19563817977905273,vacuum_cleaner,0.18760043382644653,rooster,0.187085822224617,door_wood_knock,0.14988291263580322
5-198411-D-20.wav,crying_baby,crying_baby,True,0.7065358757972717,0.41080379486083984,0.2957320809364319,crying_baby,cat,cow,0.3656231760978699,rooster,0.3291802704334259,crow,0.2897934019565582,laughing,0.26007720828056335,sheep,0.2543947994709015,hen,0.2531869113445282,coughing,0.23988857865333557,vacuum_cleaner,0.23381854593753815
5-198411-E-20.wav,crying_baby,crying_baby,True,0.6275482177734375,0.29733774065971375,0.33021047711372375,crying_baby,cat,cow,0.26803725957870483,hen,0.23483514785766602,sheep,0.2316451370716095,coughing,0.2194972187280655,door_wood_knock,0.20174863934516907,dog,0.19523483514785767,rooster,0.18714937567710876,breathing,0.1840975284576416
5-198411-F-20.wav,crying_baby,crying_baby,True,0.6147684454917908,0.292820543050766,0.3219479024410248,crying_baby,cat,sheep,0.2791373133659363,cow,0.2500413954257965,dog,0.21308445930480957,crow,0.20058289170265198,vacuum_cleaner,0.197608083486557,brushing_teeth,0.16871711611747742,rooster,0.16261990368366241,hen,0.14471827447414398
5-198411-G-20.wav,crying_baby,crying_baby,True,0.5643468499183655,0.28943347930908203,0.27491337060928345,crying_baby,cat,cow,0.2411714494228363,sheep,0.20344457030296326,hen,0.20225892961025238,laughing,0.18075969815254211,crow,0.1675678789615631,door_wood_creaks,0.16525724530220032,dog,0.16053852438926697,door_wood_knock,0.15978093445301056
5-198600-A-45.wav,train,train,True,0.5693302154541016,0.2381557822227478,0.33117443323135376,train,engine,airplane,0.2307901531457901,fireworks,0.1767069697380066,helicopter,0.15879486501216888,chirping_birds,0.15226168930530548,coughing,0.13969576358795166,clock_tick,0.13699761033058167,wind,0.13136796653270721,church_bells,0.12954379618167877
5-198891-A-8.wav,sheep,sheep,True,0.6049734354019165,0.4896332621574402,0.11534017324447632,sheep,cow,pig,0.3093169033527374,crow,0.27682673931121826,hen,0.2751021683216095,chirping_birds,0.27397823333740234,chainsaw,0.24216052889823914,rooster,0.19612184166908264,hand_saw,0.1926085352897644,dog,0.13696877658367157
5-198891-B-8.wav,sheep,sheep,True,0.599801778793335,0.5272775888442993,0.07252418994903564,sheep,cow,pig,0.3457775115966797,hen,0.3269137442111969,chirping_birds,0.2747543454170227,crow,0.2697138786315918,rooster,0.24208500981330872,chainsaw,0.22844994068145752,hand_saw,0.20704984664916992,dog,0.19017991423606873
5-198891-C-8.wav,sheep,sheep,True,0.6347745656967163,0.5176073312759399,0.11716723442077637,sheep,cow,hen,0.4033815562725067,pig,0.34729474782943726,crow,0.278168648481369,chirping_birds,0.22135069966316223,rooster,0.2105368971824646,hand_saw,0.20546406507492065,chainsaw,0.20264679193496704,crying_baby,0.2012351155281067
5-198891-D-8.wav,sheep,sheep,True,0.6471273899078369,0.46761617064476013,0.17951121926307678,sheep,cow,hen,0.29084333777427673,pig,0.23893949389457703,dog,0.2122700810432434,hand_saw,0.199123352766037,crying_baby,0.1783362329006195,crow,0.17726656794548035,rooster,0.16973139345645905,car_horn,0.14390641450881958
5-199284-A-45.wav,train,train,True,0.5829225182533264,0.2675342559814453,0.3153882622718811,train,coughing,washing_machine,0.2625606060028076,airplane,0.2577539086341858,breathing,0.24512505531311035,engine,0.2374904900789261,wind,0.19330909848213196,helicopter,0.18919141590595245,clock_tick,0.16414818167686462,fireworks,0.1479281485080719
5-199284-B-45.wav,train,train,True,0.5497428178787231,0.2747890055179596,0.27495381236076355,train,washing_machine,engine,0.2612766921520233,coughing,0.2247721254825592,airplane,0.22390784323215485,breathing,0.21906061470508575,helicopter,0.18159842491149902,hand_saw,0.16798043251037598,hen,0.15313720703125,brushing_teeth,0.15107007324695587
5-200329-A-8.wav,sheep,sheep,True,0.6869409084320068,0.5796430706977844,0.10729783773422241,sheep,cow,hen,0.35059645771980286,pig,0.3429553508758545,chainsaw,0.24430489540100098,crying_baby,0.24080726504325867,crow,0.24031275510787964,cat,0.23329424858093262,hand_saw,0.2281525731086731,dog,0.22196000814437866
5-200329-B-8.wav,sheep,sheep,True,0.7036680579185486,0.5645575523376465,0.1391105055809021,sheep,cow,pig,0.3346536159515381,hen,0.29387110471725464,crow,0.2899467647075653,hand_saw,0.25475865602493286,crying_baby,0.25340110063552856,cat,0.24606482684612274,dog,0.2459341585636139,chainsaw,0.23735371232032776
5-200329-C-8.wav,sheep,sheep,True,0.694968581199646,0.5516570806503296,0.1433115005493164,sheep,cow,hen,0.32461869716644287,pig,0.27077656984329224,hand_saw,0.25966930389404297,car_horn,0.22763031721115112,chainsaw,0.22511908411979675,dog,0.20172831416130066,insects,0.19989998638629913,crow,0.19950799643993378
5-200334-A-1.wav,rooster,rooster,True,0.6212316155433655,0.5364137291908264,0.08481788635253906,rooster,hen,cow,0.47843611240386963,crow,0.37815678119659424,frog,0.36041969060897827,clock_alarm,0.2902531325817108,thunderstorm,0.27813994884490967,insects,0.27187231183052063,pig,0.2631473243236542,crying_baby,0.26101213693618774
5-200334-B-1.wav,rooster,rooster,True,0.6218141913414001,0.48604193329811096,0.13577225804328918,rooster,cow,hen,0.4570477604866028,crow,0.41483578085899353,frog,0.3666515350341797,insects,0.27929574251174927,clock_alarm,0.27112486958503723,crying_baby,0.2671997547149658,thunderstorm,0.2669190764427185,sheep,0.26079225540161133
5-200339-A-1.wav,rooster,rooster,True,0.5860153436660767,0.5632229447364807,0.022792398929595947,rooster,hen,cow,0.54705810546875,frog,0.3575137257575989,crow,0.34738314151763916,pig,0.33241593837738037,sheep,0.31828731298446655,clock_alarm,0.29840752482414246,insects,0.2809033989906311,crying_baby,0.25629690289497375
5-200461-A-11.wav,sea_waves,sea_waves,True,0.4061279892921448,0.18191839754581451,0.22420959174633026,sea_waves,toilet_flush,washing_machine,0.15877103805541992,train,0.1445239931344986,thunderstorm,0.13289272785186768,pouring_water,0.12037873268127441,brushing_teeth,0.10084845870733261,wind,0.09363503009080887,crying_baby,0.09316988289356232,engine,0.0875377506017685
5-200461-B-11.wav,sea_waves,sea_waves,True,0.3985706865787506,0.26839888095855713,0.13017180562019348,sea_waves,toilet_flush,pouring_water,0.19986312091350555,washing_machine,0.17917421460151672,rain,0.14945419132709503,brushing_teeth,0.14664006233215332,clapping,0.14286860823631287,thunderstorm,0.13888466358184814,vacuum_cleaner,0.10770689696073532,crying_baby,0.1025485098361969
5-201170-A-46.wav,church_bells,church_bells,True,0.5579527616500854,0.25479960441589355,0.3031531572341919,church_bells,crying_baby,hen,0.202475905418396,cow,0.156560480594635,rain,0.14067885279655457,glass_breaking,0.12066348642110825,cat,0.11259544640779495,sneezing,0.1035572960972786,crow,0.10075955837965012,pouring_water,0.0860741063952446
5-201172-A-46.wav,church_bells,church_bells,True,0.4949799180030823,0.21620674431324005,0.2787731736898422,church_bells,crying_baby,hen,0.19334331154823303,cow,0.1773388534784317,sneezing,0.1754957139492035,coughing,0.1447773575782776,glass_breaking,0.0843573808670044,pouring_water,0.07882145047187805,sheep,0.07118996977806091,breathing,0.07049160450696945
5-201194-A-38.wav,clock_tick,clock_tick,True,0.3845195174217224,0.36861053109169006,0.01590898633003235,clock_tick,clock_alarm,hen,0.26668012142181396,engine,0.185230553150177,helicopter,0.18418720364570618,door_wood_knock,0.17894595861434937,washing_machine,0.1759389042854309,chirping_birds,0.17457206547260284,car_horn,0.16715146601200104,mouse_click,0.15603265166282654
5-201274-A-21.wav,sneezing,sneezing,True,0.3909371495246887,0.24251295626163483,0.1484241932630539,sneezing,drinking_sipping,crow,0.211955264210701,cow,0.1863921880722046,rooster,0.18347865343093872,church_bells,0.17689144611358643,dog,0.17118501663208008,cat,0.1705145388841629,snoring,0.1618472933769226,thunderstorm,0.15830497443675995
5-201664-A-18.wav,toilet_flush,toilet_flush,True,0.4989936947822571,0.3838421106338501,0.11515158414840698,toilet_flush,brushing_teeth,washing_machine,0.2604164481163025,cow,0.2397725135087967,hand_saw,0.22191670536994934,pouring_water,0.21734613180160522,rooster,0.19525402784347534,pig,0.15551972389221191,thunderstorm,0.1374933272600174,sheep,0.12175766378641129
5-202020-A-18.wav,toilet_flush,toilet_flush,True,0.46839773654937744,0.22816435992717743,0.2402333766222,toilet_flush,pouring_water,brushing_teeth,0.22057993710041046,washing_machine,0.2053384780883789,cow,0.1411067247390747,rooster,0.1379232108592987,sheep,0.11574484407901764,hand_saw,0.10112297534942627,door_wood_knock,0.10084517300128937,helicopter,0.08985330164432526
5-202220-A-21.wav,sneezing,sneezing,True,0.5973526239395142,0.4365817904472351,0.16077083349227905,sneezing,coughing,laughing,0.43008092045783997,crying_baby,0.3522256016731262,dog,0.34826791286468506,hen,0.31769078969955444,breathing,0.28520387411117554,cow,0.2548319399356842,cat,0.24734902381896973,sheep,0.20564238727092743
5-202540-A-18.wav,toilet_flush,toilet_flush,True,0.45456451177597046,0.3058660626411438,0.14869844913482666,toilet_flush,brushing_teeth,pouring_water,0.2086978703737259,washing_machine,0.173521488904953,cow,0.16983240842819214,hand_saw,0.12246114015579224,pig,0.09970232844352722,drinking_sipping,0.0955287367105484,sheep,0.08276068419218063,hen,0.07768355309963226
5-202795-A-3.wav,cow,cow,True,0.6092202663421631,0.45350146293640137,0.15571880340576172,cow,rooster,pig,0.40666645765304565,sheep,0.40435701608657837,hen,0.3004243075847626,dog,0.29979005455970764,crow,0.26165419816970825,snoring,0.24581456184387207,chainsaw,0.21563951671123505,crying_baby,0.2066846787929535
5-202898-A-10.wav,rain,rain,True,0.34768199920654297,0.2949679493904114,0.05271404981613159,rain,pouring_water,water_drops,0.23523613810539246,crackling_fire,0.23394957184791565,engine,0.18570923805236816,footsteps,0.13718105852603912,thunderstorm,0.13623186945915222,dog,0.12057439982891083,brushing_teeth,0.11562943458557129,washing_machine,0.11040269583463669
5-203128-A-0.wav,dog,dog,True,0.5416808128356934,0.32915711402893066,0.2125236988067627,dog,rooster,hen,0.18451490998268127,chirping_birds,0.18340089917182922,door_wood_knock,0.17209728062152863,cow,0.16967356204986572,cat,0.15333539247512817,frog,0.14738473296165466,fireworks,0.14688144624233246,crackling_fire,0.11356029659509659
5-203128-B-0.wav,dog,dog,True,0.5674105882644653,0.32577863335609436,0.24163195490837097,dog,hen,rooster,0.309282124042511,chirping_birds,0.23872260749340057,cow,0.214254692196846,fireworks,0.18992123007774353,laughing,0.1709705889225006,door_wood_knock,0.16951154172420502,car_horn,0.1649762988090515,clock_alarm,0.15866661071777344
5-203739-A-10.wav,rain,rain,True,0.391339510679245,0.27062997221946716,0.12070953845977783,rain,washing_machine,engine,0.2620340883731842,clock_tick,0.2525835633277893,hen,0.22331196069717407,crackling_fire,0.20513945817947388,thunderstorm,0.1759248971939087,clapping,0.1422848105430603,footsteps,0.13268578052520752,water_drops,0.1280270218849182
5-204114-A-29.wav,drinking_sipping,drinking_sipping,True,0.5107888579368591,0.35748252272605896,0.15330633521080017,drinking_sipping,pig,can_opening,0.27500471472740173,brushing_teeth,0.23298923671245575,sheep,0.2279490828514099,coughing,0.20979255437850952,cow,0.19160574674606323,dog,0.186727374792099,sneezing,0.18438966572284698,pouring_water,0.1753425896167755
5-204352-A-13.wav,crickets,crickets,True,0.6412879228591919,0.5253342986106873,0.11595362424850464,crickets,insects,frog,0.40923047065734863,cow,0.25959789752960205,crow,0.24690358340740204,chirping_birds,0.22759144008159637,helicopter,0.1843467801809311,hen,0.17814761400222778,sheep,0.1659858524799347,clock_tick,0.16232481598854065
5-204352-B-13.wav,crickets,crickets,True,0.6056209206581116,0.4962072968482971,0.10941362380981445,crickets,insects,frog,0.3818008303642273,cow,0.25040334463119507,crow,0.2361534982919693,chirping_birds,0.22671391069889069,hen,0.18649733066558838,sheep,0.17550119757652283,helicopter,0.15662196278572083,clock_tick,0.14142265915870667
5-204604-A-24.wav,coughing,coughing,True,0.5523837208747864,0.3947797417640686,0.15760397911071777,coughing,hen,rooster,0.36984121799468994,sneezing,0.35835158824920654,breathing,0.3188531994819641,pig,0.27824172377586365,cow,0.278236985206604,crying_baby,0.2767504155635834,clock_tick,0.276611864566803,frog,0.2717422544956207
5-204741-A-46.wav,church_bells,church_bells,True,0.5456836223602295,0.3312845230102539,0.21439909934997559,church_bells,chirping_birds,cow,0.30689963698387146,crow,0.2667974829673767,sheep,0.18249574303627014,clock_alarm,0.1640387922525406,pig,0.1563977599143982,hen,0.13915586471557617,train,0.13316935300827026,insects,0.12086686491966248
5-205090-A-32.wav,keyboard_typing,keyboard_typing,True,0.5178629159927368,0.46944504976272583,0.048417866230010986,keyboard_typing,mouse_click,water_drops,0.3613680303096771,footsteps,0.26879751682281494,pouring_water,0.26208430528640747,engine,0.2612088620662689,washing_machine,0.23554456233978271,chirping_birds,0.23312866687774658,door_wood_knock,0.19288581609725952,clock_tick,0.1924777776002884
5-205589-A-17.wav,pouring_water,pouring_water,True,0.40327370166778564,0.26877161860466003,0.1345020830631256,pouring_water,brushing_teeth,water_drops,0.18214894831180573,toilet_flush,0.15872952342033386,can_opening,0.12354771047830582,drinking_sipping,0.10760222375392914,rain,0.10118385404348373,washing_machine,0.055210888385772705,glass_breaking,0.03280194103717804,cow,0.017134539783000946
5-205589-B-17.wav,pouring_water,pouring_water,True,0.4079352617263794,0.28627586364746094,0.12165939807891846,pouring_water,brushing_teeth,toilet_flush,0.2689494490623474,water_drops,0.2164217233657837,can_opening,0.16168569028377533,rain,0.13835030794143677,drinking_sipping,0.1318824291229248,glass_breaking,0.08835703134536743,washing_machine,0.05890902504324913,cow,0.04588275030255318
5-205898-A-40.wav,helicopter,helicopter,True,0.48788174986839294,0.46139511466026306,0.026486635208129883,helicopter,airplane,engine,0.4356839060783386,vacuum_cleaner,0.38246768712997437,washing_machine,0.37092411518096924,train,0.2163967788219452,hand_saw,0.1598798632621765,wind,0.1597217321395874,dog,0.13766726851463318,keyboard_typing,0.10938723385334015
5-207681-A-24.wav,coughing,coughing,True,0.5457390546798706,0.46335530281066895,0.08238375186920166,coughing,sneezing,hen,0.30233699083328247,laughing,0.24327266216278076,breathing,0.2145589292049408,drinking_sipping,0.20579425990581512,pig,0.1932501494884491,crying_baby,0.18501552939414978,cow,0.18246273696422577,train,0.15318453311920166
5-207781-A-17.wav,pouring_water,pouring_water,True,0.519883930683136,0.28241047263145447,0.23747345805168152,pouring_water,water_drops,brushing_teeth,0.26090702414512634,can_opening,0.17585492134094238,drinking_sipping,0.1645766794681549,washing_machine,0.13216780126094818,rain,0.10093782097101212,dog,0.08840194344520569,cow,0.07560699433088303,sheep,0.05843192711472511
5-207811-A-35.wav,washing_machine,washing_machine,True,0.4952946901321411,0.4072267711162567,0.0880679190158844,washing_machine,engine,vacuum_cleaner,0.3975565433502197,toilet_flush,0.32733380794525146,hand_saw,0.321243017911911,airplane,0.27551716566085815,brushing_teeth,0.27170783281326294,helicopter,0.2564232051372528,chainsaw,0.19061605632305145,pouring_water,0.17392529547214508
5-207811-B-35.wav,washing_machine,washing_machine,True,0.4284406900405884,0.3994206190109253,0.029020071029663086,washing_machine,engine,vacuum_cleaner,0.3740933835506439,airplane,0.33732420206069946,helicopter,0.2719249129295349,brushing_teeth,0.1744215190410614,dog,0.15564312040805817,hand_saw,0.15490224957466125,wind,0.10127171128988266,toilet_flush,0.09357256442308426
5-207836-A-29.wav,drinking_sipping,drinking_sipping,True,0.3754456639289856,0.3163204789161682,0.05912518501281738,drinking_sipping,brushing_teeth,pig,0.20886686444282532,washing_machine,0.19205594062805176,dog,0.1859467625617981,sheep,0.16561731696128845,cat,0.13435125350952148,can_opening,0.12546402215957642,cow,0.1253044456243515,sneezing,0.12280511856079102
5-207836-B-29.wav,drinking_sipping,brushing_teeth,False,0.42019006609916687,0.4154368042945862,0.0047532618045806885,brushing_teeth,drinking_sipping,pouring_water,0.3211975693702698,washing_machine,0.31342536211013794,water_drops,0.23491248488426208,can_opening,0.20711536705493927,hand_saw,0.14386563003063202,pig,0.13106267154216766,snoring,0.11651386320590973,toilet_flush,0.10813115537166595
5-207836-C-29.wav,drinking_sipping,drinking_sipping,True,0.5471107959747314,0.38338521122932434,0.1637255847454071,drinking_sipping,brushing_teeth,pouring_water,0.3639739751815796,can_opening,0.28016918897628784,snoring,0.23759105801582336,breathing,0.1970539093017578,sneezing,0.18858522176742554,pig,0.18562617897987366,coughing,0.16936272382736206,washing_machine,0.1671801209449768
5-207836-D-29.wav,drinking_sipping,drinking_sipping,True,0.5019069314002991,0.3875305950641632,0.11437633633613586,drinking_sipping,pouring_water,brushing_teeth,0.3241063952445984,pig,0.23648899793624878,snoring,0.2358100265264511,can_opening,0.21943114697933197,washing_machine,0.2098413109779358,breathing,0.19244074821472168,water_drops,0.14899960160255432,dog,0.14208738505840302
5-208030-A-0.wav,dog,dog,True,0.5560537576675415,0.2682584226131439,0.2877953350543976,dog,rooster,hen,0.17462065815925598,chirping_birds,0.16430453956127167,cat,0.1500135064125061,clock_alarm,0.14536063373088837,door_wood_knock,0.14104095101356506,car_horn,0.13834121823310852,sea_waves,0.13617143034934998,train,0.12167859077453613
5-208624-A-38.wav,clock_tick,clock_tick,True,0.4746473431587219,0.3928792178630829,0.08176812529563904,clock_tick,clock_alarm,rooster,0.3345385491847992,frog,0.3168729543685913,door_wood_knock,0.3023642599582672,brushing_teeth,0.29146814346313477,door_wood_creaks,0.29022637009620667,hen,0.26174700260162354,washing_machine,0.23071672022342682,clapping,0.22595050930976868
5-208761-A-24.wav,coughing,coughing,True,0.5306215286254883,0.35479211807250977,0.17582941055297852,coughing,hen,sneezing,0.3416725695133209,laughing,0.26069724559783936,cow,0.24221739172935486,breathing,0.23831869661808014,crying_baby,0.20121024549007416,brushing_teeth,0.1750759482383728,washing_machine,0.17416277527809143,drinking_sipping,0.16345486044883728
5-208810-A-11.wav,sea_waves,sea_waves,True,0.5222272872924805,0.1919727772474289,0.3302545100450516,sea_waves,rain,thunderstorm,0.16263988614082336,clapping,0.14934954047203064,chirping_birds,0.14239951968193054,train,0.13252291083335876,wind,0.1283077448606491,laughing,0.1093166247010231,airplane,0.10843071341514587,pouring_water,0.08334837853908539
5-208810-B-11.wav,sea_waves,sea_waves,True,0.504210889339447,0.11726373434066772,0.3869471549987793,sea_waves,train,wind,0.09624359756708145,rain,0.0946129858493805,pouring_water,0.09144017100334167,thunderstorm,0.0875631719827652,airplane,0.08455011993646622,helicopter,0.0758063942193985,chirping_birds,0.07442827522754669,engine,0.05731227248907089
5-209698-A-38.wav,clock_tick,clock_tick,True,0.4008931815624237,0.3636542558670044,0.03723892569541931,clock_tick,clock_alarm,hen,0.20704926550388336,brushing_teeth,0.19434435665607452,crickets,0.18437586724758148,mouse_click,0.1832514852285385,chirping_birds,0.17608624696731567,rooster,0.1695946753025055,frog,0.16641169786453247,hand_saw,0.16519872844219208
5-209719-A-24.wav,coughing,coughing,True,0.4521435797214508,0.3434820771217346,0.10866150259971619,coughing,sneezing,hen,0.320496141910553,rooster,0.311719685792923,pig,0.30286604166030884,cow,0.28408586978912354,can_opening,0.2616715729236603,clock_tick,0.25025802850723267,drinking_sipping,0.24638643860816956,breathing,0.24157731235027313
5-209833-A-38.wav,clock_tick,clock_alarm,False,0.44509002566337585,0.40782660245895386,0.037263423204422,clock_alarm,clock_tick,hen,0.28640979528427124,car_horn,0.19325247406959534,helicopter,0.17891645431518555,rooster,0.17583411931991577,engine,0.17321676015853882,church_bells,0.1496352255344391,crickets,0.1492616981267929,fireworks,0.14483974874019623
5-209989-A-22.wav,clapping,clapping,True,0.6287758350372314,0.2985301911830902,0.33024564385414124,clapping,laughing,cat,0.2685483694076538,crying_baby,0.19844064116477966,siren,0.17228129506111145,hen,0.1602427065372467,brushing_teeth,0.1378527134656906,crow,0.12092214822769165,frog,0.11130047589540482,door_wood_knock,0.10866416990756989
5-209992-A-44.wav,engine,engine,True,0.33590617775917053,0.28025972843170166,0.05564644932746887,engine,hen,dog,0.26529765129089355,washing_machine,0.20282045006752014,helicopter,0.19785279035568237,cow,0.1923278421163559,laughing,0.15916210412979126,car_horn,0.15351279079914093,clock_tick,0.15301120281219482,train,0.15249225497245789
5-209992-B-44.wav,engine,engine,True,0.5195195078849792,0.32589200139045715,0.1936275064945221,engine,airplane,helicopter,0.3143478035926819,washing_machine,0.3101955056190491,train,0.2740713953971863,vacuum_cleaner,0.19896721839904785,chainsaw,0.19785386323928833,clock_tick,0.1930641233921051,rooster,0.17912502586841583,hen,0.1738995909690857
5-210540-A-13.wav,crickets,crickets,True,0.4260917603969574,0.3753626048564911,0.05072915554046631,crickets,frog,insects,0.3153672516345978,crow,0.2144961655139923,rooster,0.16955798864364624,cow,0.14851363003253937,crying_baby,0.14586329460144043,hen,0.12830838561058044,sheep,0.12732046842575073,chirping_birds,0.09265276044607162
5-210571-A-38.wav,clock_tick,clock_tick,True,0.5419639945030212,0.3683379292488098,0.17362606525421143,clock_tick,clock_alarm,drinking_sipping,0.31426820158958435,door_wood_knock,0.2983365058898926,pig,0.29416197538375854,breathing,0.2799718379974365,hen,0.2751557528972626,washing_machine,0.2388085126876831,car_horn,0.22325244545936584,snoring,0.2046959400177002
5-210612-A-37.wav,clock_alarm,clock_alarm,True,0.5479540228843689,0.24974583089351654,0.29820819199085236,clock_alarm,hen,car_horn,0.21722880005836487,washing_machine,0.17169922590255737,cow,0.15335847437381744,sheep,0.1473989486694336,frog,0.14358404278755188,clock_tick,0.12753289937973022,door_wood_knock,0.12499824166297913,church_bells,0.1054944396018982
5-211197-A-24.wav,coughing,coughing,True,0.5271196365356445,0.3507333993911743,0.17638623714447021,coughing,sneezing,hen,0.30249693989753723,breathing,0.28258001804351807,laughing,0.2705722451210022,crying_baby,0.23726537823677063,clock_tick,0.2240171730518341,cow,0.21145731210708618,drinking_sipping,0.2033585011959076,rooster,0.19168177247047424
5-211408-A-37.wav,clock_alarm,clock_alarm,True,0.528298020362854,0.2452065646648407,0.2830914556980133,clock_alarm,hen,brushing_teeth,0.21940730512142181,chainsaw,0.2176331877708435,helicopter,0.19772109389305115,church_bells,0.17190596461296082,frog,0.17142505943775177,fireworks,0.168089359998703,pig,0.16664496064186096,car_horn,0.16306915879249573
5-212050-A-27.wav,brushing_teeth,brushing_teeth,True,0.5571702718734741,0.30160728096961975,0.25556299090385437,brushing_teeth,hand_saw,breathing,0.28741538524627686,drinking_sipping,0.26965710520744324,snoring,0.2542267441749573,dog,0.24919100105762482,pig,0.22217358648777008,rooster,0.21077995002269745,wind,0.17762881517410278,helicopter,0.17023861408233643
5-212054-A-36.wav,vacuum_cleaner,vacuum_cleaner,True,0.4968456029891968,0.32197338342666626,0.17487221956253052,vacuum_cleaner,hand_saw,chainsaw,0.2421969175338745,brushing_teeth,0.2381874918937683,washing_machine,0.18620260059833527,crying_baby,0.1830058991909027,clapping,0.17719873785972595,cat,0.161738783121109,dog,0.14736433327198029,rooster,0.1455962061882019
5-212059-A-36.wav,vacuum_cleaner,vacuum_cleaner,True,0.5093750357627869,0.36512643098831177,0.1442486047744751,vacuum_cleaner,hand_saw,brushing_teeth,0.3272876441478729,washing_machine,0.28644484281539917,chainsaw,0.23797625303268433,cat,0.15719982981681824,crying_baby,0.15593558549880981,engine,0.15087991952896118,clapping,0.1226327121257782,rain,0.11975055187940598
5-212181-A-38.wav,clock_tick,clock_tick,True,0.500627338886261,0.41320809721946716,0.08741924166679382,clock_tick,clock_alarm,hen,0.3284000754356384,rooster,0.2946931719779968,door_wood_knock,0.28863435983657837,door_wood_creaks,0.27689266204833984,chirping_birds,0.2728824317455292,cow,0.2646748423576355,frog,0.2580510377883911,washing_machine,0.2576804757118225
5-212454-A-0.wav,dog,dog,True,0.5170984268188477,0.24628782272338867,0.270810604095459,dog,rooster,hen,0.22208847105503082,cow,0.20774298906326294,sheep,0.1745639443397522,chirping_birds,0.1346224695444107,hand_saw,0.12814468145370483,chainsaw,0.11655128747224808,fireworks,0.11513510346412659,laughing,0.09873458743095398
5-212730-A-17.wav,pouring_water,pouring_water,True,0.5288474559783936,0.2902543246746063,0.23859313130378723,pouring_water,water_drops,drinking_sipping,0.2553591728210449,brushing_teeth,0.24227404594421387,washing_machine,0.19157534837722778,can_opening,0.15776629745960236,toilet_flush,0.1281941831111908,rain,0.12197700142860413,sea_waves,0.06963349878787994,glass_breaking,0.06832002103328705
5-212734-A-17.wav,pouring_water,pouring_water,True,0.4831221401691437,0.25590378046035767,0.227218359708786,pouring_water,brushing_teeth,glass_breaking,0.2494419366121292,drinking_sipping,0.21398594975471497,water_drops,0.20473413169384003,can_opening,0.16769669950008392,toilet_flush,0.15683867037296295,rain,0.14695432782173157,washing_machine,0.11912451684474945,thunderstorm,0.11030406504869461
5-212736-A-17.wav,pouring_water,pouring_water,True,0.45394963026046753,0.20713427662849426,0.24681535363197327,pouring_water,water_drops,brushing_teeth,0.2020721733570099,drinking_sipping,0.16337651014328003,toilet_flush,0.13358263671398163,can_opening,0.12922094762325287,rain,0.10392528027296066,glass_breaking,0.07825513184070587,washing_machine,0.056207671761512756,dog,0.020734181627631187
5-213077-A-11.wav,sea_waves,sea_waves,True,0.44968709349632263,0.3955889940261841,0.05409809947013855,sea_waves,wind,thunderstorm,0.33467069268226624,crackling_fire,0.2682580351829529,engine,0.2034272998571396,train,0.20335978269577026,airplane,0.1953904777765274,rain,0.18832328915596008,pouring_water,0.1478709876537323,helicopter,0.14415627717971802
5-213293-A-23.wav,breathing,breathing,True,0.5503142476081848,0.325457900762558,0.22485634684562683,breathing,laughing,coughing,0.2805320918560028,sneezing,0.27708473801612854,hen,0.22744382917881012,snoring,0.20311759412288666,pig,0.20271560549736023,dog,0.19774213433265686,drinking_sipping,0.1886141300201416,hand_saw,0.17150497436523438
5-213802-A-12.wav,crackling_fire,crackling_fire,True,0.35549095273017883,0.3110009431838989,0.04449000954627991,crackling_fire,washing_machine,wind,0.30622634291648865,vacuum_cleaner,0.28961965441703796,engine,0.2581667900085449,rain,0.2345300316810608,toilet_flush,0.23306307196617126,thunderstorm,0.21909666061401367,can_opening,0.20505183935165405,brushing_teeth,0.18734699487686157
5-213836-A-9.wav,crow,crow,True,0.5863966941833496,0.2262418568134308,0.3601548373699188,crow,cow,pig,0.21113044023513794,sheep,0.21052822470664978,church_bells,0.20661965012550354,chainsaw,0.19960643351078033,rooster,0.19840794801712036,crying_baby,0.16977274417877197,airplane,0.16297227144241333,chirping_birds,0.161930650472641
5-213836-B-9.wav,crow,crow,True,0.5965443253517151,0.25283384323120117,0.3437104821205139,crow,cow,chainsaw,0.23474152386188507,sheep,0.226597398519516,rooster,0.2252274751663208,crying_baby,0.22016029059886932,cat,0.2173730731010437,church_bells,0.21653835475444794,chirping_birds,0.2022084891796112,airplane,0.19407731294631958
5-213836-C-9.wav,crow,crow,True,0.5584427118301392,0.28143310546875,0.27700960636138916,crow,sheep,cow,0.27068793773651123,chainsaw,0.24166923761367798,crying_baby,0.21811167895793915,pig,0.21438828110694885,church_bells,0.19849175214767456,rooster,0.19836504757404327,hen,0.16852930188179016,glass_breaking,0.16055452823638916
5-213836-D-9.wav,crow,crow,True,0.6345411539077759,0.28888261318206787,0.345658540725708,crow,crying_baby,rooster,0.2816716730594635,cow,0.2805967330932617,pig,0.2623645067214966,chainsaw,0.26202690601348877,sheep,0.2437296360731125,cat,0.22445610165596008,church_bells,0.1805313527584076,glass_breaking,0.16656173765659332
5-213855-A-0.wav,dog,dog,True,0.48365452885627747,0.26599112153053284,0.21766340732574463,dog,hen,sheep,0.2181810438632965,cow,0.18977048993110657,chirping_birds,0.1471233367919922,cat,0.13422955572605133,car_horn,0.13155461847782135,rooster,0.10865793377161026,fireworks,0.10633271187543869,train,0.10570365190505981
5-214362-A-17.wav,pouring_water,pouring_water,True,0.47266101837158203,0.3927987813949585,0.07986223697662354,pouring_water,drinking_sipping,brushing_teeth,0.26592397689819336,can_opening,0.2323226034641266,water_drops,0.1529131531715393,snoring,0.0998341366648674,washing_machine,0.0874885693192482,glass_breaking,0.08290863037109375,rain,0.07786636054515839,sneezing,0.06813305616378784
5-214759-A-5.wav,cat,cat,True,0.5837019681930542,0.2542707324028015,0.3294312357902527,cat,sheep,frog,0.24683254957199097,crying_baby,0.24144917726516724,cow,0.2333870381116867,dog,0.20799866318702698,crow,0.20159578323364258,hen,0.19443479180335999,car_horn,0.14799869060516357,chirping_birds,0.1101582795381546
5-214759-B-5.wav,cat,cat,True,0.5899207592010498,0.32515189051628113,0.2647688686847687,cat,crying_baby,crow,0.2844347357749939,cow,0.2782424986362457,dog,0.2626100480556488,hen,0.25818032026290894,sheep,0.2538321614265442,frog,0.2412841022014618,rooster,0.16141049563884735,car_horn,0.1390227973461151
5-214869-A-9.wav,crow,crow,True,0.6221452951431274,0.2944430410861969,0.32770225405693054,crow,cow,chainsaw,0.24096399545669556,crying_baby,0.23926550149917603,pig,0.23894822597503662,sheep,0.23450706899166107,rooster,0.21810515224933624,cat,0.18221703171730042,hen,0.17326755821704865,church_bells,0.16837435960769653
5-215005-A-32.wav,keyboard_typing,keyboard_typing,True,0.48927995562553406,0.3291245400905609,0.16015541553497314,keyboard_typing,mouse_click,airplane,0.2530999779701233,breathing,0.20559334754943848,pouring_water,0.20055633783340454,footsteps,0.19932067394256592,helicopter,0.19256994128227234,engine,0.18632689118385315,water_drops,0.18592584133148193,wind,0.1828099638223648
5-215172-A-13.wav,crickets,insects,False,0.5613647103309631,0.5475908517837524,0.013773858547210693,insects,crickets,cow,0.37014639377593994,frog,0.28558123111724854,sheep,0.25551265478134155,water_drops,0.23406252264976501,washing_machine,0.19757509231567383,brushing_teeth,0.19631510972976685,helicopter,0.18700826168060303,crow,0.18652896583080292
5-215179-A-13.wav,crickets,crickets,True,0.5759343504905701,0.5694390535354614,0.006495296955108643,crickets,insects,wind,0.370608389377594,airplane,0.3649452030658722,helicopter,0.34833845496177673,engine,0.33700141310691833,fireworks,0.31798654794692993,train,0.315973699092865,thunderstorm,0.27196699380874634,cow,0.23419302701950073
5-215445-A-47.wav,airplane,airplane,True,0.536845326423645,0.43748998641967773,0.09935534000396729,airplane,helicopter,wind,0.3986087441444397,thunderstorm,0.3405129015445709,engine,0.25551438331604004,fireworks,0.24646860361099243,train,0.21880754828453064,dog,0.17978310585021973,crackling_fire,0.172969788312912,crow,0.15357178449630737
5-215447-A-47.wav,airplane,airplane,True,0.5257916450500488,0.3662903308868408,0.159501314163208,airplane,wind,helicopter,0.3636235296726227,thunderstorm,0.2541084587574005,train,0.22703588008880615,fireworks,0.18166811764240265,engine,0.17333553731441498,dog,0.17056050896644592,crow,0.15050020813941956,vacuum_cleaner,0.13816508650779724
5-215449-A-47.wav,airplane,airplane,True,0.5184708833694458,0.3844119906425476,0.1340588927268982,airplane,helicopter,thunderstorm,0.3486366868019104,fireworks,0.31592661142349243,wind,0.2868601381778717,crow,0.2003890722990036,train,0.19632402062416077,engine,0.17101211845874786,dog,0.16676956415176392,cow,0.1587214469909668
5-215634-A-17.wav,pouring_water,pouring_water,True,0.3786759674549103,0.3434310555458069,0.035244911909103394,pouring_water,can_opening,drinking_sipping,0.2745295763015747,brushing_teeth,0.2409668117761612,water_drops,0.17011359333992004,glass_breaking,0.11528648436069489,rain,0.11048378050327301,cow,0.09687016904354095,pig,0.09187286347150803,toilet_flush,0.0861329659819603
5-215658-A-12.wav,crackling_fire,crackling_fire,True,0.5971322059631348,0.3791158199310303,0.2180163860321045,crackling_fire,fireworks,thunderstorm,0.2618466913700104,wind,0.25318458676338196,rain,0.21738192439079285,footsteps,0.19790419936180115,water_drops,0.19235606491565704,washing_machine,0.17972785234451294,pouring_water,0.17048150300979614,keyboard_typing,0.16895951330661774
5-215658-B-12.wav,crackling_fire,crackling_fire,True,0.5617266893386841,0.3505573272705078,0.21116936206817627,crackling_fire,helicopter,airplane,0.3374348282814026,wind,0.32786819338798523,engine,0.30130821466445923,fireworks,0.29576995968818665,footsteps,0.26666581630706787,clock_tick,0.23850484192371368,keyboard_typing,0.2359139323234558,washing_machine,0.232677161693573
5-216131-A-32.wav,keyboard_typing,keyboard_typing,True,0.42481547594070435,0.3234705328941345,0.10134494304656982,keyboard_typing,mouse_click,airplane,0.22206144034862518,clapping,0.1807733178138733,helicopter,0.18065449595451355,water_drops,0.17911450564861298,rain,0.17437231540679932,chirping_birds,0.17393139004707336,pouring_water,0.15755128860473633,engine,0.14183151721954346
5-216213-A-13.wav,crickets,frog,False,0.5592228174209595,0.5282570123672485,0.030965805053710938,frog,crickets,insects,0.44828030467033386,chirping_birds,0.4237618148326874,hen,0.2856520712375641,crow,0.27011215686798096,cow,0.2647363543510437,rooster,0.25346827507019043,car_horn,0.23494869470596313,cat,0.22116030752658844
5-216214-A-13.wav,crickets,crickets,True,0.6103598475456238,0.49150413274765015,0.11885571479797363,crickets,insects,frog,0.4023764729499817,chirping_birds,0.3390231132507324,hen,0.26564711332321167,crow,0.25198066234588623,cow,0.2373962104320526,fireworks,0.23560155928134918,helicopter,0.21561409533023834,dog,0.18873463571071625
5-216216-A-13.wav,crickets,crickets,True,0.6273561716079712,0.5088480710983276,0.11850810050964355,crickets,insects,frog,0.4097953736782074,chirping_birds,0.3125317692756653,hen,0.27638909220695496,clock_tick,0.2680937647819519,cow,0.2515711188316345,helicopter,0.24486097693443298,crow,0.22099842131137848,train,0.19945107400417328
5-216368-A-28.wav,snoring,snoring,True,0.6217761635780334,0.32228946685791016,0.2994866967201233,snoring,rooster,chainsaw,0.2966427803039551,breathing,0.2944839596748352,pig,0.2535703182220459,hand_saw,0.23504413664340973,drinking_sipping,0.22446788847446442,brushing_teeth,0.2201809287071228,cow,0.19083553552627563,crow,0.18248720467090607
5-216370-A-41.wav,chainsaw,chainsaw,True,0.5965696573257446,0.3979625105857849,0.19860714673995972,chainsaw,hand_saw,vacuum_cleaner,0.18427422642707825,cow,0.17688313126564026,crying_baby,0.16196563839912415,sheep,0.1579587161540985,engine,0.14450177550315857,crow,0.13578854501247406,glass_breaking,0.09758473932743073,snoring,0.09613409638404846
5-216370-B-41.wav,chainsaw,chainsaw,True,0.5767379999160767,0.3882523477077484,0.18848565220832825,chainsaw,hand_saw,engine,0.24027615785598755,sheep,0.2162036895751953,cow,0.18158088624477386,vacuum_cleaner,0.17954514920711517,brushing_teeth,0.14179733395576477,crying_baby,0.11822797358036041,crow,0.11633363366127014,snoring,0.11237622052431107
5-217158-A-0.wav,dog,dog,True,0.5721755027770996,0.30340254306793213,0.2687729597091675,dog,rooster,cow,0.2736845314502716,chirping_birds,0.26404938101768494,train,0.25506922602653503,hen,0.24783754348754883,fireworks,0.24250859022140503,chainsaw,0.207667738199234,sheep,0.20396022498607635,crow,0.20336775481700897
5-217186-A-16.wav,wind,wind,True,0.44456666707992554,0.42273423075675964,0.021832436323165894,wind,airplane,thunderstorm,0.30258452892303467,chirping_birds,0.29254770278930664,helicopter,0.2822725772857666,train,0.2776679992675781,crow,0.26940715312957764,sea_waves,0.23968017101287842,fireworks,0.21086202561855316,engine,0.18274572491645813
5-217186-B-16.wav,wind,wind,True,0.5697182416915894,0.38875100016593933,0.18096724152565002,wind,airplane,thunderstorm,0.36070477962493896,vacuum_cleaner,0.3162597119808197,siren,0.3053509593009949,train,0.3011564612388611,chainsaw,0.29701536893844604,crow,0.27315229177474976,cat,0.2705685496330261,crying_baby,0.25834888219833374
5-217186-C-16.wav,wind,wind,True,0.5824443101882935,0.4042321443557739,0.17821216583251953,wind,airplane,thunderstorm,0.3913578689098358,train,0.3146190345287323,vacuum_cleaner,0.30776697397232056,siren,0.29979208111763,chainsaw,0.28954610228538513,helicopter,0.2751512825489044,crow,0.25921493768692017,crying_baby,0.2428634911775589
5-218196-A-27.wav,brushing_teeth,brushing_teeth,True,0.6668771505355835,0.27287811040878296,0.39399904012680054,brushing_teeth,drinking_sipping,hand_saw,0.2681850790977478,snoring,0.24876847863197327,clapping,0.19729140400886536,crying_baby,0.19036900997161865,cow,0.16659754514694214,chainsaw,0.1631416380405426,vacuum_cleaner,0.15361683070659637,cat,0.14974167943000793
5-218196-B-27.wav,brushing_teeth,brushing_teeth,True,0.7138866186141968,0.28191041946411133,0.43197619915008545,brushing_teeth,drinking_sipping,snoring,0.20622414350509644,hand_saw,0.18734371662139893,clapping,0.17299295961856842,cat,0.16438356041908264,vacuum_cleaner,0.15682367980480194,washing_machine,0.13357365131378174,crying_baby,0.13290658593177795,sneezing,0.1163928210735321
5-218494-A-22.wav,clapping,clapping,True,0.4855908453464508,0.19751888513565063,0.28807196021080017,clapping,sea_waves,cat,0.15999558568000793,siren,0.15678256750106812,rooster,0.14749759435653687,laughing,0.12763124704360962,vacuum_cleaner,0.1181512326002121,crying_baby,0.1072300374507904,door_wood_knock,0.10303269326686859,door_wood_creaks,0.08036472648382187
5-218980-A-30.wav,door_wood_knock,door_wood_knock,True,0.42946916818618774,0.19606587290763855,0.2334032952785492,door_wood_knock,door_wood_creaks,engine,0.18819797039031982,rooster,0.1782105565071106,washing_machine,0.17721641063690186,hen,0.17000313103199005,helicopter,0.135888934135437,clock_tick,0.13086804747581482,clock_alarm,0.1283993124961853,mouse_click,0.12265802919864655
5-218981-A-30.wav,door_wood_knock,door_wood_knock,True,0.45050251483917236,0.2739061117172241,0.17659640312194824,door_wood_knock,washing_machine,door_wood_creaks,0.24408937990665436,rooster,0.23287852108478546,water_drops,0.21955867111682892,fireworks,0.17300789058208466,toilet_flush,0.16560152173042297,engine,0.16268448531627655,frog,0.16033653914928436,cow,0.13776865601539612
5-219044-A-46.wav,church_bells,church_bells,True,0.6297323107719421,0.2302350252866745,0.39949728548526764,church_bells,cow,crying_baby,0.16696611046791077,clock_alarm,0.15803933143615723,crow,0.15190117061138153,chirping_birds,0.14893920719623566,train,0.10011833906173706,hen,0.08955055475234985,clock_tick,0.07952778041362762,sheep,0.07857072353363037
5-219242-A-37.wav,clock_alarm,clock_alarm,True,0.46925216913223267,0.27537769079208374,0.19387447834014893,clock_alarm,washing_machine,hen,0.275329053401947,cow,0.24547255039215088,frog,0.22191886603832245,sheep,0.1951170712709427,car_horn,0.18225285410881042,clock_tick,0.1601572334766388,crying_baby,0.12684543430805206,door_wood_knock,0.1190747544169426
5-219242-B-37.wav,clock_alarm,clock_alarm,True,0.5816860198974609,0.3120521306991577,0.2696338891983032,clock_alarm,hen,cow,0.24429497122764587,car_horn,0.24184800684452057,frog,0.23424965143203735,clock_tick,0.1833435446023941,brushing_teeth,0.18205603957176208,washing_machine,0.16346195340156555,sheep,0.1598975658416748,rooster,0.1573389172554016
5-219318-A-31.wav,mouse_click,mouse_click,True,0.3987051248550415,0.3054886758327484,0.09321644902229309,mouse_click,keyboard_typing,breathing,0.19025345146656036,engine,0.1878812164068222,wind,0.17698852717876434,water_drops,0.1767531931400299,chirping_birds,0.1745876967906952,insects,0.17017808556556702,airplane,0.16308850049972534,can_opening,0.15947569906711578
5-219342-A-38.wav,clock_tick,clock_tick,True,0.45772579312324524,0.42631208896636963,0.03141370415687561,clock_tick,clock_alarm,hen,0.2944727838039398,rooster,0.2647927403450012,pig,0.18679681420326233,cow,0.18548768758773804,breathing,0.18064333498477936,door_wood_knock,0.17287367582321167,helicopter,0.1596773862838745,frog,0.14941950142383575
5-219379-A-11.wav,sea_waves,sea_waves,True,0.5521069765090942,0.18831869959831238,0.36378827691078186,sea_waves,thunderstorm,rain,0.1456758677959442,wind,0.1436792016029358,train,0.14225324988365173,clapping,0.1299322098493576,crow,0.11251996457576752,pouring_water,0.09664533287286758,chirping_birds,0.09085200726985931,laughing,0.08763519674539566
5-219379-B-11.wav,sea_waves,sea_waves,True,0.4810067117214203,0.2282547652721405,0.2527519464492798,sea_waves,wind,thunderstorm,0.175058051943779,train,0.1667262613773346,helicopter,0.16431717574596405,pouring_water,0.16042011976242065,clapping,0.15027382969856262,rain,0.12759330868721008,airplane,0.1269443780183792,crackling_fire,0.11886431276798248
5-219379-C-11.wav,sea_waves,sea_waves,True,0.4197947382926941,0.21986298263072968,0.19993175566196442,sea_waves,wind,thunderstorm,0.20559394359588623,train,0.20529310405254364,rain,0.18486936390399933,helicopter,0.18219320476055145,clapping,0.1765964925289154,airplane,0.16252955794334412,pouring_water,0.149554044008255,crackling_fire,0.14609037339687347
5-220026-A-21.wav,sneezing,sneezing,True,0.48890426754951477,0.25094327330589294,0.23796099424362183,sneezing,crow,cat,0.22479283809661865,hen,0.2073015570640564,crying_baby,0.19869911670684814,rooster,0.19356496632099152,cow,0.1843157559633255,dog,0.1704483926296234,drinking_sipping,0.1625489592552185,car_horn,0.16122622787952423
5-220027-A-21.wav,sneezing,sneezing,True,0.49561870098114014,0.1821034997701645,0.31351520121097565,sneezing,drinking_sipping,crow,0.153424471616745,cow,0.15170128643512726,church_bells,0.1495104730129242,cat,0.1487216353416443,crying_baby,0.13478997349739075,breathing,0.13413512706756592,sea_waves,0.1227554902434349,insects,0.11268121004104614
5-220939-A-27.wav,brushing_teeth,brushing_teeth,True,0.40208399295806885,0.31524670124053955,0.0868372917175293,brushing_teeth,dog,hand_saw,0.3040126860141754,cat,0.2865350842475891,can_opening,0.24323369562625885,crow,0.23572534322738647,clapping,0.2311488389968872,washing_machine,0.22730815410614014,insects,0.22345103323459625,vacuum_cleaner,0.21217575669288635
5-220955-A-40.wav,helicopter,airplane,False,0.43474796414375305,0.4340730607509613,0.000674903392791748,airplane,helicopter,engine,0.3355445861816406,washing_machine,0.31722491979599,wind,0.2568697929382324,vacuum_cleaner,0.2499188482761383,train,0.23128502070903778,fireworks,0.21434855461120605,cow,0.19439448416233063,toilet_flush,0.1916370689868927
5-221518-A-21.wav,sneezing,sneezing,True,0.5921624898910522,0.2584044933319092,0.33375799655914307,sneezing,drinking_sipping,coughing,0.22125312685966492,church_bells,0.19385002553462982,cow,0.16795876622200012,breathing,0.16541935503482819,hen,0.16168221831321716,cat,0.12303012609481812,crying_baby,0.12291817367076874,sea_waves,0.09036452323198318
5-221528-A-39.wav,glass_breaking,glass_breaking,True,0.4051336348056793,0.25462865829467773,0.1505049765110016,glass_breaking,can_opening,pouring_water,0.17714031040668488,water_drops,0.17529262602329254,sheep,0.08524730801582336,sneezing,0.08522894978523254,crow,0.07841911166906357,mouse_click,0.0598502978682518,footsteps,0.0476384162902832,keyboard_typing,0.04194112867116928
5-221529-A-39.wav,glass_breaking,glass_breaking,True,0.264732301235199,0.2003157138824463,0.06441658735275269,glass_breaking,can_opening,pouring_water,0.15893852710723877,sheep,0.11988954246044159,cow,0.08424098789691925,water_drops,0.061260905116796494,sneezing,0.0577501617372036,crow,0.03410549461841583,toilet_flush,0.03174115717411041,chainsaw,0.026594379916787148
5-221567-A-22.wav,clapping,clapping,True,0.40790027379989624,0.130746990442276,0.27715328335762024,clapping,door_wood_creaks,laughing,0.1068868413567543,siren,0.1004972979426384,cat,0.08693375438451767,glass_breaking,0.0579947903752327,rooster,0.047282762825489044,sea_waves,0.046420853585004807,door_wood_knock,0.045061659067869186,clock_tick,0.04385261610150337
5-221568-A-22.wav,clapping,clapping,True,0.3966485857963562,0.16228103637695312,0.23436754941940308,clapping,cat,door_wood_creaks,0.1238771378993988,crying_baby,0.1053600087761879,brushing_teeth,0.0983547493815422,laughing,0.09783931076526642,crackling_fire,0.09477769583463669,clock_tick,0.050784312188625336,rooster,0.043972719460725784,siren,0.04327430576086044
5-221593-A-21.wav,sneezing,sneezing,True,0.5232244729995728,0.2750135660171509,0.24821090698242188,sneezing,can_opening,drinking_sipping,0.25658756494522095,hen,0.2473718822002411,cow,0.2296847701072693,coughing,0.21932680904865265,crow,0.20769017934799194,dog,0.19331496953964233,sheep,0.17074835300445557,car_horn,0.16866931319236755
5-221878-A-34.wav,can_opening,can_opening,True,0.49975094199180603,0.16062957048416138,0.33912137150764465,can_opening,drinking_sipping,crackling_fire,0.09629841148853302,washing_machine,0.0954573005437851,dog,0.08370088040828705,mouse_click,0.06830041110515594,pouring_water,0.0680956244468689,vacuum_cleaner,0.0626874566078186,brushing_teeth,0.060758233070373535,wind,0.05828375369310379
5-221950-A-22.wav,clapping,clapping,True,0.4282856583595276,0.2180890589952469,0.2101965993642807,clapping,laughing,hen,0.11845633387565613,fireworks,0.11133981496095657,chirping_birds,0.09738241136074066,footsteps,0.0958646833896637,cat,0.09080915153026581,dog,0.08777791261672974,helicopter,0.08323860168457031,brushing_teeth,0.07816489040851593
5-222041-A-9.wav,crow,crow,True,0.5165491104125977,0.28359201550483704,0.23295709490776062,crow,rooster,cow,0.27878591418266296,pig,0.2699905037879944,crying_baby,0.25516989827156067,sheep,0.254984974861145,hen,0.24802307784557343,dog,0.19582867622375488,cat,0.18736378848552704,chirping_birds,0.18538665771484375
5-222524-A-41.wav,chainsaw,engine,False,0.3863708972930908,0.33433783054351807,0.052033066749572754,engine,hand_saw,chainsaw,0.3165021538734436,vacuum_cleaner,0.22024723887443542,washing_machine,0.21018432080745697,sheep,0.18123939633369446,train,0.1695501059293747,crying_baby,0.1691156029701233,helicopter,0.15511468052864075,cow,0.14614394307136536
5-222894-A-32.wav,keyboard_typing,keyboard_typing,True,0.4608154594898224,0.3299996554851532,0.1308158040046692,keyboard_typing,mouse_click,airplane,0.1963074654340744,washing_machine,0.19045880436897278,pouring_water,0.17604561150074005,water_drops,0.17575711011886597,rain,0.167533278465271,insects,0.12992256879806519,chirping_birds,0.12940670549869537,engine,0.12587210536003113
5-223099-A-32.wav,keyboard_typing,keyboard_typing,True,0.4627388119697571,0.4150608479976654,0.047677963972091675,keyboard_typing,mouse_click,water_drops,0.21043992042541504,chirping_birds,0.2007124125957489,rain,0.17611008882522583,airplane,0.17191225290298462,cat,0.15566423535346985,frog,0.15145644545555115,clapping,0.1491159349679947,insects,0.14908041059970856
5-223099-B-32.wav,keyboard_typing,keyboard_typing,True,0.4423735439777374,0.38940945267677307,0.052964091300964355,keyboard_typing,mouse_click,chirping_birds,0.21030046045780182,water_drops,0.2012852430343628,airplane,0.1830652356147766,rain,0.17980994284152985,frog,0.16992199420928955,dog,0.15791472792625427,helicopter,0.15325704216957092,insects,0.1505546271800995
5-223103-A-31.wav,mouse_click,mouse_click,True,0.29630887508392334,0.29387879371643066,0.0024300813674926758,mouse_click,can_opening,crackling_fire,0.2743443250656128,water_drops,0.20668141543865204,clock_tick,0.17933869361877441,engine,0.16716566681861877,rain,0.16246506571769714,keyboard_typing,0.15186864137649536,dog,0.14941810071468353,clapping,0.11631666123867035
5-223176-A-37.wav,clock_alarm,clock_alarm,True,0.6439470052719116,0.36615145206451416,0.27779555320739746,clock_alarm,car_horn,frog,0.32631540298461914,hen,0.3002849519252777,cow,0.2936420440673828,pig,0.25231969356536865,church_bells,0.22195425629615784,clock_tick,0.21744443476200104,rooster,0.21182513236999512,sheep,0.20355966687202454
5-223317-A-31.wav,mouse_click,mouse_click,True,0.5096718072891235,0.3514802157878876,0.15819159150123596,mouse_click,keyboard_typing,water_drops,0.3436001241207123,clock_tick,0.3343769311904907,chirping_birds,0.2787321209907532,clapping,0.2541770040988922,insects,0.23944135010242462,crickets,0.23786650598049164,can_opening,0.21814779937267303,rain,0.207830011844635
5-223810-A-35.wav,washing_machine,washing_machine,True,0.4891950488090515,0.24107597768306732,0.2481190711259842,washing_machine,toilet_flush,brushing_teeth,0.24056348204612732,pouring_water,0.22416268289089203,engine,0.162721186876297,vacuum_cleaner,0.14279022812843323,hand_saw,0.1365102231502533,water_drops,0.11416589468717575,rain,0.11096653342247009,chirping_birds,0.04775701090693474
5-231551-A-36.wav,vacuum_cleaner,vacuum_cleaner,True,0.4907556176185608,0.3501107692718506,0.1406448483467102,vacuum_cleaner,washing_machine,hand_saw,0.24088221788406372,engine,0.17879945039749146,brushing_teeth,0.14340117573738098,airplane,0.12343478947877884,chainsaw,0.1165151447057724,cat,0.10392886400222778,rain,0.08501791208982468,pouring_water,0.08330297470092773
5-231762-A-0.wav,dog,dog,True,0.548556387424469,0.33090561628341675,0.21765077114105225,dog,rooster,cow,0.28456544876098633,hen,0.2590186595916748,crow,0.24409610033035278,door_wood_knock,0.18805614113807678,chirping_birds,0.1681581288576126,sheep,0.15679481625556946,cat,0.15245765447616577,car_horn,0.14841854572296143
5-232272-A-44.wav,engine,engine,True,0.4674240052700043,0.448285311460495,0.019138693809509277,engine,washing_machine,helicopter,0.3664780855178833,airplane,0.27708470821380615,vacuum_cleaner,0.2496509999036789,chainsaw,0.19996298849582672,hand_saw,0.19489195942878723,hen,0.18292999267578125,laughing,0.1576913595199585,train,0.15150779485702515
5-232802-A-31.wav,mouse_click,mouse_click,True,0.35847118496894836,0.31344807147979736,0.045023113489151,mouse_click,brushing_teeth,washing_machine,0.2920205295085907,keyboard_typing,0.2902604043483734,clapping,0.19435596466064453,dog,0.19188052415847778,vacuum_cleaner,0.182062566280365,can_opening,0.17683571577072144,clock_tick,0.1660962551832199,water_drops,0.1640368551015854
5-232816-A-23.wav,breathing,breathing,True,0.367775022983551,0.30587801337242126,0.06189700961112976,breathing,wind,snoring,0.28472742438316345,drinking_sipping,0.2177926003932953,train,0.18992817401885986,helicopter,0.18498051166534424,hand_saw,0.18151387572288513,airplane,0.17772939801216125,engine,0.15449164807796478,washing_machine,0.14695391058921814
5-233019-A-31.wav,mouse_click,mouse_click,True,0.3616254925727844,0.29299747943878174,0.06862801313400269,mouse_click,keyboard_typing,washing_machine,0.25573110580444336,breathing,0.2268206626176834,drinking_sipping,0.22645626962184906,water_drops,0.22633597254753113,crackling_fire,0.18055394291877747,clock_tick,0.17940065264701843,door_wood_creaks,0.17915385961532593,wind,0.17551879584789276
5-233160-A-1.wav,rooster,rooster,True,0.5778729319572449,0.46698886156082153,0.11088407039642334,rooster,hen,cow,0.4307436943054199,crow,0.41711950302124023,frog,0.32486510276794434,siren,0.28645288944244385,clock_alarm,0.26681944727897644,thunderstorm,0.2579653561115265,crying_baby,0.25142624974250793,sheep,0.24731995165348053
5-233260-A-23.wav,breathing,breathing,True,0.5914131999015808,0.4486909806728363,0.1427222192287445,breathing,snoring,drinking_sipping,0.32006463408470154,wind,0.2910022437572479,helicopter,0.24034757912158966,dog,0.23884707689285278,hand_saw,0.22944945096969604,brushing_teeth,0.21831125020980835,airplane,0.213205948472023,coughing,0.2098650485277176
5-233312-A-28.wav,snoring,snoring,True,0.5639176964759827,0.33752310276031494,0.22639459371566772,snoring,chainsaw,cow,0.22930586338043213,rooster,0.22432991862297058,hand_saw,0.21585839986801147,brushing_teeth,0.209995836019516,drinking_sipping,0.191725492477417,cat,0.1732768565416336,pig,0.16753998398780823,sheep,0.158098042011261
5-233605-A-39.wav,glass_breaking,glass_breaking,True,0.4164411723613739,0.27751684188842773,0.13892433047294617,glass_breaking,can_opening,crow,0.16167452931404114,cat,0.1598193645477295,crackling_fire,0.15760228037834167,water_drops,0.1365382969379425,sneezing,0.12618094682693481,pouring_water,0.12301746755838394,sea_waves,0.11513018608093262,mouse_click,0.11262314766645432
5-233607-A-39.wav,glass_breaking,glass_breaking,True,0.4638292193412781,0.19307678937911987,0.2707524299621582,glass_breaking,can_opening,pouring_water,0.16128703951835632,water_drops,0.15492616593837738,sea_waves,0.11857900768518448,keyboard_typing,0.0931301936507225,cat,0.08137787878513336,dog,0.0801689475774765,crow,0.07480381429195404,mouse_click,0.07396071404218674
5-233645-A-37.wav,clock_alarm,clock_alarm,True,0.6356533765792847,0.3667144179344177,0.26893895864486694,clock_alarm,hen,car_horn,0.27571165561676025,clock_tick,0.2425820231437683,cow,0.240006685256958,frog,0.21342408657073975,rooster,0.19243624806404114,pig,0.16346900165081024,washing_machine,0.16327376663684845,church_bells,0.15357279777526855
5-233787-A-7.wav,insects,can_opening,False,0.29714012145996094,0.22062353789806366,0.07651658356189728,can_opening,brushing_teeth,hand_saw,0.2139357626438141,cow,0.20685027539730072,drinking_sipping,0.16576696932315826,car_horn,0.16550174355506897,chainsaw,0.15298201143741608,frog,0.15191075205802917,sheep,0.12781718373298645,crying_baby,0.12336286902427673
5-234145-A-28.wav,snoring,snoring,True,0.6098641157150269,0.3180612325668335,0.29180288314819336,snoring,dog,pig,0.25746041536331177,drinking_sipping,0.25558364391326904,cat,0.25153589248657227,breathing,0.23536616563796997,rooster,0.23182715475559235,brushing_teeth,0.22215911746025085,cow,0.20558668673038483,airplane,0.1947798728942871
5-234247-A-37.wav,clock_alarm,clock_alarm,True,0.6184325218200684,0.30150458216667175,0.3169279396533966,clock_alarm,hen,cow,0.2735576629638672,clock_tick,0.2721002697944641,car_horn,0.2380976676940918,frog,0.2359858602285385,rooster,0.22829589247703552,pig,0.21523654460906982,sheep,0.19833990931510925,door_wood_knock,0.18826401233673096
5-234263-A-25.wav,footsteps,door_wood_knock,False,0.5160670280456543,0.2726125717163086,0.2434544563293457,door_wood_knock,door_wood_creaks,rooster,0.2615119516849518,clock_tick,0.1724722981452942,footsteps,0.1713133156299591,clock_alarm,0.1604842096567154,washing_machine,0.1601945161819458,dog,0.1564864218235016,cow,0.1545926034450531,hen,0.14823096990585327
5-234335-A-23.wav,breathing,breathing,True,0.5164521932601929,0.3789592385292053,0.13749295473098755,breathing,sneezing,laughing,0.3677677512168884,coughing,0.28907421231269836,dog,0.23102086782455444,drinking_sipping,0.20974010229110718,hen,0.20121784508228302,cow,0.18289338052272797,crying_baby,0.1718420386314392,helicopter,0.15301233530044556
5-234855-A-25.wav,footsteps,dog,False,0.15608103573322296,0.1325974464416504,0.02348358929157257,dog,cow,hand_saw,0.12592995166778564,washing_machine,0.1227748915553093,hen,0.11856971681118011,sea_waves,0.10812223702669144,helicopter,0.10621865093708038,footsteps,0.09249379485845566,rooster,0.07853418588638306,vacuum_cleaner,0.07760410010814667
5-234879-A-1.wav,rooster,hen,False,0.5363306403160095,0.4740374982357025,0.06229314208030701,hen,cow,rooster,0.45681244134902954,sheep,0.32777220010757446,crow,0.28982269763946533,pig,0.2715792655944824,crying_baby,0.20697778463363647,dog,0.2055296152830124,frog,0.20205846428871155,chirping_birds,0.1941136121749878
5-234879-B-1.wav,rooster,hen,False,0.5449117422103882,0.49942848086357117,0.04548326134681702,hen,rooster,cow,0.4746587574481964,sheep,0.30855870246887207,crow,0.28467267751693726,pig,0.2783952057361603,frog,0.24614298343658447,clock_alarm,0.2296111136674881,dog,0.21576657891273499,crying_baby,0.20592324435710907
5-234923-A-32.wav,keyboard_typing,keyboard_typing,True,0.4757910370826721,0.3453463912010193,0.13044464588165283,keyboard_typing,mouse_click,crackling_fire,0.2108406126499176,washing_machine,0.20707151293754578,helicopter,0.1955728828907013,dog,0.18233731389045715,pouring_water,0.17713232338428497,water_drops,0.17090249061584473,airplane,0.16828832030296326,rain,0.16804096102714539
5-235507-A-44.wav,engine,engine,True,0.389638751745224,0.29294973611831665,0.09668901562690735,engine,hen,washing_machine,0.27007782459259033,laughing,0.2301417738199234,crying_baby,0.2268127202987671,cow,0.21616846323013306,toilet_flush,0.2045847475528717,car_horn,0.20143884420394897,chainsaw,0.20105038583278656,vacuum_cleaner,0.1900743693113327
5-235593-A-23.wav,breathing,breathing,True,0.4593100845813751,0.26802390813827515,0.19128617644309998,breathing,sneezing,brushing_teeth,0.24490028619766235,laughing,0.24406979978084564,crying_baby,0.24271999299526215,drinking_sipping,0.21418453752994537,coughing,0.18510326743125916,snoring,0.18429845571517944,washing_machine,0.17804698646068573,cow,0.1650870442390442
5-235644-A-30.wav,door_wood_knock,door_wood_knock,True,0.655073881149292,0.47604602575302124,0.17902785539627075,door_wood_knock,door_wood_creaks,rooster,0.3597915768623352,frog,0.3246704936027527,clock_tick,0.3061838150024414,water_drops,0.2614801228046417,washing_machine,0.23938746750354767,hen,0.22265109419822693,engine,0.2090034931898117,chirping_birds,0.20578260719776154
5-235671-A-38.wav,clock_tick,clock_tick,True,0.3867015242576599,0.2716744542121887,0.11502707004547119,clock_tick,clock_alarm,cow,0.20344659686088562,washing_machine,0.201096773147583,hen,0.19651779532432556,breathing,0.18226920068264008,fireworks,0.178154855966568,door_wood_knock,0.16839367151260376,water_drops,0.14068028330802917,sheep,0.13428862392902374
5-235874-A-28.wav,snoring,snoring,True,0.4933038651943207,0.3336789011955261,0.15962496399879456,snoring,dog,breathing,0.2857644855976105,cat,0.26900577545166016,drinking_sipping,0.26755547523498535,cow,0.21584758162498474,rooster,0.21383357048034668,vacuum_cleaner,0.201928049325943,sneezing,0.19647765159606934,chainsaw,0.16305887699127197
5-235893-A-28.wav,snoring,snoring,True,0.4413384795188904,0.4099283218383789,0.031410157680511475,snoring,breathing,dog,0.34999072551727295,drinking_sipping,0.2990418076515198,cow,0.2757176160812378,pig,0.2474198341369629,cat,0.22285175323486328,rooster,0.22089898586273193,brushing_teeth,0.20606127381324768,sneezing,0.17819121479988098
5-235956-A-47.wav,airplane,airplane,True,0.5713481307029724,0.38185155391693115,0.18949657678604126,airplane,helicopter,thunderstorm,0.35084623098373413,wind,0.3476759195327759,train,0.29201585054397583,engine,0.22935667634010315,fireworks,0.22334222495555878,crackling_fire,0.1749633550643921,dog,0.17407968640327454,crow,0.1541512906551361
5-236288-A-28.wav,snoring,snoring,True,0.5665205717086792,0.3997250497341156,0.1667955219745636,snoring,breathing,chainsaw,0.35895276069641113,cow,0.3019561767578125,rooster,0.2571966350078583,drinking_sipping,0.24946430325508118,hand_saw,0.24412889778614044,crow,0.23328837752342224,wind,0.22285975515842438,pig,0.2144276201725006
5-236299-A-34.wav,can_opening,can_opening,True,0.3693869709968567,0.17989817261695862,0.18948879837989807,can_opening,crackling_fire,clapping,0.14193469285964966,cat,0.12779107689857483,vacuum_cleaner,0.09573274850845337,dog,0.08201190829277039,mouse_click,0.07677051424980164,brushing_teeth,0.07357575744390488,glass_breaking,0.07140778005123138,rain,0.06953662633895874
5-237315-A-31.wav,mouse_click,mouse_click,True,0.36605703830718994,0.30368560552597046,0.06237143278121948,mouse_click,water_drops,rain,0.28954505920410156,clock_tick,0.24816040694713593,keyboard_typing,0.2477852702140808,crackling_fire,0.23575302958488464,insects,0.21783451735973358,door_wood_creaks,0.1808793842792511,crickets,0.1697268933057785,snoring,0.16763612627983093
5-237499-A-4.wav,frog,frog,True,0.5485305190086365,0.3395642638206482,0.20896625518798828,frog,pig,hen,0.31138768792152405,cat,0.3063778877258301,cow,0.27232563495635986,crickets,0.23456546664237976,door_wood_creaks,0.2335244119167328,crying_baby,0.23255309462547302,sheep,0.22579117119312286,rooster,0.20615695416927338
5-237795-A-34.wav,can_opening,can_opening,True,0.6440238952636719,0.22859522700309753,0.41542866826057434,can_opening,drinking_sipping,brushing_teeth,0.1616022139787674,sneezing,0.1529373824596405,breathing,0.12607687711715698,crackling_fire,0.11160216480493546,pig,0.07435816526412964,coughing,0.07233725488185883,vacuum_cleaner,0.06908585131168365,dog,0.06727888435125351
5-238021-A-35.wav,washing_machine,washing_machine,True,0.40661394596099854,0.3627580404281616,0.043855905532836914,washing_machine,vacuum_cleaner,airplane,0.32290732860565186,engine,0.29892677068710327,helicopter,0.2825184762477875,wind,0.2293156385421753,toilet_flush,0.2190496027469635,brushing_teeth,0.21251434087753296,dog,0.1889638453722,crackling_fire,0.15338146686553955
5-238492-A-23.wav,breathing,breathing,True,0.41433095932006836,0.275298535823822,0.13903242349624634,breathing,clock_tick,rooster,0.274166464805603,washing_machine,0.24449944496154785,drinking_sipping,0.2307545691728592,pig,0.22984695434570312,door_wood_knock,0.22532273828983307,dog,0.22238808870315552,fireworks,0.22024430334568024,coughing,0.2153506577014923
5-238926-A-31.wav,mouse_click,mouse_click,True,0.5074037313461304,0.3627117872238159,0.14469194412231445,mouse_click,keyboard_typing,water_drops,0.33632567524909973,clock_tick,0.3312760889530182,chirping_birds,0.2888316512107849,airplane,0.2510620355606079,engine,0.2387278527021408,rain,0.23734614253044128,crickets,0.23279298841953278,insects,0.21874815225601196
5-238938-A-27.wav,brushing_teeth,brushing_teeth,True,0.5843257904052734,0.25229811668395996,0.3320276737213135,brushing_teeth,hand_saw,drinking_sipping,0.2403593361377716,clapping,0.2231314331293106,snoring,0.20803573727607727,washing_machine,0.1856054961681366,dog,0.18443220853805542,breathing,0.18067628145217896,wind,0.18001173436641693,cat,0.17619507014751434
5-240671-A-44.wav,engine,engine,True,0.46063801646232605,0.2701822519302368,0.19045576453208923,engine,helicopter,airplane,0.2600051164627075,washing_machine,0.24853254854679108,dog,0.19630354642868042,rooster,0.1687728464603424,chainsaw,0.1624554991722107,hand_saw,0.1388007402420044,pig,0.13345181941986084,insects,0.11794224381446838
5-241846-A-15.wav,water_drops,water_drops,True,0.34585651755332947,0.2805835008621216,0.06527301669120789,water_drops,pouring_water,sea_waves,0.1480579674243927,toilet_flush,0.13151611387729645,brushing_teeth,0.11309182643890381,can_opening,0.10459597408771515,washing_machine,0.09826010465621948,cat,0.08058701455593109,crying_baby,0.06429599225521088,glass_breaking,0.04930069297552109
5-242490-A-14.wav,chirping_birds,chirping_birds,True,0.6095470190048218,0.3093714714050293,0.3001755475997925,chirping_birds,airplane,train,0.2959933876991272,crow,0.27200859785079956,hen,0.25190460681915283,rooster,0.24095457792282104,helicopter,0.2393963485956192,insects,0.23646792769432068,wind,0.22979669272899628,frog,0.22282256186008453
5-242491-A-14.wav,chirping_birds,chirping_birds,True,0.5950706005096436,0.27879810333251953,0.316272497177124,chirping_birds,airplane,crow,0.2572385370731354,helicopter,0.2292436957359314,train,0.22449365258216858,hen,0.22090083360671997,insects,0.20816147327423096,frog,0.20524394512176514,rooster,0.18768110871315002,cow,0.17641732096672058
5-242492-A-3.wav,cow,cow,True,0.6552427411079407,0.5380706191062927,0.11717212200164795,cow,sheep,rooster,0.4697445034980774,pig,0.44610780477523804,hen,0.31162115931510925,dog,0.2821163237094879,crow,0.26440009474754333,frog,0.2500816583633423,snoring,0.22829511761665344,crying_baby,0.22226595878601074
5-242711-A-9.wav,crow,crow,True,0.6061516404151917,0.3603605628013611,0.24579107761383057,crow,chirping_birds,cat,0.3170919716358185,insects,0.28031617403030396,cow,0.27708059549331665,airplane,0.26596856117248535,church_bells,0.24594855308532715,crying_baby,0.23673149943351746,crickets,0.22569406032562256,dog,0.21501752734184265
5-242932-A-26.wav,laughing,laughing,True,0.4319303035736084,0.36202186346054077,0.06990844011306763,laughing,crying_baby,hen,0.31259796023368835,clock_alarm,0.2515717148780823,coughing,0.208296000957489,cow,0.20350231230258942,brushing_teeth,0.20330041646957397,cat,0.1965104639530182,door_wood_knock,0.195984348654747,rooster,0.19243621826171875
5-242932-B-26.wav,laughing,laughing,True,0.43661928176879883,0.39829766750335693,0.038321614265441895,laughing,crying_baby,hen,0.30023083090782166,coughing,0.2504194378852844,cat,0.22005906701087952,clock_alarm,0.1995299607515335,brushing_teeth,0.16585010290145874,cow,0.1624906063079834,rooster,0.15327975153923035,sneezing,0.1524769514799118
5-243025-A-25.wav,footsteps,footsteps,True,0.4368061423301697,0.3076716661453247,0.12913447618484497,footsteps,hen,helicopter,0.24505233764648438,dog,0.22666481137275696,cow,0.21928876638412476,sheep,0.19461551308631897,airplane,0.19252558052539825,pig,0.19029611349105835,train,0.14250701665878296,crow,0.1332394778728485
5-243036-A-29.wav,drinking_sipping,drinking_sipping,True,0.5050594806671143,0.36145246028900146,0.1436070203781128,drinking_sipping,pouring_water,pig,0.2985546886920929,snoring,0.24508310854434967,brushing_teeth,0.21923905611038208,cat,0.21442055702209473,coughing,0.20677119493484497,cow,0.19691339135169983,can_opening,0.19361598789691925,water_drops,0.18270480632781982
5-243448-A-14.wav,chirping_birds,chirping_birds,True,0.5299798250198364,0.31385064125061035,0.21612918376922607,chirping_birds,crow,insects,0.24984122812747955,hen,0.24410757422447205,frog,0.21391502022743225,cow,0.20596495270729065,rooster,0.2055029422044754,sea_waves,0.20341449975967407,church_bells,0.19217047095298767,train,0.18052612245082855
5-243449-A-14.wav,chirping_birds,chirping_birds,True,0.43750816583633423,0.40201252698898315,0.035495638847351074,chirping_birds,frog,crickets,0.3705955743789673,insects,0.3380475640296936,hen,0.32003533840179443,clock_tick,0.290164589881897,car_horn,0.2773202061653137,dog,0.2554965317249298,toilet_flush,0.23604050278663635,washing_machine,0.21369150280952454
5-243450-A-14.wav,chirping_birds,chirping_birds,True,0.34958362579345703,0.26255330443382263,0.0870303213596344,chirping_birds,hen,crow,0.2350648045539856,frog,0.21554909646511078,dog,0.18228048086166382,cat,0.16457194089889526,insects,0.1075189858675003,crickets,0.10125841200351715,can_opening,0.0985906645655632,car_horn,0.08315785229206085
5-243459-A-14.wav,chirping_birds,chirping_birds,True,0.4546924829483032,0.2516227960586548,0.20306968688964844,chirping_birds,crow,hen,0.17744334042072296,rooster,0.14916974306106567,cat,0.12129998952150345,dog,0.11682673543691635,chainsaw,0.11636030673980713,frog,0.09957464039325714,sheep,0.08440351486206055,cow,0.07668522000312805
5-243459-B-14.wav,chirping_birds,chirping_birds,True,0.33716100454330444,0.2991691827774048,0.03799182176589966,chirping_birds,crow,rooster,0.16385361552238464,crying_baby,0.15758967399597168,chainsaw,0.1306670606136322,hen,0.1107238307595253,cat,0.10035587102174759,wind,0.08235173672437668,train,0.08219337463378906,dog,0.07483524829149246
5-243635-A-29.wav,drinking_sipping,drinking_sipping,True,0.47769707441329956,0.3544844090938568,0.12321266531944275,drinking_sipping,pouring_water,snoring,0.2788984477519989,pig,0.26878824830055237,breathing,0.265924870967865,brushing_teeth,0.24648936092853546,coughing,0.20450857281684875,washing_machine,0.18499061465263367,can_opening,0.1709042489528656,water_drops,0.16233238577842712
5-243773-A-44.wav,engine,engine,True,0.41082507371902466,0.2971230149269104,0.11370205879211426,engine,washing_machine,helicopter,0.29091793298721313,airplane,0.2537643313407898,hen,0.25253748893737793,chainsaw,0.17314939200878143,cow,0.16669370234012604,chirping_birds,0.16617299616336823,hand_saw,0.15878143906593323,dog,0.1474863588809967
5-243773-B-44.wav,engine,engine,True,0.44208669662475586,0.3092588782310486,0.13282781839370728,engine,helicopter,chainsaw,0.3001996874809265,washing_machine,0.266983300447464,hand_saw,0.2647709548473358,airplane,0.24832198023796082,cow,0.23751550912857056,hen,0.22250080108642578,vacuum_cleaner,0.1967083215713501,rooster,0.18516746163368225
5-243783-A-44.wav,engine,engine,True,0.42240193486213684,0.278994619846344,0.14340731501579285,engine,hen,washing_machine,0.26562440395355225,helicopter,0.2634825110435486,airplane,0.22382771968841553,chirping_birds,0.1690163016319275,train,0.16846925020217896,dog,0.15963366627693176,cow,0.15151788294315338,car_horn,0.14490662515163422
5-244178-A-32.wav,keyboard_typing,keyboard_typing,True,0.4125407338142395,0.3149155378341675,0.09762519598007202,keyboard_typing,mouse_click,airplane,0.178500235080719,engine,0.17487476766109467,helicopter,0.17312580347061157,chirping_birds,0.16245931386947632,washing_machine,0.15947283804416656,pouring_water,0.151382714509964,breathing,0.14749155938625336,brushing_teeth,0.13929805159568787
5-244310-A-25.wav,footsteps,footsteps,True,0.3073660731315613,0.13335521519184113,0.17401085793972015,footsteps,engine,hen,0.1311267614364624,dog,0.12986107170581818,helicopter,0.1243068277835846,cow,0.12042085081338882,pig,0.11741586774587631,water_drops,0.1132984384894371,church_bells,0.10067915916442871,sheep,0.0907958447933197
5-244315-A-6.wav,hen,hen,True,0.5790042877197266,0.3220268487930298,0.2569774389266968,hen,rooster,cow,0.3130064308643341,pig,0.27618739008903503,crow,0.21399734914302826,dog,0.19455894827842712,sheep,0.18655656278133392,crying_baby,0.15082721412181854,coughing,0.1303514540195465,chirping_birds,0.1258007138967514
5-244315-B-6.wav,hen,hen,True,0.5881744623184204,0.35130131244659424,0.23687314987182617,hen,cow,rooster,0.2940090596675873,pig,0.23360484838485718,dog,0.22410693764686584,crow,0.19266095757484436,sheep,0.1905674785375595,crying_baby,0.12795406579971313,laughing,0.11512941122055054,chirping_birds,0.1114654541015625
5-244315-C-6.wav,hen,hen,True,0.5663818120956421,0.30217039585113525,0.26421141624450684,hen,rooster,cow,0.29751622676849365,pig,0.24608010053634644,dog,0.18246066570281982,sheep,0.16936540603637695,chirping_birds,0.1584671437740326,crow,0.1509757936000824,helicopter,0.12907621264457703,crackling_fire,0.1261971890926361
5-244327-A-34.wav,can_opening,can_opening,True,0.6653979420661926,0.1222708523273468,0.5431270897388458,can_opening,drinking_sipping,vacuum_cleaner,0.11041097342967987,brushing_teeth,0.0807911604642868,crackling_fire,0.06844350695610046,sneezing,0.06144113466143608,hand_saw,0.061356209218502045,pouring_water,0.05581775680184364,breathing,0.041736580431461334,airplane,0.02404537796974182
5-244459-A-28.wav,snoring,snoring,True,0.5836586952209473,0.46203935146331787,0.1216193437576294,snoring,drinking_sipping,breathing,0.37306174635887146,cow,0.2760193943977356,pig,0.2743377685546875,brushing_teeth,0.26997441053390503,rooster,0.2228703796863556,sneezing,0.20990797877311707,chainsaw,0.2080782651901245,door_wood_creaks,0.20342861115932465
5-244526-A-26.wav,laughing,laughing,True,0.44665759801864624,0.27375903725624084,0.1728985607624054,laughing,hen,rooster,0.14150100946426392,dog,0.11405721306800842,coughing,0.10067181289196014,crying_baby,0.09949813783168793,clock_alarm,0.09932214021682739,pig,0.09150514751672745,cow,0.08868034183979034,sheep,0.08570393919944763
5-244651-A-31.wav,mouse_click,mouse_click,True,0.36622267961502075,0.2876691222190857,0.07855355739593506,mouse_click,chirping_birds,insects,0.23894080519676208,water_drops,0.23086899518966675,wind,0.23063558340072632,clock_tick,0.22211159765720367,airplane,0.2105111926794052,keyboard_typing,0.19191035628318787,crickets,0.188726007938385,rain,0.16608311235904694
5-244933-A-34.wav,can_opening,can_opening,True,0.5029313564300537,0.17538288235664368,0.32754847407341003,can_opening,crackling_fire,brushing_teeth,0.099964439868927,drinking_sipping,0.07994874566793442,vacuum_cleaner,0.07542750239372253,rain,0.05718584358692169,washing_machine,0.05299130827188492,sea_waves,0.04237997531890869,sneezing,0.03788672387599945,toilet_flush,0.036461371928453445
5-245040-A-35.wav,washing_machine,washing_machine,True,0.4410688877105713,0.27323129773139954,0.16783758997917175,washing_machine,brushing_teeth,vacuum_cleaner,0.2690433859825134,door_wood_creaks,0.22802650928497314,hand_saw,0.19556109607219696,toilet_flush,0.17759403586387634,door_wood_knock,0.16725653409957886,pouring_water,0.15469375252723694,rooster,0.11606676876544952,snoring,0.11433665454387665
5-248341-A-6.wav,hen,hen,True,0.6174509525299072,0.3620748817920685,0.25537607073783875,hen,rooster,cow,0.3276629149913788,pig,0.2639661431312561,dog,0.24855251610279083,sheep,0.21962645649909973,crow,0.2089913785457611,crying_baby,0.15655820071697235,frog,0.15402986109256744,cat,0.1534547507762909
5-248341-B-6.wav,hen,hen,True,0.6374650001525879,0.39312872290611267,0.24433627724647522,hen,cow,rooster,0.3274807929992676,pig,0.3217845559120178,sheep,0.3099820017814636,dog,0.2345517873764038,crow,0.22144466638565063,frog,0.18420088291168213,chirping_birds,0.18367618322372437,cat,0.1312081217765808
5-248341-C-6.wav,hen,hen,True,0.6692990660667419,0.3965737819671631,0.27272528409957886,hen,rooster,cow,0.3691042959690094,crow,0.34604525566101074,pig,0.34393301606178284,frog,0.3126515746116638,sheep,0.27358996868133545,chirping_birds,0.2510577440261841,dog,0.24559557437896729,insects,0.19269679486751556
5-249748-A-28.wav,snoring,snoring,True,0.48889634013175964,0.46657004952430725,0.022326290607452393,snoring,drinking_sipping,pig,0.28744712471961975,can_opening,0.283596932888031,brushing_teeth,0.2630727291107178,breathing,0.24357342720031738,cow,0.21798869967460632,sneezing,0.19014522433280945,pouring_water,0.1684182584285736,airplane,0.16399873793125153
5-249937-A-22.wav,clapping,clapping,True,0.39147353172302246,0.13491815328598022,0.25655537843704224,clapping,siren,crying_baby,0.11634877324104309,cat,0.11415400356054306,clock_tick,0.09972631931304932,laughing,0.0855826884508133,glass_breaking,0.0840798020362854,door_wood_creaks,0.07453937828540802,crackling_fire,0.06930693238973618,sea_waves,0.06677522510290146
5-250026-A-30.wav,door_wood_knock,door_wood_knock,True,0.6891518831253052,0.43765777349472046,0.2514941096305847,door_wood_knock,door_wood_creaks,clock_tick,0.3690800666809082,clock_alarm,0.29722756147384644,helicopter,0.24845294654369354,rooster,0.24680140614509583,engine,0.219498872756958,water_drops,0.2146037220954895,frog,0.21309828758239746,washing_machine,0.20417892932891846
5-250026-B-30.wav,door_wood_knock,door_wood_knock,True,0.5892408490180969,0.4516957402229309,0.13754510879516602,door_wood_knock,door_wood_creaks,rooster,0.34778928756713867,washing_machine,0.2702162265777588,helicopter,0.26039499044418335,clock_alarm,0.2301899939775467,hen,0.2265852689743042,dog,0.22617626190185547,clapping,0.21873268485069275,clock_tick,0.2154882550239563
5-250258-A-49.wav,hand_saw,hand_saw,True,0.5697235465049744,0.2058112472295761,0.36391229927539825,hand_saw,rooster,brushing_teeth,0.18580594658851624,dog,0.18214404582977295,laughing,0.14698387682437897,chainsaw,0.1450575739145279,sheep,0.1370665729045868,crow,0.1366620808839798,pig,0.1167912632226944,cow,0.11415226012468338
5-250629-A-37.wav,clock_alarm,clock_alarm,True,0.6603296995162964,0.33155274391174316,0.3287769556045532,clock_alarm,car_horn,hen,0.3112245202064514,rooster,0.27848702669143677,frog,0.26816797256469727,cow,0.2623302936553955,siren,0.2483600527048111,clock_tick,0.2482852041721344,door_wood_knock,0.21879005432128906,pig,0.21547257900238037
5-250753-A-34.wav,can_opening,washing_machine,False,0.2069684863090515,0.18233758211135864,0.02463090419769287,washing_machine,can_opening,pouring_water,0.10130113363265991,brushing_teeth,0.09739615023136139,mouse_click,0.08423268795013428,toilet_flush,0.07445324212312698,sheep,0.06655915081501007,hand_saw,0.06640484184026718,cow,0.0657535120844841,sneezing,0.052906982600688934
5-251426-A-30.wav,door_wood_knock,door_wood_knock,True,0.6231780052185059,0.40775707364082336,0.2154209315776825,door_wood_knock,door_wood_creaks,rooster,0.2806398272514343,frog,0.2638940215110779,clock_alarm,0.2549981474876404,clock_tick,0.22048567235469818,engine,0.2168445885181427,helicopter,0.19152194261550903,hen,0.17479601502418518,hand_saw,0.13804081082344055
5-251426-B-30.wav,door_wood_knock,door_wood_knock,True,0.5886896848678589,0.4112962484359741,0.17739343643188477,door_wood_knock,door_wood_creaks,rooster,0.2511128783226013,frog,0.22963227331638336,engine,0.20456621050834656,clock_alarm,0.18574902415275574,clock_tick,0.17211753129959106,washing_machine,0.16506782174110413,hen,0.1634373515844345,helicopter,0.1619156301021576
5-251489-A-24.wav,coughing,coughing,True,0.5211622714996338,0.403484582901001,0.11767768859863281,coughing,sneezing,hen,0.3728559613227844,crying_baby,0.28940263390541077,laughing,0.2722945809364319,rooster,0.25335821509361267,cow,0.22920753061771393,breathing,0.2240544855594635,pig,0.20675331354141235,crow,0.17763182520866394
5-251957-A-47.wav,airplane,airplane,True,0.496463805437088,0.3626449704170227,0.1338188350200653,airplane,train,helicopter,0.3166589140892029,thunderstorm,0.20848244428634644,wind,0.18757537007331848,engine,0.17897480726242065,vacuum_cleaner,0.16949766874313354,sea_waves,0.15713730454444885,chirping_birds,0.13877984881401062,hand_saw,0.10861747711896896
5-251962-A-47.wav,airplane,airplane,True,0.4314040243625641,0.32191580533981323,0.10948821902275085,airplane,train,vacuum_cleaner,0.21255844831466675,helicopter,0.2041652351617813,wind,0.19985094666481018,sea_waves,0.19026508927345276,thunderstorm,0.18482272326946259,engine,0.16275838017463684,hand_saw,0.12024500221014023,dog,0.08030104637145996
5-251963-A-47.wav,airplane,airplane,True,0.484253466129303,0.31016653776168823,0.17408692836761475,airplane,train,helicopter,0.30176499485969543,vacuum_cleaner,0.23164594173431396,thunderstorm,0.22365866601467133,wind,0.21732716262340546,engine,0.1935572624206543,sea_waves,0.18962462246418,hand_saw,0.16994047164916992,chirping_birds,0.12280947715044022
5-251971-A-47.wav,airplane,airplane,True,0.5392003059387207,0.39198851585388184,0.14721179008483887,airplane,helicopter,vacuum_cleaner,0.2673128545284271,train,0.2529935836791992,hand_saw,0.23672667145729065,engine,0.23618538677692413,chainsaw,0.2299346625804901,thunderstorm,0.20687052607536316,wind,0.17449218034744263,chirping_birds,0.17186573147773743
5-252248-A-34.wav,can_opening,can_opening,True,0.4092586636543274,0.2634127736091614,0.14584589004516602,can_opening,mouse_click,wind,0.22541646659374237,keyboard_typing,0.22476893663406372,crackling_fire,0.1913488507270813,water_drops,0.1909211277961731,drinking_sipping,0.1826268434524536,breathing,0.17970094084739685,insects,0.1688534915447235,cat,0.16201740503311157
5-253085-A-3.wav,cow,cow,True,0.6266281604766846,0.5221675038337708,0.10446065664291382,cow,sheep,pig,0.3805350065231323,hen,0.3578285574913025,rooster,0.33659130334854126,crow,0.25156980752944946,chainsaw,0.23499839007854462,hand_saw,0.22049202024936676,chirping_birds,0.21892723441123962,dog,0.2173588126897812
5-253085-B-3.wav,cow,cow,True,0.6402761936187744,0.5029082298278809,0.13736796379089355,cow,sheep,rooster,0.3996022939682007,pig,0.3876749873161316,hen,0.3548653721809387,crow,0.27338898181915283,dog,0.23509877920150757,chainsaw,0.224744513630867,chirping_birds,0.21318961679935455,hand_saw,0.21101395785808563
5-253094-A-49.wav,hand_saw,hand_saw,True,0.6611332297325134,0.3000127971172333,0.36112043261528015,hand_saw,chainsaw,rooster,0.2557646632194519,brushing_teeth,0.1908666044473648,sheep,0.17904332280158997,pig,0.15039120614528656,cow,0.14948758482933044,dog,0.14497756958007812,crying_baby,0.13902580738067627,vacuum_cleaner,0.12625810503959656
5-253094-B-49.wav,hand_saw,hand_saw,True,0.5774129629135132,0.23913252353668213,0.33828043937683105,hand_saw,sheep,chainsaw,0.20868712663650513,brushing_teeth,0.1912672519683838,cow,0.19026170670986176,pig,0.15708418190479279,rooster,0.13439518213272095,crow,0.13048522174358368,dog,0.0983247309923172,crying_baby,0.07765007019042969
5-253094-C-49.wav,hand_saw,hand_saw,True,0.6183179616928101,0.20999941229820251,0.40831854939460754,hand_saw,chainsaw,brushing_teeth,0.19868719577789307,rooster,0.17651903629302979,pig,0.170779749751091,sheep,0.14709317684173584,cow,0.12459226697683334,dog,0.11336486041545868,crackling_fire,0.10277417302131653,crow,0.08688044548034668
5-253094-D-49.wav,hand_saw,hand_saw,True,0.6251938939094543,0.25412535667419434,0.37106853723526,hand_saw,chainsaw,brushing_teeth,0.22568106651306152,rooster,0.19010765850543976,sheep,0.1577473282814026,pig,0.13232755661010742,dog,0.12912312150001526,cow,0.12042762339115143,crow,0.09278800338506699,washing_machine,0.0898171067237854
5-253101-A-49.wav,hand_saw,hand_saw,True,0.6603587865829468,0.2523224651813507,0.40803632140159607,hand_saw,sheep,chainsaw,0.24289430677890778,brushing_teeth,0.21532806754112244,cow,0.19069147109985352,rooster,0.18584498763084412,pig,0.16400185227394104,dog,0.15005294978618622,crow,0.133527934551239,snoring,0.0998714491724968
5-253101-B-49.wav,hand_saw,hand_saw,True,0.6377286911010742,0.22917109727859497,0.40855759382247925,hand_saw,sheep,chainsaw,0.1952170431613922,cow,0.17139998078346252,rooster,0.16935457289218903,brushing_teeth,0.15546783804893494,pig,0.13188980519771576,dog,0.10986149311065674,crow,0.09086741507053375,snoring,0.07417574524879456
5-253101-C-49.wav,hand_saw,hand_saw,True,0.6500487923622131,0.19094936549663544,0.4590994268655777,hand_saw,chainsaw,rooster,0.18185104429721832,sheep,0.1718776971101761,brushing_teeth,0.14828360080718994,pig,0.13677269220352173,vacuum_cleaner,0.13323020935058594,dog,0.1173902302980423,cow,0.1107340008020401,washing_machine,0.09966987371444702
5-253534-A-26.wav,laughing,laughing,True,0.49111422896385193,0.3505151867866516,0.14059904217720032,laughing,hen,dog,0.23222151398658752,rooster,0.20138390362262726,frog,0.1464119255542755,pig,0.12839266657829285,crying_baby,0.10350091755390167,chainsaw,0.099439337849617,clapping,0.094654381275177,coughing,0.09423288702964783
5-254160-A-22.wav,clapping,clapping,True,0.3210282325744629,0.13501685857772827,0.18601137399673462,clapping,door_wood_creaks,siren,0.06704644858837128,clock_alarm,0.06542228162288666,door_wood_knock,0.0648273229598999,rain,0.06219400465488434,rooster,0.04930228367447853,clock_tick,0.045704957097768784,cat,0.04434800148010254,brushing_teeth,0.03434549272060394
5-254832-A-15.wav,water_drops,water_drops,True,0.4540175497531891,0.23895883560180664,0.21505871415138245,water_drops,frog,rain,0.19458192586898804,washing_machine,0.18569251894950867,clock_tick,0.1855844408273697,pouring_water,0.17016175389289856,brushing_teeth,0.1551661640405655,cat,0.1346253752708435,sea_waves,0.1272081434726715,hen,0.1222771406173706
5-254832-B-15.wav,water_drops,water_drops,True,0.4245961308479309,0.2504434585571289,0.174152672290802,water_drops,frog,rain,0.21947553753852844,clock_tick,0.19329887628555298,washing_machine,0.18748441338539124,brushing_teeth,0.18683210015296936,pouring_water,0.1686556041240692,sea_waves,0.1605505645275116,cat,0.1394667625427246,door_wood_creaks,0.1374312788248062
5-256452-A-5.wav,cat,cat,True,0.5768353939056396,0.27305886149406433,0.3037765324115753,cat,crying_baby,dog,0.2449498176574707,frog,0.21120785176753998,crow,0.20436149835586548,sheep,0.20389364659786224,rooster,0.19107215106487274,siren,0.19005802273750305,vacuum_cleaner,0.17801257967948914,cow,0.16917848587036133
5-256512-A-30.wav,door_wood_knock,door_wood_knock,True,0.5882334113121033,0.3429746627807617,0.24525874853134155,door_wood_knock,door_wood_creaks,rooster,0.24968315660953522,washing_machine,0.21069997549057007,clock_alarm,0.186862975358963,engine,0.1798180341720581,hen,0.16619330644607544,dog,0.16005036234855652,frog,0.1596473753452301,water_drops,0.15320727229118347
5-257349-A-15.wav,water_drops,water_drops,True,0.39614760875701904,0.22136513888835907,0.17478246986865997,water_drops,pouring_water,frog,0.1763828694820404,can_opening,0.1375889778137207,brushing_teeth,0.1244828850030899,hen,0.09991045296192169,toilet_flush,0.061688441783189774,washing_machine,0.052901796996593475,cat,0.04863479733467102,rain,0.04140748828649521
5-257642-A-39.wav,glass_breaking,glass_breaking,True,0.4398152232170105,0.2575862407684326,0.18222898244857788,glass_breaking,sneezing,pouring_water,0.20328286290168762,cow,0.17453187704086304,church_bells,0.168197900056839,drinking_sipping,0.15958012640476227,sheep,0.145147442817688,can_opening,0.14306092262268066,water_drops,0.13627301156520844,coughing,0.12291576713323593
5-257839-A-14.wav,chirping_birds,chirping_birds,True,0.41461890935897827,0.18495583534240723,0.22966307401657104,chirping_birds,hen,crow,0.15677174925804138,airplane,0.1404559463262558,church_bells,0.11151494085788727,helicopter,0.09722194820642471,dog,0.09249666333198547,train,0.08630386739969254,cat,0.07764390856027603,engine,0.04288695007562637
5-259169-A-5.wav,cat,cat,True,0.6178200244903564,0.3218516707420349,0.29596835374832153,cat,crying_baby,dog,0.3162534832954407,frog,0.2875796854496002,rooster,0.27866798639297485,cow,0.2774111032485962,vacuum_cleaner,0.2553611993789673,crow,0.25421351194381714,sheep,0.24978074431419373,hen,0.22274503111839294
5-259180-A-15.wav,water_drops,water_drops,True,0.48860639333724976,0.3927535116672516,0.09585288166999817,water_drops,pouring_water,door_wood_knock,0.27858757972717285,frog,0.22672989964485168,washing_machine,0.2174895703792572,door_wood_creaks,0.20240269601345062,toilet_flush,0.1624806970357895,clock_tick,0.15614542365074158,can_opening,0.1239607185125351,brushing_teeth,0.12062428891658783
5-259514-A-26.wav,laughing,laughing,True,0.42672139406204224,0.28410887718200684,0.1426125168800354,laughing,coughing,dog,0.24222949147224426,sneezing,0.23190870881080627,breathing,0.1909152865409851,hen,0.18706050515174866,crying_baby,0.16749392449855804,drinking_sipping,0.14779037237167358,brushing_teeth,0.1302446722984314,pig,0.11825820803642273
5-259640-A-29.wav,drinking_sipping,drinking_sipping,True,0.5292614102363586,0.3842816650867462,0.14497974514961243,drinking_sipping,pig,snoring,0.3724297285079956,cat,0.3300238847732544,brushing_teeth,0.2865724265575409,can_opening,0.2748899459838867,sneezing,0.26767170429229736,cow,0.2674464285373688,breathing,0.2646462917327881,dog,0.23237308859825134
5-260011-A-34.wav,can_opening,can_opening,True,0.4777493476867676,0.23254533112049103,0.24520401656627655,can_opening,dog,crackling_fire,0.1973799467086792,breathing,0.1957385540008545,wind,0.17543035745620728,crow,0.14681048691272736,mouse_click,0.14566530287265778,keyboard_typing,0.13107098639011383,train,0.1294095814228058,drinking_sipping,0.11474281549453735
5-260164-A-23.wav,breathing,breathing,True,0.49389973282814026,0.29429298639297485,0.1996067464351654,breathing,wind,snoring,0.27489352226257324,coughing,0.2172897458076477,drinking_sipping,0.20799720287322998,laughing,0.19791440665721893,pig,0.19727998971939087,airplane,0.16624081134796143,thunderstorm,0.15969529747962952,crow,0.15432637929916382
5-260432-A-39.wav,glass_breaking,glass_breaking,True,0.5198356509208679,0.2007838934659958,0.31905175745487213,glass_breaking,can_opening,pouring_water,0.15592652559280396,water_drops,0.13253919780254364,dog,0.11944883316755295,crow,0.1117805540561676,keyboard_typing,0.08627654612064362,church_bells,0.07162205874919891,footsteps,0.06584224104881287,mouse_click,0.040655266493558884
5-260433-A-39.wav,glass_breaking,glass_breaking,True,0.4491358995437622,0.24822959303855896,0.20090630650520325,glass_breaking,can_opening,pouring_water,0.13431182503700256,dog,0.09994878619909286,keyboard_typing,0.08890651911497116,water_drops,0.07187831401824951,crow,0.06534796953201294,mouse_click,0.05605427920818329,church_bells,0.03511089086532593,chainsaw,0.01834883540868759
5-260434-A-39.wav,glass_breaking,glass_breaking,True,0.5299547910690308,0.2060355544090271,0.32391923666000366,glass_breaking,can_opening,crow,0.1329481303691864,pouring_water,0.1268562525510788,church_bells,0.10319261997938156,dog,0.09806682169437408,water_drops,0.06640799343585968,keyboard_typing,0.05183224007487297,chainsaw,0.025052543729543686,mouse_click,0.02429911494255066
5-260875-A-35.wav,washing_machine,engine,False,0.43823298811912537,0.4019288718700409,0.03630411624908447,engine,airplane,washing_machine,0.354028582572937,vacuum_cleaner,0.3376532793045044,helicopter,0.3283787965774536,train,0.24047143757343292,dog,0.19045807421207428,wind,0.1828954517841339,clock_tick,0.1812351495027542,coughing,0.172978937625885
5-261325-A-9.wav,crow,crow,True,0.6023725271224976,0.3165063261985779,0.2858662009239197,crow,sheep,cow,0.2919468581676483,pig,0.28133702278137207,crying_baby,0.2583583891391754,cat,0.24753868579864502,hen,0.16966433823108673,chainsaw,0.16354557871818542,rooster,0.1601458638906479,church_bells,0.1427978277206421
5-261433-A-15.wav,water_drops,water_drops,True,0.38276979327201843,0.3058580458164215,0.07691174745559692,water_drops,can_opening,pouring_water,0.29948872327804565,sea_waves,0.14249762892723083,frog,0.1355130672454834,engine,0.111735999584198,mouse_click,0.08510873466730118,rain,0.07170379161834717,airplane,0.06998387724161148,footsteps,0.058913908898830414
5-261439-A-15.wav,water_drops,water_drops,True,0.2754576802253723,0.22502323985099792,0.05043444037437439,water_drops,pouring_water,dog,0.19733548164367676,wind,0.18243438005447388,sea_waves,0.14650185406208038,can_opening,0.14044061303138733,crow,0.13160602748394012,chirping_birds,0.12325331568717957,airplane,0.10762400180101395,footsteps,0.10621622204780579
5-261464-A-23.wav,breathing,breathing,True,0.41338327527046204,0.3385292887687683,0.07485398650169373,breathing,snoring,hand_saw,0.2695167362689972,chainsaw,0.24301667511463165,vacuum_cleaner,0.23367273807525635,wind,0.22509494423866272,laughing,0.2152344137430191,drinking_sipping,0.21473640203475952,rooster,0.1985410451889038,helicopter,0.1733725368976593
5-262641-A-15.wav,water_drops,water_drops,True,0.5068025588989258,0.370100200176239,0.13670235872268677,water_drops,pouring_water,frog,0.25247257947921753,siren,0.21118934452533722,mouse_click,0.19121822714805603,toilet_flush,0.18657468259334564,rain,0.17490196228027344,chirping_birds,0.17253045737743378,cat,0.15535321831703186,vacuum_cleaner,0.15326754748821259
5-262957-A-22.wav,clapping,clapping,True,0.4571458697319031,0.2108081579208374,0.24633771181106567,clapping,crackling_fire,clock_tick,0.16760486364364624,rain,0.1566900610923767,cat,0.13148103654384613,siren,0.1280529797077179,chainsaw,0.1191815584897995,crying_baby,0.10028819739818573,airplane,0.0979803204536438,laughing,0.09311936795711517
5-263490-A-25.wav,footsteps,footsteps,True,0.3730936050415039,0.23874878883361816,0.13434481620788574,footsteps,dog,hen,0.23127833008766174,train,0.20803362131118774,airplane,0.200141042470932,helicopter,0.19681254029273987,washing_machine,0.14572519063949585,sneezing,0.12130845338106155,chirping_birds,0.11250589787960052,fireworks,0.10964606702327728
5-263491-A-25.wav,footsteps,footsteps,True,0.3583834171295166,0.2787708640098572,0.07961255311965942,footsteps,hen,helicopter,0.23547038435935974,cow,0.2081173062324524,airplane,0.1892775446176529,dog,0.182776540517807,train,0.15008705854415894,fireworks,0.14441005885601044,sneezing,0.12902146577835083,hand_saw,0.12438108026981354
5-263501-A-25.wav,footsteps,footsteps,True,0.2798401117324829,0.23428793251514435,0.04555217921733856,footsteps,helicopter,hand_saw,0.2054465264081955,fireworks,0.20465975999832153,hen,0.18658438324928284,dog,0.16342806816101074,sneezing,0.16100916266441345,airplane,0.16028639674186707,train,0.15037789940834045,cow,0.11780427396297455
5-263775-A-26.wav,laughing,laughing,True,0.5871911644935608,0.3740020990371704,0.21318906545639038,laughing,coughing,hen,0.30699658393859863,dog,0.2990773022174835,sneezing,0.2640533447265625,breathing,0.2628169059753418,pig,0.18760506808757782,crying_baby,0.18143483996391296,rooster,0.15605461597442627,cow,0.11888216435909271
5-263775-B-26.wav,laughing,laughing,True,0.5267142653465271,0.2574319839477539,0.2692822813987732,laughing,sneezing,dog,0.25639012455940247,coughing,0.16805359721183777,hen,0.16015124320983887,can_opening,0.1412414163351059,crying_baby,0.1092156395316124,breathing,0.1004086285829544,drinking_sipping,0.0661923959851265,pig,0.06034760922193527
5-263831-A-6.wav,hen,hen,True,0.5810123085975647,0.4266986846923828,0.15431362390518188,hen,rooster,cow,0.3477039337158203,chirping_birds,0.2989683747291565,crow,0.29646962881088257,pig,0.22783759236335754,sheep,0.21962356567382812,frog,0.21296635270118713,clock_alarm,0.20536795258522034,siren,0.19346033036708832
5-263831-B-6.wav,hen,hen,True,0.6293051242828369,0.39024776220321655,0.23905736207962036,hen,cow,rooster,0.37662070989608765,chirping_birds,0.28672951459884644,sheep,0.27942442893981934,pig,0.25499236583709717,crow,0.2491229772567749,crying_baby,0.214202418923378,clock_alarm,0.20012542605400085,dog,0.1996651142835617
5-263902-A-36.wav,vacuum_cleaner,vacuum_cleaner,True,0.49344515800476074,0.3658203184604645,0.12762483954429626,vacuum_cleaner,washing_machine,brushing_teeth,0.2869601845741272,engine,0.25682535767555237,hand_saw,0.23062151670455933,rain,0.19771608710289001,toilet_flush,0.19383147358894348,airplane,0.17395704984664917,pouring_water,0.1649155169725418,cat,0.15148882567882538
5-51149-A-25.wav,footsteps,door_wood_knock,False,0.325973242521286,0.22877350449562073,0.09719973802566528,door_wood_knock,door_wood_creaks,hen,0.15912646055221558,footsteps,0.1385544240474701,washing_machine,0.13682597875595093,dog,0.1138918399810791,rooster,0.0879853293299675,clock_alarm,0.05469956994056702,clock_tick,0.05091386288404465,sheep,0.016549373045563698
5-61635-A-8.wav,sheep,sheep,True,0.6691136360168457,0.5134221315383911,0.1556915044784546,sheep,cow,pig,0.3822747468948364,hen,0.2798335552215576,hand_saw,0.27562636137008667,chainsaw,0.2301402986049652,crying_baby,0.19918537139892578,rooster,0.19433516263961792,dog,0.18997767567634583,crow,0.16922013461589813
5-9032-A-0.wav,dog,dog,True,0.46762508153915405,0.41295355558395386,0.054671525955200195,dog,frog,chirping_birds,0.36456775665283203,hen,0.3551971912384033,rooster,0.3350489139556885,crow,0.32129883766174316,cat,0.3105606436729431,cow,0.22775062918663025,car_horn,0.20372192561626434,sea_waves,0.19101983308792114
